﻿<discussion><forum id="258"><properties><allow_anon>False</allow_anon><display_order>1</display_order><is_hidden>False</is_hidden><requires_approval>False</requires_approval><is_locked>False</is_locked><must_post_to_participate>False</must_post_to_participate><show_description_in_topics>False</show_description_in_topics></properties><content><title>Feelings About Math</title><description>&lt;p&gt;Many students and people who have already finished with school are unsure about their math abilities. &amp;nbsp;Sometime it helps to know that other people have the same feelings as you do. &amp;nbsp;I always felt comfortable with math until I enrolled in some upper-level college math courses. &amp;nbsp;It was very difficult for me to admit that I did not understand something about math. &amp;nbsp;But once I did admit that I did not understand and realized that I could ask questions, I was not so uncomfortable anymore. &amp;nbsp;What questions do you have about math that have not been answered before? &amp;nbsp;Or what questions on the Survey made you think about math in a new way? &amp;nbsp;Post a response and then reply to at least one of the posts from your fellow students in this online course.&lt;/p&gt;
&lt;p&gt;After clicking the link, click the button "Start a New Thread," then key in your discussion. &amp;nbsp; Then click the "Post" button.&amp;nbsp;&lt;/p&gt;</description></content><topics><topic id="259" resource_code="idealnmsupp-92982"><properties><allow_anon>False</allow_anon><display_order>1</display_order><is_hidden>False</is_hidden><requires_approval>False</requires_approval><must_post_to_participate>False</must_post_to_participate><is_locked>False</is_locked><is_auto_score>False</is_auto_score><include_nonscored_values>False</include_nonscored_values><rating_type_id>0</rating_type_id></properties><content><title>Feelings About Math</title><description>&lt;p&gt;Many students and people who have already finished with school are unsure about their math abilities. &amp;nbsp;Sometime it helps to know that other people have the same feelings as you do. &amp;nbsp;I always felt comfortable with math until I enrolled in some upper-level college math courses. &amp;nbsp;It was very difficult for me to admit that I did not understand something about math. &amp;nbsp;But once I did admit that I did not understand and realized that I could ask questions, I was not so uncomfortable anymore. &amp;nbsp;What questions do you have about math that have not been answered before? &amp;nbsp;Or what questions on the Survey made you think about math in a new way? &amp;nbsp;Post a response and then reply to at least one of the posts from your fellow students in this online course.&lt;/p&gt;
&lt;p&gt;After clicking the link, click the button "Start a New Thread," then key in your discussion. &amp;nbsp; Then click the "Post" button.&amp;nbsp;&lt;/p&gt;</description></content></topic></topics></forum></discussion>