﻿<dropbox><folder name="GS Syllabus Activity" id="263" folder_type="2" sort_order="1" out_of="10.000000000" grade_item="a9a34f3c-d781-4ed8-8a22-c0b055b43f15" folder_is_retricted="false" files_per_submission="0" submissions="2" resource_code="e5572ddc-67a1-4dc8-ab31-d9336f438e4a"><instructions text_type="text/html"><text>&lt;p&gt;The syllabus is located in Course Documents.&amp;nbsp;&lt;/p&gt;
&lt;p&gt;Find the "&lt;span style="font-weight: bold;"&gt;LEARNING OUTCOMES/INSTRUCTIONAL OBJECTIVES&lt;/span&gt;" section of the Syllabus and copy it in a new document. &amp;nbsp;Save it, upload it, then submit it for grading.&amp;nbsp;&lt;/p&gt;</text></instructions></folder><folder name="GS Pacing Guide Activity" id="264" folder_type="2" sort_order="2" out_of="1.000000000" grade_item="0334d4b8-e964-4898-a040-4da15d60cbe3" folder_is_retricted="false" files_per_submission="0" submissions="2" resource_code="a701e924-ae1a-404e-bef2-339bd307f526"><instructions text_type="text/html"><text>&lt;p&gt;&lt;span class="fnt0"&gt;&lt;span class="fnt0"&gt;&lt;span style="color: black;"&gt;Follow each step below to complete this activity. You can also view an &lt;a rel="noopener" href="csfiles/Sample_Pacing_Guide.rtf" target="_blank"&gt;example&lt;/a&gt; of the pacing guide by clicking on the "example" link.&lt;/span&gt; &lt;/span&gt;&lt;/span&gt;&lt;/p&gt;
&lt;p class="MsoNormal"&gt;&lt;span style="color: black;"&gt;1. Download the Pace Guide.&lt;/span&gt;(This document can be found by clicking on Course Documents.)&lt;/p&gt;
&lt;p class="MsoNormal"&gt;&lt;span style="color: black;"&gt;2. Enter the date of your first day of class under week one.&lt;/span&gt;&lt;/p&gt;
&lt;p class="MsoNormal"&gt;&lt;span style="color: black;"&gt;3. Enter each week's date thereafter, all the way to the end date.(This is your personal calendar to monitor your assignments and due dates.)&lt;/span&gt;&lt;/p&gt;
&lt;p class="MsoNormal"&gt;&lt;span style="color: black;"&gt;4. Save this document to your computer.&lt;/span&gt;&lt;/p&gt;
&lt;p class="MsoNormal"&gt;&lt;span style="color: black;"&gt;5. Print your revised Pace Guide and keep it by your workspace to monitor your progress through the course.&lt;/span&gt;&lt;/p&gt;
&lt;p class="MsoNormal" style="font-weight: bold;"&gt;&lt;span style="color: black;"&gt;Once you've performed the above tasks, click on the assignment link above, upload and submit it for grading.&amp;nbsp;&lt;/span&gt;&lt;/p&gt;
&lt;p class="MsoNormal"&gt;Your pacing guide should look SIMILAR to this:&lt;/p&gt;
&lt;p class="MsoNormal"&gt;&lt;img height="160" alt="" src="GS Pacing Guide Activity/embedded/sample.JPG" width="442" border="0" /&gt;&lt;/p&gt;</text></instructions></folder><folder name="1.3a Interactive Coordinate Plane Assignment" id="265" folder_type="2" sort_order="4" out_of="20.000000000" grade_item="bcc767c0-4d7d-40a4-868d-d082c20cdc3a" folder_is_retricted="false" files_per_submission="0" submissions="2" resource_code="570a42fa-0129-49af-8b9f-3aa555f85bb3"><instructions text_type="text/html"><text>&lt;p style="margin: 0px 0px 1em; padding: 0px; border: 0px; outline: 0px; font-weight: normal; font-style: normal; font-family: 'Trebuchet MS', Arial, Verdana, sans-serif; font-size: small; color: #444444; font-variant: normal; letter-spacing: normal; line-height: normal; text-align: left; text-indent: 0px; text-transform: none; white-space: normal; word-spacing: 0px; background-color: #ffffff;"&gt;&lt;span class="fnt0" style="margin: 0px; padding: 0px; border: 0px; outline: 0px; font-weight: inherit; font-style: inherit; font-family: inherit; font-size: 13px;"&gt;&lt;span style="margin: 0px; padding: 0px; border: 0px; outline: 0px; font-weight: inherit; font-style: inherit; font-family: 'comic sans', 'comic sans ms', arial, helvetica, sans-serif; font-size: 13px;"&gt;&lt;span class="Apple-converted-space"&gt;Create a new document for this assignment that you will upload and submit. &amp;nbsp;&lt;/span&gt;&lt;/span&gt;&lt;/span&gt;&lt;/p&gt;
&lt;p style="margin: 0px 0px 1em; padding: 0px; border: 0px; outline: 0px; font-weight: normal; font-style: normal; font-family: 'Trebuchet MS', Arial, Verdana, sans-serif; font-size: small; color: #444444; font-variant: normal; letter-spacing: normal; line-height: normal; text-align: left; text-indent: 0px; text-transform: none; white-space: normal; word-spacing: 0px; background-color: #ffffff;"&gt;&lt;span class="fnt0" style="margin: 0px; padding: 0px; border: 0px; outline: 0px; font-weight: inherit; font-style: inherit; font-family: inherit; font-size: 13px;"&gt;&lt;span style="margin: 0px; padding: 0px; border: 0px; outline: 0px; font-weight: inherit; font-style: inherit; font-family: 'comic sans', 'comic sans ms', arial, helvetica, sans-serif; font-size: 13px;"&gt;&lt;span class="Apple-converted-space"&gt;Open: &amp;nbsp;&lt;/span&gt;&lt;/span&gt;&lt;a rel="noopener" href="https://www.mathsisfun.com/data/cartesian-coordinates-interactive.html" style="margin: 0px; padding: 0px; border: 0px; outline: 0px; font-weight: inherit; font-style: inherit; font-family: inherit; font-size: 13px; color: #003366;"&gt;&lt;span style="margin: 0px; padding: 0px; border: 0px; outline: 0px; font-weight: inherit; font-style: inherit; font-family: 'comic sans', 'comic sans ms', arial, helvetica, sans-serif; font-size: 13px;"&gt;Interactive Coordinate Grid&lt;/span&gt;&lt;/a&gt;&lt;span style="margin: 0px; padding: 0px; border: 0px; outline: 0px; font-weight: inherit; font-style: inherit; font-family: 'comic sans', 'comic sans ms', arial, helvetica, sans-serif; font-size: 13px;"&gt;&lt;span class="Apple-converted-space"&gt;&amp;nbsp;. &amp;nbsp;&lt;/span&gt;&lt;/span&gt;&lt;/span&gt;&lt;/p&gt;
&lt;p style="margin: 0px 0px 1em; padding: 0px; border: 0px; outline: 0px; font-weight: normal; font-style: normal; font-family: 'Trebuchet MS', Arial, Verdana, sans-serif; font-size: small; color: #444444; font-variant: normal; letter-spacing: normal; line-height: normal; text-align: left; text-indent: 0px; text-transform: none; white-space: normal; word-spacing: 0px; background-color: #ffffff;"&gt;&lt;span class="fnt0" style="margin: 0px; padding: 0px; border: 0px; outline: 0px; font-weight: inherit; font-style: inherit; font-family: inherit; font-size: 13px;"&gt;You need to graph 4 ordered pairs:&lt;/span&gt;&lt;/p&gt;
&lt;p style="margin: 0px 0px 1em; padding: 0px; border: 0px; outline: 0px; font-weight: normal; font-style: normal; font-family: 'Trebuchet MS', Arial, Verdana, sans-serif; font-size: small; color: #444444; font-variant: normal; letter-spacing: normal; line-height: normal; text-align: left; text-indent: 0px; text-transform: none; white-space: normal; word-spacing: 0px; background-color: #ffffff;"&gt;&lt;span class="fnt0" style="margin: 0px; padding: 0px; border: 0px; outline: 0px; font-weight: inherit; font-style: inherit; font-family: inherit; font-size: 13px;"&gt;(1, 4)&lt;/span&gt;&lt;/p&gt;
&lt;p style="margin: 0px 0px 1em; padding: 0px; border: 0px; outline: 0px; font-weight: normal; font-style: normal; font-family: 'Trebuchet MS', Arial, Verdana, sans-serif; font-size: small; color: #444444; font-variant: normal; letter-spacing: normal; line-height: normal; text-align: left; text-indent: 0px; text-transform: none; white-space: normal; word-spacing: 0px; background-color: #ffffff;"&gt;&lt;span class="fnt0" style="font-size: 13px;"&gt;(-1,3)&lt;/span&gt;&lt;/p&gt;
&lt;p style="margin: 0px 0px 1em; padding: 0px; border: 0px; outline: 0px; font-weight: normal; font-style: normal; font-family: 'Trebuchet MS', Arial, Verdana, sans-serif; font-size: small; color: #444444; font-variant: normal; letter-spacing: normal; line-height: normal; text-align: left; text-indent: 0px; text-transform: none; white-space: normal; word-spacing: 0px; background-color: #ffffff;"&gt;&lt;span class="fnt0" style="margin: 0px; padding: 0px; border: 0px; outline: 0px; font-weight: inherit; font-style: inherit; font-family: inherit; font-size: 13px;"&gt;(-2, -3)&lt;/span&gt;&lt;/p&gt;
&lt;p style="margin: 0px 0px 1em; padding: 0px; border: 0px; outline: 0px; font-weight: normal; font-style: normal; font-family: 'Trebuchet MS', Arial, Verdana, sans-serif; font-size: small; color: #444444; font-variant: normal; letter-spacing: normal; line-height: normal; text-align: left; text-indent: 0px; text-transform: none; white-space: normal; word-spacing: 0px; background-color: #ffffff;"&gt;&lt;span class="fnt0" style="margin: 0px; padding: 0px; border: 0px; outline: 0px; font-weight: inherit; font-style: inherit; font-family: inherit; font-size: 13px;"&gt;(4, -4)&lt;/span&gt;&lt;/p&gt;
&lt;p style="margin: 0px 0px 1em; padding: 0px; border: 0px; outline: 0px; font-weight: normal; font-style: normal; font-family: 'Trebuchet MS', Arial, Verdana, sans-serif; font-size: small; color: #444444; font-variant: normal; letter-spacing: normal; line-height: normal; text-align: left; text-indent: 0px; text-transform: none; white-space: normal; word-spacing: 0px; background-color: #ffffff;"&gt;&lt;span class="fnt0" style="margin: 0px; padding: 0px; border: 0px; outline: 0px; font-weight: inherit; font-style: inherit; font-family: inherit; font-size: 13px;"&gt;After you have plotted these ordered pairs take a screenshot of the graph. Then paste this screenshot on the &amp;nbsp;document you create for this assignment. I would like you tell me which Quadrant each point lies in. &amp;nbsp;After you have all this information on your document, save it, upload it, and then submit it for grading.&amp;nbsp;&lt;br /&gt;&lt;/span&gt;&lt;/p&gt;
&lt;p style="margin: 0px 0px 1em; padding: 0px; border: 0px; outline: 0px; font-weight: normal; font-style: normal; font-family: 'Trebuchet MS', Arial, Verdana, sans-serif; font-size: small; color: #444444; font-variant: normal; letter-spacing: normal; line-height: normal; text-align: left; text-indent: 0px; text-transform: none; white-space: normal; word-spacing: 0px; background-color: #ffffff;"&gt;&lt;span class="fnt0" style="margin: 0px; padding: 0px; border: 0px; outline: 0px; font-weight: inherit; font-style: inherit; font-family: inherit; font-size: 13px;"&gt;This assignment is worth 20 points.&lt;/span&gt;&lt;/p&gt;
&lt;p&gt;&lt;/p&gt;</text></instructions></folder><folder name="2.2.a  Algebraic Expressions" id="266" folder_type="2" sort_order="5" out_of="20.000000000" grade_item="86fac281-137e-4de7-88be-c9f94c0950e3" folder_is_retricted="false" files_per_submission="0" submissions="2" resource_code="d7d94933-71e3-4cf4-ac91-d0f24562af76"><instructions text_type="text/html"><text>&lt;p&gt;&lt;span class="fnt0"&gt;&lt;/span&gt;&lt;/p&gt;
&lt;p&gt;&lt;span class="fnt0"&gt;&lt;/span&gt;&lt;/p&gt;
&lt;p&gt;&lt;span class="fnt0"&gt;&lt;span face="comic sans,comic sans ms,arial,helvetica,sans-serif" style="font-family: 'comic sans', 'comic sans ms', arial, helvetica, sans-serif;"&gt;Print out the assignment attached.&lt;/span&gt;&lt;/span&gt;&lt;/p&gt;
&lt;p&gt;&lt;span class="fnt0"&gt;&lt;span face="comic sans,comic sans ms,arial,helvetica,sans-serif" style="font-family: 'comic sans', 'comic sans ms', arial, helvetica, sans-serif;"&gt;You will be allowed a 5 minutes so be prepared before you click on the &lt;/span&gt;&lt;a rel="noopener" href="http://www.explorelearning.com/index.cfm?method=cResource.dspView&amp;amp;ResourceID=257&amp;amp;ClassID=1174777" target="_new"&gt;&lt;span face="comic sans,comic sans ms,arial,helvetica,sans-serif" style="font-family: 'comic sans', 'comic sans ms', arial, helvetica, sans-serif;"&gt;Gizmo page&lt;/span&gt;&lt;/a&gt;&lt;span face="comic sans,comic sans ms,arial,helvetica,sans-serif" style="font-family: 'comic sans', 'comic sans ms', arial, helvetica, sans-serif;"&gt;. &lt;/span&gt;&lt;/span&gt;&lt;/p&gt;
&lt;p&gt;&lt;span class="fnt0"&gt;&lt;/span&gt;&lt;span face="comic sans,comic sans ms,arial,helvetica,sans-serif" style="font-family: 'comic sans', 'comic sans ms', arial, helvetica, sans-serif;"&gt;Practice algebraic expressions with Gizmo and complete the questions attached in the assignment, save it to your computer, upload it, then submit it for grading.&amp;nbsp;&lt;/span&gt;&lt;/p&gt;</text></instructions></folder><folder name="3.3.a   Solving Equations with Add &amp; Subtract" id="267" folder_type="2" sort_order="6" out_of="20.000000000" grade_item="d976ca53-d5ba-4d15-b082-600f76a2d061" folder_is_retricted="false" files_per_submission="0" submissions="2" resource_code="22c98cab-075a-4e1c-9d23-dbfc34b4da2c"><instructions text_type="text/html"><text>&lt;p&gt;&lt;strong&gt;1) Open the document and complete it&lt;/strong&gt;&lt;/p&gt;
&lt;p&gt;&lt;strong&gt;&amp;nbsp; 2) Save it to your computer&lt;/strong&gt;&lt;/p&gt;
&lt;p&gt;&lt;strong&gt;&amp;nbsp; 3) Upload and submit it for grading.&lt;/strong&gt;&lt;/p&gt;</text></instructions></folder><folder name="3.4.a  Solving Equations with Multiplication and Division Worksheet" id="268" folder_type="2" sort_order="7" out_of="20.000000000" grade_item="a71c028a-7f30-48b3-a7af-b8993116c8e8" folder_is_retricted="false" files_per_submission="0" submissions="2" resource_code="eb3bf95c-a021-46ea-a918-af5cfac81cc6"><instructions text_type="text/html"><text>&lt;p class="p1"&gt;&lt;span class="s1"&gt;&lt;b&gt;1) Open the document and complete it&lt;/b&gt;&lt;/span&gt;&lt;/p&gt;
&lt;p class="p1"&gt;&lt;span class="s1"&gt;&lt;b&gt;&amp;nbsp; 2) Save it to your computer&lt;/b&gt;&lt;/span&gt;&lt;/p&gt;
&lt;p class="p2"&gt;&lt;span class="s2"&gt;&lt;b&gt;&amp;nbsp; 3) Upload and submit it for grading.&lt;/b&gt;&lt;/span&gt;&lt;/p&gt;</text></instructions></folder><folder name="3.5a Career Report" id="269" folder_type="2" sort_order="8" out_of="25.000000000" grade_item="5470cac5-1789-4200-bbd4-7bf869b62a3e" folder_is_retricted="false" files_per_submission="0" submissions="2" resource_code="25b92494-6ff7-4f72-adcc-b91e477b3f8c"><instructions text_type="text/html"><text>&lt;p&gt;&lt;span style="color: #444444; font-family: 'Trebuchet MS', Arial, Verdana, sans-serif; font-size: 13px; font-style: normal; font-variant: normal; font-weight: normal; letter-spacing: normal; line-height: normal; text-align: left; text-indent: 0px; text-transform: none; white-space: normal; word-spacing: 0px; display: inline !important; float: none; background-color: #ffffff;"&gt;In order to use our math skills later in life, we need to be able to translate experiences or problems that we encounter into math equations so that we can solve them. Many careers use math skills as part of the work experience.&lt;/span&gt;&lt;/p&gt;
&lt;p&gt;So that you can better understand how you might use math after you graduate from high school, your first job in this part of Unit 3 is to research and write a one to two page paper on a career in which you might use your math skills.&lt;span&gt; &lt;/span&gt;&lt;/p&gt;
&lt;p&gt;Try and find something that interests you; this might be related to a hobby that you enjoy, such as music or computers.&lt;/p&gt;
&lt;p&gt;Type your paper in 12 font. Make sure and check your spelling and grammar. This is a great chance to improve your grade by doing something that is not just solving math problems.&lt;span&gt; &lt;/span&gt;&lt;span style="font-family: Wingdings;"&gt;J&lt;/span&gt;&lt;/p&gt;
&lt;p class="p1"&gt;&lt;span class="s1"&gt;&lt;b&gt;When you complete your paper, s&lt;/b&gt;&lt;/span&gt;&lt;span class="s1"&gt;&lt;b&gt;ave it to your computer and then u&lt;/b&gt;&lt;/span&gt;&lt;span class="s2"&gt;&lt;b&gt;pload and submit it for grading.&lt;/b&gt;&lt;/span&gt;&lt;/p&gt;</text></instructions></folder><folder name="3.5b  Word Problems" id="270" folder_type="2" sort_order="9" out_of="20.000000000" grade_item="3a3fa858-8731-49ab-8ff7-69f5dfbc6022" folder_is_retricted="false" files_per_submission="0" submissions="2" resource_code="9c0459ec-4552-4667-a6a0-afe505e71145"><instructions text_type="text/html"><text>&lt;p&gt;Complete the following word problems. Create an answer document that must include your identified variable, your equation, and your final answer labeled with units for each problem. Each problem will be worth 5 points for a total of 20 points for the assignment. &amp;nbsp;Once you have completed your document, save it, upload it and submit it for grading.&amp;nbsp;&lt;/p&gt;
&lt;ol&gt;
&lt;li&gt;John measured his heart beat at 132 beats per minute. This value is 47 beats per minute more than his resting rate. Write an equation and solve for his resting rate.&lt;br /&gt;&lt;br /&gt;&lt;/li&gt;
&lt;li&gt;Paperback books cost $17 less than the hardback edition of the same book. If the hardback edition of The Red Pony costs $33.50, how much is the paperback? Write and solve an equation to find the amount of the paperback.&lt;br /&gt;&lt;br /&gt;&lt;/li&gt;
&lt;li&gt;You are taking five friends to the movies. If the price of admission is $7.75, how much money will you spend for all of the tickets. Write an equation and solve. &lt;br /&gt;&lt;br /&gt;&lt;/li&gt;
&lt;li&gt;Tony bought a package of 40 cookies to share with his stamp club. Including Tony there are 8 members of the club. How many cookies will each member get? Write an equation and solve.&lt;/li&gt;
&lt;/ol&gt;</text></instructions></folder><folder name="3.6a   Solving Inequalities" id="271" folder_type="2" sort_order="10" out_of="20.000000000" grade_item="e669da83-fdb9-4b3f-8135-548381a195e7" folder_is_retricted="false" files_per_submission="0" submissions="2" resource_code="78aab584-651f-4fdb-9811-3394c79aab43"><instructions text_type="text/html"><text>&lt;p&gt;&lt;span class="fnt0"&gt;&lt;span style="font-family: 'comic sans', 'comic sans ms', arial, helvetica, sans-serif;"&gt;Print out the assignment attached, complete it, save it, then upload and submit it for grading.&amp;nbsp;&lt;/span&gt;&lt;/span&gt;&lt;/p&gt;
&lt;p&gt;&lt;span class="fnt0"&gt;&lt;span style="font-family: 'comic sans', 'comic sans ms', arial, helvetica, sans-serif;"&gt;You will be allowed a 5 minute pass so be prepared before you click on&amp;nbsp;the&lt;/span&gt; &lt;a rel="noopener" href="http://www.explorescience.com/index.cfm?method=cResource.dspView&amp;amp;ResourceID=118" target="_new"&gt;&lt;span style="font-family: 'comic sans', 'comic sans ms', arial, helvetica, sans-serif;"&gt;Gizmo page&lt;/span&gt;&lt;/a&gt;&lt;span style="font-family: 'comic sans', 'comic sans ms', arial, helvetica, sans-serif;"&gt;.&lt;/span&gt;&lt;/span&gt;&lt;/p&gt;
&lt;p&gt;&lt;span class="fnt0"&gt;&lt;/span&gt;&lt;span style="font-family: 'comic sans', 'comic sans ms', arial, helvetica, sans-serif;"&gt;Practice algebraic expressions with Gizmo and complete the questions attached in the assignment.&lt;/span&gt;&amp;nbsp;&lt;/p&gt;</text></instructions></folder><folder name="4.1.a  Estimating and Rounding" id="272" folder_type="2" sort_order="11" out_of="20.000000000" grade_item="2180a26b-e162-4e26-9e70-2665688b43f2" folder_is_retricted="false" files_per_submission="0" submissions="2" resource_code="9853fe1f-d170-43ee-a81f-d0b3301a673e"><instructions text_type="text/html"><text>&lt;p&gt;Estimating and rounding are math skills that almost everybody uses on a regular basis.&lt;/p&gt;
&lt;p&gt;You might already do this if you are shopping with a fixed amount of money, like your allowance.&lt;/p&gt;
&lt;p&gt;Your task will be to choose three items from the lists below and explain how you might round to the nearest whole number that is easy to work with and then use those values to decide if you would have enough money to pay for the items when you go to the cash register. &lt;/p&gt;
&lt;p&gt;You have $85 to spend. Choose a combination of a shirt, pair of pants, and shoes. &lt;/p&gt;
&lt;p&gt;Explain what number you would round to with each item and then estimate what the total price would be. State whether you would have enough money to buy your choices. &lt;/p&gt;
&lt;p&gt;The write up is worth 20 points. &lt;/p&gt;
&lt;div&gt;Shirts:&lt;/div&gt;
&lt;div&gt;Blue- $10.95&lt;/div&gt;
&lt;div&gt;Black- $17.75&lt;/div&gt;
&lt;div&gt;Plaid- $22.25&lt;/div&gt;
&lt;div&gt;&lt;/div&gt;
&lt;div&gt;Pants:&lt;/div&gt;
&lt;div&gt;Jeans- $29.45&lt;/div&gt;
&lt;div&gt;Brown slacks-$32.25&lt;/div&gt;
&lt;div&gt;Shorts-$13.40&lt;/div&gt;
&lt;div&gt;&lt;/div&gt;
&lt;div&gt;Shoes:&lt;/div&gt;
&lt;div&gt;Sandals-$34.85&lt;/div&gt;
&lt;div&gt;Nike-$45.89&lt;/div&gt;
&lt;div&gt;Vans-$36.70&lt;/div&gt;
&lt;p&gt;&lt;strong&gt;Create a document with your answers, save it, upload it and then submit it for grading.&amp;nbsp;&lt;/strong&gt;&lt;/p&gt;</text></instructions></folder><folder name="4.2.a   Measures of Central Tendency" id="273" folder_type="2" sort_order="12" out_of="20.000000000" grade_item="03af2918-2d65-489e-9e75-688f90eedad0" folder_is_retricted="false" files_per_submission="0" submissions="2" resource_code="022600fa-1b2d-4310-bb0c-7b18a793b739"><instructions text_type="text/html"><text>&lt;p&gt;Download and complete the assignment. Create an answer document, save, upload and submit for grading.&lt;/p&gt;</text></instructions></folder><folder name="4.3.a  Formulas" id="274" folder_type="2" sort_order="13" out_of="20.000000000" grade_item="c35d3d06-aceb-406c-a755-c405b6c18eda" folder_is_retricted="false" files_per_submission="0" submissions="2" resource_code="e7262753-5a08-43d8-a5e0-725ee2b3fe92"><instructions text_type="text/html"><text>&lt;p&gt;Complete the problems; create an answer document, save it, upload it and then submit it for grading.&amp;nbsp;&lt;/p&gt;</text></instructions></folder><folder name="5.3.a  Finding Factors with Venn Diagrams" id="275" folder_type="2" sort_order="14" out_of="20.000000000" grade_item="d038af20-829a-4a35-88b3-a9a6e9abae70" folder_is_retricted="false" files_per_submission="0" submissions="2" resource_code="2f6c21ea-70fb-4313-b00e-8cd6c627c6ba"><instructions text_type="text/html"><text>&lt;p&gt;&lt;img alt="" src="5.3.a  Finding Factors with Venn Diagrams/embedded/Venn%20Diagram.bmp" border="0" /&gt;&lt;/p&gt;
&lt;p&gt;Use this example of Factoring using Venn Diagrams to help you complete the assignment attached. Good Luck!&lt;/p&gt;
&lt;p&gt;&lt;strong&gt;You need to open the document and complete it, s&lt;/strong&gt;&lt;strong&gt;ave it to your computer, upload and submit it for grading.&amp;nbsp;&lt;/strong&gt;&lt;/p&gt;
&lt;p&gt;&lt;/p&gt;</text></instructions></folder><folder name="5.8.a  Rational Expression" id="276" folder_type="2" sort_order="15" out_of="20.000000000" grade_item="21ca14fd-5ba5-4e40-8577-1af1beed4d8b" folder_is_retricted="false" files_per_submission="0" submissions="2" resource_code="e791b8b6-1884-466c-b826-e7e5a7e2d513"><instructions text_type="text/html"><text>&lt;p&gt;Look at the sample problem in Lesson 5.8. Create a document and write one paragraph explaining how to get the answer to the problem. &amp;nbsp;Save it to your computer, upload and submit it for grading.&amp;nbsp;&lt;/p&gt;</text></instructions></folder><folder name="6.4.a Ordering Percents, Fractions, and Decimals" id="277" folder_type="2" sort_order="16" out_of="20.000000000" grade_item="1bc29a47-14be-41fb-a18f-a32e521dbd0d" folder_is_retricted="false" files_per_submission="0" submissions="2" resource_code="57d64890-105f-43b4-8393-99f80c6e68aa"><instructions text_type="text/html"><text>&lt;p&gt;Complete the attached worksheet, save it, upload it and &amp;nbsp;then submit when complete.&lt;/p&gt;
&lt;p&gt;There are 10 questions worth 2 points each.&lt;/p&gt;</text></instructions></folder><folder name="6.6.a Percent of Change" id="278" folder_type="2" sort_order="17" out_of="20.000000000" grade_item="8bc6b933-bd70-41ef-8164-8cfbe256854d" folder_is_retricted="false" files_per_submission="0" submissions="2" resource_code="74ac632c-f9a4-4592-b6cc-77a2bf2a1220"><instructions text_type="text/html"><text>&lt;p&gt;Your assignment is to research sale prices. &lt;/p&gt;
&lt;p&gt;Go to the store and find five items that are on sale. These can be grocery items, or clothing, or electronic devices, or almost anything. &lt;/p&gt;
&lt;p&gt;Create a word document in which you will describe the item, state the original price, the sale price, and the percentage rate of change for each of the five items. &lt;/p&gt;
&lt;p&gt;Explain how you found the rate of change. If both the sale price and discount rate are given at the store, prove by showing the calculations that the store's numbers are correct. &lt;/p&gt;
&lt;p&gt;Each of the item problems is worth 4 points for a total of 20 points. Save your document, upload, and submit it for grading.&amp;nbsp;&lt;/p&gt;</text></instructions></folder><folder name="Semester 1 Final Exam" id="279" folder_type="2" sort_order="18" out_of="271.000000000" grade_item="349c382f-ca50-4c6f-9da0-9ba5235d5e7e" folder_is_retricted="false" files_per_submission="0" submissions="2" resource_code="a01c18b4-3745-4315-89e1-f3d97b1c192f"><instructions text_type="text/html"><text>&lt;p&gt;&lt;span class="fnt0"&gt;Download the final exam. &lt;/span&gt;&lt;/p&gt;
&lt;p&gt;&lt;span class="fnt0"&gt;Follow the directions for the test and follow the directions for each section. &lt;/span&gt;&lt;/p&gt;
&lt;p&gt;&lt;span class="fnt0"&gt;Complete and save the mathematical calculation work in your notebook. Check your answers. &lt;/span&gt;&lt;/p&gt;
&lt;p&gt;&lt;span class="fnt0"&gt;When you are finished, create an answer document numbered from 1 to 35. &lt;/span&gt;&lt;/p&gt;
&lt;p&gt;&lt;span class="fnt0"&gt;Write your final answers being careful to use the correct exponents, units, and negative signs when necessary. &lt;/span&gt;&lt;/p&gt;
&lt;p&gt;&lt;span class="fnt0"&gt;Save the document, then upload and submit it for grading.&lt;/span&gt;&lt;/p&gt;</text></instructions></folder></dropbox>