﻿<news><item id="262"><headline>Getting Started</headline><content text_type="text/html">&lt;p style="margin: 0px 0px 1em; padding: 0px; border: 0px; outline: 0px; font-weight: normal; font-style: normal; font-family: 'Trebuchet MS', Arial, Verdana, sans-serif; font-size: small; color: #000000; font-variant: normal; letter-spacing: normal; line-height: normal; orphans: auto; text-align: start; text-indent: 0px; text-transform: none; white-space: normal; widows: 1; word-spacing: 0px; -webkit-text-stroke-width: 0px;"&gt;&lt;img src="csfiles/home_dir/externalFiles/courses/IDLpd_Developer_PracticeShell_Piburn/getting started(1).jpg" width="249" height="203" alt="Getting Started" title="Start" style="border: 0px; cursor: default; margin: 0px; padding: 0px; outline: 0px; font-weight: inherit; font-style: inherit; font-family: inherit; font-size: 13px; vertical-align: middle; max-width: 100%; height: auto;" /&gt;&lt;/p&gt;
&lt;p style="margin: 0px 0px 1em; padding: 0px; border: 0px; outline: 0px; font-weight: normal; font-style: normal; font-family: 'Trebuchet MS', Arial, Verdana, sans-serif; font-size: small; color: #000000; font-variant: normal; letter-spacing: normal; line-height: normal; orphans: auto; text-align: start; text-indent: 0px; text-transform: none; white-space: normal; widows: 1; word-spacing: 0px; -webkit-text-stroke-width: 0px;"&gt;Don't forget that you need to complete all of the activities in the getting started section of the course prior to beginning Unit 1. It is important that you complete the tasks in Getting Started so that you gain a full understanding of how to succeed within this course. Please contact your instructor if you have any questions or concerns. &lt;/p&gt;
&lt;br /&gt;</content><show_date_posted>True</show_date_posted><is_global>False</is_global><is_draft>False</is_draft><only_show_in_course>False</only_show_in_course><sort_order>1</sort_order><date_start>2015-05-02T21:29:27</date_start></item></news>