﻿<?xml version="1.0" encoding="UTF-8"?><questestinterop xmlns:d2l_2p0="http://desire2learn.com/xsd/d2lcp_v2p0"><assessment d2l_2p0:id="242" title="Midterm Exam" ident="res_quiz_818" d2l_2p0:resource_code="22c7e0c6-0efd-496e-8246-5afa831bb459"><rubric><flow_mat><material><mattext d2l_2p0:isdisplayed="yes" texttype="text/html">&lt;p&gt;This exam has 25 questions worth 4 points each for a total of 100 points. The questions will cover the material in Unit 1, Unit 2, Unit 3.&lt;/p&gt;</mattext></material></flow_mat></rubric><assessmentcontrol hintswitch="yes" solutionswitch="yes" feedbackswitch="no" /><presentation_material><flow_mat><material label="page header"><mattext d2l_2p0:isdisplayed="yes" texttype="text/html" /></material><material label="page footer"><mattext d2l_2p0:isdisplayed="yes" texttype="text/html" /></material></flow_mat></presentation_material><assess_procextension><d2l_2p0:intro_message d2l_2p0:isdisplayed="yes" texttype="text/html">&lt;p&gt;Complete each question using the instructions provided. You will only have one chance to take the test and you must complete it once you have started. Do your best!&lt;/p&gt;</d2l_2p0:intro_message><grade_item d2l_2p0:is_autoexport="yes" resource_code="d8542867-9036-4ae4-a7cf-3c08c5f97521">2380</grade_item><d2l_2p0:disable_right_click>yes</d2l_2p0:disable_right_click><d2l_2p0:disable_pager_access>yes</d2l_2p0:disable_pager_access><is_active>yes</is_active><d2l_2p0:date_start /><d2l_2p0:date_end /><d2l_2p0:has_schedule_event>no</d2l_2p0:has_schedule_event><d2l_2p0:is_attempt_Rldb>no</d2l_2p0:is_attempt_Rldb><d2l_2p0:is_subview_Rldb>no</d2l_2p0:is_subview_Rldb><d2l_2p0:time_limit>120</d2l_2p0:time_limit><d2l_2p0:show_clock>yes</d2l_2p0:show_clock><d2l_2p0:enforce_time_limit>yes</d2l_2p0:enforce_time_limit><d2l_2p0:grace_period>5</d2l_2p0:grace_period><d2l_2p0:late_limit>1</d2l_2p0:late_limit><d2l_2p0:attempts_allowed>1</d2l_2p0:attempts_allowed><d2l_2p0:attempt_restrictions /><d2l_2p0:mark_calculation_type>1</d2l_2p0:mark_calculation_type><d2l_2p0:is_forward_only>no</d2l_2p0:is_forward_only></assess_procextension><section ident="CONTAINER_SECTION"><item ident="OBJ_12492" label="QUES_12378_12392" d2l_2p0:page="1"><itemmetadata><qtimetadata><qti_metadatafield><fieldlabel>qmd_computerscored</fieldlabel><fieldentry>yes</fieldentry></qti_metadatafield><qti_metadatafield><fieldlabel>qmd_questiontype</fieldlabel><fieldentry>True/False</fieldentry></qti_metadatafield><qti_metadatafield><fieldlabel>qmd_weighting</fieldlabel><fieldentry>4.000000000</fieldentry></qti_metadatafield><qti_metadatafield><fieldlabel>qmd_globalid</fieldlabel><fieldentry>4457350b-3532-4605-b3d1-d3be5580e08a</fieldentry></qti_metadatafield><qti_metadatafield><fieldlabel>qmd_displayid</fieldlabel><fieldentry>IDL2021_S1_MASTER_2013_20160524113513-51</fieldentry></qti_metadatafield></qtimetadata></itemmetadata><itemproc_extension><d2l_2p0:difficulty>0</d2l_2p0:difficulty><d2l_2p0:isbonus>no</d2l_2p0:isbonus><d2l_2p0:ismandatory>yes</d2l_2p0:ismandatory></itemproc_extension><presentation><flow><material><mattext texttype="text/html">If we are graphing (4, -3) on the coordinate plane, we first move four to the left and then 3 down.&lt;br /&gt;</mattext></material><response_extension><d2l_2p0:display_style>2</d2l_2p0:display_style><d2l_2p0:enumeration>1</d2l_2p0:enumeration><d2l_2p0:grading_type>0</d2l_2p0:grading_type></response_extension><response_lid ident="QUES_12378_12392_LID" rcardinality="Single"><render_choice shuffle="no"><flow_label class="Block"><response_label ident="QUES_12378_12392_A42721"><flow_mat><material><mattext texttype="text/plain">True</mattext></material></flow_mat></response_label></flow_label><flow_label class="Block"><response_label ident="QUES_12378_12392_A42722"><flow_mat><material><mattext texttype="text/plain">False</mattext></material></flow_mat></response_label></flow_label></render_choice></response_lid></flow></presentation><resprocessing><respcondition title="Response Condition 1"><conditionvar><varequal respident="QUES_12378_12392_LID">QUES_12378_12392_A42721</varequal></conditionvar><setvar action="Set">0.000000000</setvar><displayfeedback feedbacktype="Response" linkrefid="QUES_12378_12392_IF42721" /></respcondition><respcondition title="Response Condition 2"><conditionvar><varequal respident="QUES_12378_12392_LID">QUES_12378_12392_A42722</varequal></conditionvar><setvar action="Set">100.000000000</setvar><displayfeedback feedbacktype="Response" linkrefid="QUES_12378_12392_IF42722" /></respcondition></resprocessing><itemfeedback ident="QUES_12378_12392_IF42721"><material><mattext texttype="text/plain" /></material></itemfeedback><itemfeedback ident="QUES_12378_12392_IF42722"><material><mattext texttype="text/plain" /></material></itemfeedback></item><item ident="OBJ_12493" label="QUES_12379_12393" d2l_2p0:page="1"><itemmetadata><qtimetadata><qti_metadatafield><fieldlabel>qmd_computerscored</fieldlabel><fieldentry>yes</fieldentry></qti_metadatafield><qti_metadatafield><fieldlabel>qmd_questiontype</fieldlabel><fieldentry>True/False</fieldentry></qti_metadatafield><qti_metadatafield><fieldlabel>qmd_weighting</fieldlabel><fieldentry>4.000000000</fieldentry></qti_metadatafield><qti_metadatafield><fieldlabel>qmd_globalid</fieldlabel><fieldentry>ff45f466-462e-4cdd-b0cb-b46ea5617045</fieldentry></qti_metadatafield><qti_metadatafield><fieldlabel>qmd_displayid</fieldlabel><fieldentry>IDL2021_S1_MASTER_2013_20160524113513-52</fieldentry></qti_metadatafield></qtimetadata></itemmetadata><itemproc_extension><d2l_2p0:difficulty>0</d2l_2p0:difficulty><d2l_2p0:isbonus>no</d2l_2p0:isbonus><d2l_2p0:ismandatory>yes</d2l_2p0:ismandatory></itemproc_extension><presentation><flow><material><mattext texttype="text/html">2x + 12 is a variable expression.&lt;br /&gt;</mattext></material><response_extension><d2l_2p0:display_style>2</d2l_2p0:display_style><d2l_2p0:enumeration>1</d2l_2p0:enumeration><d2l_2p0:grading_type>0</d2l_2p0:grading_type></response_extension><response_lid ident="QUES_12379_12393_LID" rcardinality="Single"><render_choice shuffle="no"><flow_label class="Block"><response_label ident="QUES_12379_12393_A42723"><flow_mat><material><mattext texttype="text/plain">True</mattext></material></flow_mat></response_label></flow_label><flow_label class="Block"><response_label ident="QUES_12379_12393_A42724"><flow_mat><material><mattext texttype="text/plain">False</mattext></material></flow_mat></response_label></flow_label></render_choice></response_lid></flow></presentation><resprocessing><respcondition title="Response Condition 1"><conditionvar><varequal respident="QUES_12379_12393_LID">QUES_12379_12393_A42723</varequal></conditionvar><setvar action="Set">100.000000000</setvar><displayfeedback feedbacktype="Response" linkrefid="QUES_12379_12393_IF42723" /></respcondition><respcondition title="Response Condition 2"><conditionvar><varequal respident="QUES_12379_12393_LID">QUES_12379_12393_A42724</varequal></conditionvar><setvar action="Set">0.000000000</setvar><displayfeedback feedbacktype="Response" linkrefid="QUES_12379_12393_IF42724" /></respcondition></resprocessing><itemfeedback ident="QUES_12379_12393_IF42723"><material><mattext texttype="text/plain" /></material></itemfeedback><itemfeedback ident="QUES_12379_12393_IF42724"><material><mattext texttype="text/plain" /></material></itemfeedback></item><item ident="OBJ_12494" label="QUES_12380_12394" d2l_2p0:page="1"><itemmetadata><qtimetadata><qti_metadatafield><fieldlabel>qmd_computerscored</fieldlabel><fieldentry>yes</fieldentry></qti_metadatafield><qti_metadatafield><fieldlabel>qmd_questiontype</fieldlabel><fieldentry>Long Answer</fieldentry></qti_metadatafield><qti_metadatafield><fieldlabel>qmd_weighting</fieldlabel><fieldentry>4.000000000</fieldentry></qti_metadatafield><qti_metadatafield><fieldlabel>qmd_globalid</fieldlabel><fieldentry>7a1da43c-a605-4de5-89e6-d6346c541794</fieldentry></qti_metadatafield><qti_metadatafield><fieldlabel>qmd_displayid</fieldlabel><fieldentry>IDL2021_S1_MASTER_2013_20160524113513-53</fieldentry></qti_metadatafield></qtimetadata></itemmetadata><itemproc_extension><d2l_2p0:difficulty>0</d2l_2p0:difficulty><d2l_2p0:isbonus>no</d2l_2p0:isbonus><d2l_2p0:ismandatory>yes</d2l_2p0:ismandatory></itemproc_extension><presentation><flow><material><mattext texttype="text/html">Simplify.  Write your answer as a variable expression.&lt;br /&gt;&lt;br /&gt;-5(2x - 4)&lt;br type="_moz" /&gt;</mattext></material><response_extension><d2l_2p0:has_signed_comments>no</d2l_2p0:has_signed_comments><d2l_2p0:has_htmleditor>yes</d2l_2p0:has_htmleditor></response_extension><response_str ident="QUES_12380_12394_STR" rcardinality="Multiple"><render_fib rows="0" columns="20" prompt="Box" fibtype="String"><response_label ident="QUES_12380_12394_LA"><material><mattext texttype="text/plain" /></material></response_label></render_fib></response_str></flow></presentation><answer_key><answer_key_material><flow_mat><material><mattext texttype="text/html">-10x + 20&lt;br /&gt;</mattext></material></flow_mat></answer_key_material></answer_key></item><item ident="OBJ_12495" label="QUES_12381_12395" d2l_2p0:page="1"><itemmetadata><qtimetadata><qti_metadatafield><fieldlabel>qmd_computerscored</fieldlabel><fieldentry>yes</fieldentry></qti_metadatafield><qti_metadatafield><fieldlabel>qmd_questiontype</fieldlabel><fieldentry>Long Answer</fieldentry></qti_metadatafield><qti_metadatafield><fieldlabel>qmd_weighting</fieldlabel><fieldentry>4.000000000</fieldentry></qti_metadatafield><qti_metadatafield><fieldlabel>qmd_globalid</fieldlabel><fieldentry>b6f1a424-f895-4782-9108-171df3224e4c</fieldentry></qti_metadatafield><qti_metadatafield><fieldlabel>qmd_displayid</fieldlabel><fieldentry>IDL2021_S1_MASTER_2013_20160524113513-54</fieldentry></qti_metadatafield></qtimetadata></itemmetadata><itemproc_extension><d2l_2p0:difficulty>0</d2l_2p0:difficulty><d2l_2p0:isbonus>no</d2l_2p0:isbonus><d2l_2p0:ismandatory>yes</d2l_2p0:ismandatory></itemproc_extension><presentation><flow><material><mattext texttype="text/html">Simplify.  Write your answer as a variable expression.&lt;br /&gt;&lt;br /&gt;4(3w - 12) &lt;br /&gt;</mattext></material><response_extension><d2l_2p0:has_signed_comments>no</d2l_2p0:has_signed_comments><d2l_2p0:has_htmleditor>yes</d2l_2p0:has_htmleditor></response_extension><response_str ident="QUES_12381_12395_STR" rcardinality="Multiple"><render_fib rows="0" columns="20" prompt="Box" fibtype="String"><response_label ident="QUES_12381_12395_LA"><material><mattext texttype="text/plain" /></material></response_label></render_fib></response_str></flow></presentation><answer_key><answer_key_material><flow_mat><material><mattext texttype="text/html">12w - 48&lt;br /&gt;</mattext></material></flow_mat></answer_key_material></answer_key></item><item ident="OBJ_12496" label="QUES_12382_12396" d2l_2p0:page="1"><itemmetadata><qtimetadata><qti_metadatafield><fieldlabel>qmd_computerscored</fieldlabel><fieldentry>yes</fieldentry></qti_metadatafield><qti_metadatafield><fieldlabel>qmd_questiontype</fieldlabel><fieldentry>Long Answer</fieldentry></qti_metadatafield><qti_metadatafield><fieldlabel>qmd_weighting</fieldlabel><fieldentry>4.000000000</fieldentry></qti_metadatafield><qti_metadatafield><fieldlabel>qmd_globalid</fieldlabel><fieldentry>6728819a-df75-43a0-825d-f34b413cd235</fieldentry></qti_metadatafield><qti_metadatafield><fieldlabel>qmd_displayid</fieldlabel><fieldentry>IDL2021_S1_MASTER_2013_20160524113513-55</fieldentry></qti_metadatafield></qtimetadata></itemmetadata><itemproc_extension><d2l_2p0:difficulty>0</d2l_2p0:difficulty><d2l_2p0:isbonus>no</d2l_2p0:isbonus><d2l_2p0:ismandatory>yes</d2l_2p0:ismandatory></itemproc_extension><presentation><flow><material><mattext texttype="text/html">Combine like terms.  Write your answer as a variable expression.&lt;br /&gt;&lt;br /&gt;2x - 12 + 5x - 5&lt;br /&gt;</mattext></material><response_extension><d2l_2p0:has_signed_comments>no</d2l_2p0:has_signed_comments><d2l_2p0:has_htmleditor>yes</d2l_2p0:has_htmleditor></response_extension><response_str ident="QUES_12382_12396_STR" rcardinality="Multiple"><render_fib rows="0" columns="20" prompt="Box" fibtype="String"><response_label ident="QUES_12382_12396_LA"><material><mattext texttype="text/plain" /></material></response_label></render_fib></response_str></flow></presentation><answer_key><answer_key_material><flow_mat><material><mattext texttype="text/html">7x - 17&lt;br /&gt;</mattext></material></flow_mat></answer_key_material></answer_key></item><item ident="OBJ_12497" label="QUES_12383_12397" d2l_2p0:page="1"><itemmetadata><qtimetadata><qti_metadatafield><fieldlabel>qmd_computerscored</fieldlabel><fieldentry>yes</fieldentry></qti_metadatafield><qti_metadatafield><fieldlabel>qmd_questiontype</fieldlabel><fieldentry>Long Answer</fieldentry></qti_metadatafield><qti_metadatafield><fieldlabel>qmd_weighting</fieldlabel><fieldentry>4.000000000</fieldentry></qti_metadatafield><qti_metadatafield><fieldlabel>qmd_globalid</fieldlabel><fieldentry>ac24a39a-7c57-4231-8c85-af1c48bcdff5</fieldentry></qti_metadatafield><qti_metadatafield><fieldlabel>qmd_displayid</fieldlabel><fieldentry>IDL2021_S1_MASTER_2013_20160524113513-56</fieldentry></qti_metadatafield></qtimetadata></itemmetadata><itemproc_extension><d2l_2p0:difficulty>0</d2l_2p0:difficulty><d2l_2p0:isbonus>no</d2l_2p0:isbonus><d2l_2p0:ismandatory>yes</d2l_2p0:ismandatory></itemproc_extension><presentation><flow><material><mattext texttype="text/html">Combine like tems.  Write your answer as a variable expression.&lt;br /&gt;&lt;br /&gt;5x - 3y + 7 - 10x + 6y -4&lt;br /&gt;</mattext></material><response_extension><d2l_2p0:has_signed_comments>no</d2l_2p0:has_signed_comments><d2l_2p0:has_htmleditor>yes</d2l_2p0:has_htmleditor></response_extension><response_str ident="QUES_12383_12397_STR" rcardinality="Multiple"><render_fib rows="0" columns="20" prompt="Box" fibtype="String"><response_label ident="QUES_12383_12397_LA"><material><mattext texttype="text/plain" /></material></response_label></render_fib></response_str></flow></presentation><answer_key><answer_key_material><flow_mat><material><mattext texttype="text/html">-5x + 3y + 3&lt;br /&gt;</mattext></material></flow_mat></answer_key_material></answer_key></item><item ident="OBJ_12498" label="QUES_12384_12398" d2l_2p0:page="1"><itemmetadata><qtimetadata><qti_metadatafield><fieldlabel>qmd_computerscored</fieldlabel><fieldentry>yes</fieldentry></qti_metadatafield><qti_metadatafield><fieldlabel>qmd_questiontype</fieldlabel><fieldentry>Long Answer</fieldentry></qti_metadatafield><qti_metadatafield><fieldlabel>qmd_weighting</fieldlabel><fieldentry>4.000000000</fieldentry></qti_metadatafield><qti_metadatafield><fieldlabel>qmd_globalid</fieldlabel><fieldentry>6a035986-4b6e-4f6a-8b93-030a8d8bc2e7</fieldentry></qti_metadatafield><qti_metadatafield><fieldlabel>qmd_displayid</fieldlabel><fieldentry>IDL2021_S1_MASTER_2013_20160524113513-57</fieldentry></qti_metadatafield></qtimetadata></itemmetadata><itemproc_extension><d2l_2p0:difficulty>0</d2l_2p0:difficulty><d2l_2p0:isbonus>no</d2l_2p0:isbonus><d2l_2p0:ismandatory>yes</d2l_2p0:ismandatory></itemproc_extension><presentation><flow><material><mattext texttype="text/html">Solve the inequality.  Write you answer including the inequality symbol in the answer box.&lt;br /&gt;&lt;br /&gt;x - 8 &amp;lt; 20&lt;br /&gt;</mattext></material><response_extension><d2l_2p0:has_signed_comments>no</d2l_2p0:has_signed_comments><d2l_2p0:has_htmleditor>yes</d2l_2p0:has_htmleditor></response_extension><response_str ident="QUES_12384_12398_STR" rcardinality="Multiple"><render_fib rows="0" columns="20" prompt="Box" fibtype="String"><response_label ident="QUES_12384_12398_LA"><material><mattext texttype="text/plain" /></material></response_label></render_fib></response_str></flow></presentation><answer_key><answer_key_material><flow_mat><material><mattext texttype="text/html">x &amp;lt; 28&lt;br /&gt;</mattext></material></flow_mat></answer_key_material></answer_key></item><item ident="OBJ_12499" label="QUES_12385_12399" d2l_2p0:page="1"><itemmetadata><qtimetadata><qti_metadatafield><fieldlabel>qmd_computerscored</fieldlabel><fieldentry>yes</fieldentry></qti_metadatafield><qti_metadatafield><fieldlabel>qmd_questiontype</fieldlabel><fieldentry>Long Answer</fieldentry></qti_metadatafield><qti_metadatafield><fieldlabel>qmd_weighting</fieldlabel><fieldentry>4.000000000</fieldentry></qti_metadatafield><qti_metadatafield><fieldlabel>qmd_globalid</fieldlabel><fieldentry>de7c6b84-2cfc-4f4b-8e73-4d932c6d7203</fieldentry></qti_metadatafield><qti_metadatafield><fieldlabel>qmd_displayid</fieldlabel><fieldentry>IDL2021_S1_MASTER_2013_20160524113513-58</fieldentry></qti_metadatafield></qtimetadata></itemmetadata><itemproc_extension><d2l_2p0:difficulty>0</d2l_2p0:difficulty><d2l_2p0:isbonus>no</d2l_2p0:isbonus><d2l_2p0:ismandatory>yes</d2l_2p0:ismandatory></itemproc_extension><presentation><flow><material><mattext texttype="text/html">Solve the inequality.  Write your final answer including the inequality symbol in the answer box.&lt;br /&gt;&lt;br /&gt;3b &amp;gt; 33&lt;br /&gt;</mattext></material><response_extension><d2l_2p0:has_signed_comments>no</d2l_2p0:has_signed_comments><d2l_2p0:has_htmleditor>yes</d2l_2p0:has_htmleditor></response_extension><response_str ident="QUES_12385_12399_STR" rcardinality="Multiple"><render_fib rows="0" columns="20" prompt="Box" fibtype="String"><response_label ident="QUES_12385_12399_LA"><material><mattext texttype="text/plain" /></material></response_label></render_fib></response_str></flow></presentation><answer_key><answer_key_material><flow_mat><material><mattext texttype="text/html">b &amp;gt; 11&lt;br /&gt;</mattext></material></flow_mat></answer_key_material></answer_key></item><item ident="OBJ_120503" label="QUES_327758_328912" d2l_2p0:page="1"><itemmetadata><qtimetadata><qti_metadatafield><fieldlabel>qmd_computerscored</fieldlabel><fieldentry>yes</fieldentry></qti_metadatafield><qti_metadatafield><fieldlabel>qmd_questiontype</fieldlabel><fieldentry>Fill in the Blanks</fieldentry></qti_metadatafield><qti_metadatafield><fieldlabel>qmd_weighting</fieldlabel><fieldentry>4.000000000</fieldentry></qti_metadatafield><qti_metadatafield><fieldlabel>qmd_globalid</fieldlabel><fieldentry>fa81a70f-68f7-40df-a73a-8d93699598a3</fieldentry></qti_metadatafield><qti_metadatafield><fieldlabel>qmd_displayid</fieldlabel><fieldentry>IDL2021_S1_MASTER_2013_20160524113513-189</fieldentry></qti_metadatafield></qtimetadata></itemmetadata><itemproc_extension><d2l_2p0:difficulty>1</d2l_2p0:difficulty><d2l_2p0:isbonus>no</d2l_2p0:isbonus><d2l_2p0:ismandatory>no</d2l_2p0:ismandatory></itemproc_extension><presentation><flow><material><mattext texttype="text/html">&lt;p class="p1"&gt;&lt;span class="s1"&gt;Positive numbers are to the&lt;/span&gt;&lt;/p&gt;</mattext></material><response_str ident="QUES_327758_328912_A1188469_STR" rcardinality="Single"><render_fib rows="1" columns="30" prompt="Box" fibtype="String"><response_label ident="QUES_327758_328912_A1188469_ANS" /></render_fib></response_str><material><mattext texttype="text/html">of zero on the number line and negative numbers are to the</mattext></material><response_str ident="QUES_327758_328912_A1188471_STR" rcardinality="Single"><render_fib rows="1" columns="30" prompt="Box" fibtype="String"><response_label ident="QUES_327758_328912_A1188471_ANS" /></render_fib></response_str></flow></presentation><resprocessing><outcomes><decvar vartype="Integer" minvalue="0" maxvalue="100" varname="Blank_1" /><decvar vartype="Integer" minvalue="0" maxvalue="100" varname="Blank_2" /></outcomes><respcondition><conditionvar><varequal respident="QUES_327758_328912_A1188469_ANS" case="no">right</varequal></conditionvar><setvar action="Set">50.000000000</setvar></respcondition><respcondition><conditionvar><varequal respident="QUES_327758_328912_A1188471_ANS" case="no">left</varequal></conditionvar><setvar action="Set">50.000000000</setvar></respcondition></resprocessing></item><item ident="OBJ_120504" label="QUES_327759_328913" d2l_2p0:page="1"><itemmetadata><qtimetadata><qti_metadatafield><fieldlabel>qmd_computerscored</fieldlabel><fieldentry>yes</fieldentry></qti_metadatafield><qti_metadatafield><fieldlabel>qmd_questiontype</fieldlabel><fieldentry>Fill in the Blanks</fieldentry></qti_metadatafield><qti_metadatafield><fieldlabel>qmd_weighting</fieldlabel><fieldentry>4.000000000</fieldentry></qti_metadatafield><qti_metadatafield><fieldlabel>qmd_globalid</fieldlabel><fieldentry>f57066d1-32b6-43b1-bdb3-f5e452fe78d0</fieldentry></qti_metadatafield><qti_metadatafield><fieldlabel>qmd_displayid</fieldlabel><fieldentry>IDL2021_S1_MASTER_2013_20160524113513-190</fieldentry></qti_metadatafield></qtimetadata></itemmetadata><itemproc_extension><d2l_2p0:difficulty>1</d2l_2p0:difficulty><d2l_2p0:isbonus>no</d2l_2p0:isbonus><d2l_2p0:ismandatory>no</d2l_2p0:ismandatory></itemproc_extension><presentation><flow><material><mattext texttype="text/html">&lt;p class="p1"&gt;&lt;span class="s1"&gt;The numbers +4 and -4 on the number line are&lt;/span&gt;&lt;/p&gt;</mattext></material><response_str ident="QUES_327759_328913_A1188473_STR" rcardinality="Single"><render_fib rows="1" columns="30" prompt="Box" fibtype="String"><response_label ident="QUES_327759_328913_A1188473_ANS" /></render_fib></response_str></flow></presentation><resprocessing><outcomes><decvar vartype="Integer" minvalue="0" maxvalue="100" varname="Blank_1" /></outcomes><respcondition><conditionvar><varequal respident="QUES_327759_328913_A1188473_ANS" case="no">opposites</varequal></conditionvar><setvar action="Set">100.000000000</setvar></respcondition></resprocessing></item><item ident="OBJ_120505" label="QUES_327760_328914" d2l_2p0:page="1"><itemmetadata><qtimetadata><qti_metadatafield><fieldlabel>qmd_computerscored</fieldlabel><fieldentry>yes</fieldentry></qti_metadatafield><qti_metadatafield><fieldlabel>qmd_questiontype</fieldlabel><fieldentry>Short Answer</fieldentry></qti_metadatafield><qti_metadatafield><fieldlabel>qmd_weighting</fieldlabel><fieldentry>4.000000000</fieldentry></qti_metadatafield><qti_metadatafield><fieldlabel>qmd_globalid</fieldlabel><fieldentry>f8f5f784-2604-4bb7-8fb6-9935837b8716</fieldentry></qti_metadatafield><qti_metadatafield><fieldlabel>qmd_displayid</fieldlabel><fieldentry>IDL2021_S1_MASTER_2013_20160524113513-191</fieldentry></qti_metadatafield></qtimetadata></itemmetadata><itemproc_extension><d2l_2p0:difficulty>1</d2l_2p0:difficulty><d2l_2p0:isbonus>no</d2l_2p0:isbonus><d2l_2p0:ismandatory>no</d2l_2p0:ismandatory></itemproc_extension><presentation><flow><material><mattext texttype="text/html">&lt;p class="p1"&gt;&lt;span class="s1"&gt;The absolute value of |-6| is&lt;/span&gt;&lt;/p&gt;</mattext></material><response_extension><d2l_2p0:grading_type>0</d2l_2p0:grading_type></response_extension><response_str ident="QUES_327760_328914_A1188474_STR" rcardinality="Single"><render_fib rows="3" columns="60" prompt="Box" fibtype="String"><response_label ident="QUES_327760_328914_A1188474_ANS" /></render_fib></response_str></flow></presentation><resprocessing><outcomes><decvar vartype="Integer" minvalue="0" maxvalue="100" varname="Blank_1" /></outcomes><respcondition><conditionvar><varequal respident="QUES_327760_328914_A1188474_ANS" case="no">6</varequal></conditionvar><setvar action="Set">100.000000000</setvar></respcondition><respcondition><conditionvar><other /></conditionvar><setvar varname="que_score" action="Set">D2L_Correct</setvar></respcondition></resprocessing></item><item ident="OBJ_120506" label="QUES_327761_328915" d2l_2p0:page="1"><itemmetadata><qtimetadata><qti_metadatafield><fieldlabel>qmd_computerscored</fieldlabel><fieldentry>yes</fieldentry></qti_metadatafield><qti_metadatafield><fieldlabel>qmd_questiontype</fieldlabel><fieldentry>Short Answer</fieldentry></qti_metadatafield><qti_metadatafield><fieldlabel>qmd_weighting</fieldlabel><fieldentry>4.000000000</fieldentry></qti_metadatafield><qti_metadatafield><fieldlabel>qmd_globalid</fieldlabel><fieldentry>e0afd98f-d06d-4575-9d85-2b96b01f329a</fieldentry></qti_metadatafield><qti_metadatafield><fieldlabel>qmd_displayid</fieldlabel><fieldentry>IDL2021_S1_MASTER_2013_20160524113513-192</fieldentry></qti_metadatafield></qtimetadata></itemmetadata><itemproc_extension><d2l_2p0:difficulty>1</d2l_2p0:difficulty><d2l_2p0:isbonus>no</d2l_2p0:isbonus><d2l_2p0:ismandatory>no</d2l_2p0:ismandatory></itemproc_extension><presentation><flow><material><mattext texttype="text/html">&lt;p class="p1"&gt;&lt;span class="s1"&gt;-7 + -4 &lt;/span&gt;&lt;/p&gt;</mattext></material><response_extension><d2l_2p0:grading_type>0</d2l_2p0:grading_type></response_extension><response_str ident="QUES_327761_328915_A1188475_STR" rcardinality="Single"><render_fib rows="3" columns="60" prompt="Box" fibtype="String"><response_label ident="QUES_327761_328915_A1188475_ANS" /></render_fib></response_str></flow></presentation><resprocessing><outcomes><decvar vartype="Integer" minvalue="0" maxvalue="100" varname="Blank_1" /></outcomes><respcondition><conditionvar><varequal respident="QUES_327761_328915_A1188475_ANS" case="no">-11</varequal></conditionvar><setvar action="Set">100.000000000</setvar></respcondition><respcondition><conditionvar><other /></conditionvar><setvar varname="que_score" action="Set">D2L_Correct</setvar></respcondition></resprocessing></item><item ident="OBJ_120507" label="QUES_327762_328917" d2l_2p0:page="1"><itemmetadata><qtimetadata><qti_metadatafield><fieldlabel>qmd_computerscored</fieldlabel><fieldentry>yes</fieldentry></qti_metadatafield><qti_metadatafield><fieldlabel>qmd_questiontype</fieldlabel><fieldentry>Short Answer</fieldentry></qti_metadatafield><qti_metadatafield><fieldlabel>qmd_weighting</fieldlabel><fieldentry>4.000000000</fieldentry></qti_metadatafield><qti_metadatafield><fieldlabel>qmd_globalid</fieldlabel><fieldentry>affe3399-8ea7-4605-9e2d-9d3ef10e715e</fieldentry></qti_metadatafield><qti_metadatafield><fieldlabel>qmd_displayid</fieldlabel><fieldentry>IDL2021_S1_MASTER_2013_20160524113513-193</fieldentry></qti_metadatafield></qtimetadata></itemmetadata><itemproc_extension><d2l_2p0:difficulty>1</d2l_2p0:difficulty><d2l_2p0:isbonus>no</d2l_2p0:isbonus><d2l_2p0:ismandatory>no</d2l_2p0:ismandatory></itemproc_extension><presentation><flow><material><mattext texttype="text/html">&lt;p class="p1"&gt;&lt;span class="s1"&gt;&amp;nbsp;-3 - (-3)&lt;/span&gt;&lt;/p&gt;</mattext></material><response_extension><d2l_2p0:grading_type>0</d2l_2p0:grading_type></response_extension><response_str ident="QUES_327762_328917_A1188480_STR" rcardinality="Single"><render_fib rows="3" columns="60" prompt="Box" fibtype="String"><response_label ident="QUES_327762_328917_A1188480_ANS" /></render_fib></response_str></flow></presentation><resprocessing><outcomes><decvar vartype="Integer" minvalue="0" maxvalue="100" varname="Blank_1" /></outcomes><respcondition><conditionvar><varequal respident="QUES_327762_328917_A1188480_ANS" case="no">0</varequal></conditionvar><setvar action="Set">100.000000000</setvar></respcondition><respcondition><conditionvar><other /></conditionvar><setvar varname="que_score" action="Set">D2L_Correct</setvar></respcondition></resprocessing></item><item ident="OBJ_120508" label="QUES_327763_328919" d2l_2p0:page="1"><itemmetadata><qtimetadata><qti_metadatafield><fieldlabel>qmd_computerscored</fieldlabel><fieldentry>yes</fieldentry></qti_metadatafield><qti_metadatafield><fieldlabel>qmd_questiontype</fieldlabel><fieldentry>Short Answer</fieldentry></qti_metadatafield><qti_metadatafield><fieldlabel>qmd_weighting</fieldlabel><fieldentry>4.000000000</fieldentry></qti_metadatafield><qti_metadatafield><fieldlabel>qmd_globalid</fieldlabel><fieldentry>4d9617b1-2e37-44ef-a700-5ef8a5c29c19</fieldentry></qti_metadatafield><qti_metadatafield><fieldlabel>qmd_displayid</fieldlabel><fieldentry>IDL2021_S1_MASTER_2013_20160524113513-194</fieldentry></qti_metadatafield></qtimetadata></itemmetadata><itemproc_extension><d2l_2p0:difficulty>1</d2l_2p0:difficulty><d2l_2p0:isbonus>no</d2l_2p0:isbonus><d2l_2p0:ismandatory>no</d2l_2p0:ismandatory></itemproc_extension><presentation><flow><material><mattext texttype="text/html">&lt;p class="p1"&gt;&lt;span class="s1"&gt;(-12)(4)&lt;/span&gt;&lt;/p&gt;</mattext></material><response_extension><d2l_2p0:grading_type>0</d2l_2p0:grading_type></response_extension><response_str ident="QUES_327763_328919_A1188485_STR" rcardinality="Single"><render_fib rows="3" columns="60" prompt="Box" fibtype="String"><response_label ident="QUES_327763_328919_A1188485_ANS" /></render_fib></response_str></flow></presentation><resprocessing><outcomes><decvar vartype="Integer" minvalue="0" maxvalue="100" varname="Blank_1" /></outcomes><respcondition><conditionvar><varequal respident="QUES_327763_328919_A1188485_ANS" case="no">-48</varequal></conditionvar><setvar action="Set">100.000000000</setvar></respcondition><respcondition><conditionvar><other /></conditionvar><setvar varname="que_score" action="Set">D2L_Correct</setvar></respcondition></resprocessing></item><item ident="OBJ_120509" label="QUES_327764_328920" d2l_2p0:page="1"><itemmetadata><qtimetadata><qti_metadatafield><fieldlabel>qmd_computerscored</fieldlabel><fieldentry>yes</fieldentry></qti_metadatafield><qti_metadatafield><fieldlabel>qmd_questiontype</fieldlabel><fieldentry>Short Answer</fieldentry></qti_metadatafield><qti_metadatafield><fieldlabel>qmd_weighting</fieldlabel><fieldentry>4.000000000</fieldentry></qti_metadatafield><qti_metadatafield><fieldlabel>qmd_globalid</fieldlabel><fieldentry>6b5716de-698c-42a0-8f39-05c4dd86af10</fieldentry></qti_metadatafield><qti_metadatafield><fieldlabel>qmd_displayid</fieldlabel><fieldentry>IDL2021_S1_MASTER_2013_20160524113513-195</fieldentry></qti_metadatafield></qtimetadata></itemmetadata><itemproc_extension><d2l_2p0:difficulty>1</d2l_2p0:difficulty><d2l_2p0:isbonus>no</d2l_2p0:isbonus><d2l_2p0:ismandatory>no</d2l_2p0:ismandatory></itemproc_extension><presentation><flow><material><mattext texttype="text/html">&lt;p class="p1"&gt;&lt;span class="s1"&gt;5 - 15&lt;/span&gt;&lt;/p&gt;</mattext></material><response_extension><d2l_2p0:grading_type>0</d2l_2p0:grading_type></response_extension><response_str ident="QUES_327764_328920_A1188486_STR" rcardinality="Single"><render_fib rows="3" columns="60" prompt="Box" fibtype="String"><response_label ident="QUES_327764_328920_A1188486_ANS" /></render_fib></response_str></flow></presentation><resprocessing><outcomes><decvar vartype="Integer" minvalue="0" maxvalue="100" varname="Blank_1" /></outcomes><respcondition><conditionvar><varequal respident="QUES_327764_328920_A1188486_ANS" case="no">-10</varequal></conditionvar><setvar action="Set">100.000000000</setvar></respcondition><respcondition><conditionvar><other /></conditionvar><setvar varname="que_score" action="Set">D2L_Correct</setvar></respcondition></resprocessing></item><item ident="OBJ_120510" label="QUES_327765_328922" d2l_2p0:page="1"><itemmetadata><qtimetadata><qti_metadatafield><fieldlabel>qmd_computerscored</fieldlabel><fieldentry>yes</fieldentry></qti_metadatafield><qti_metadatafield><fieldlabel>qmd_questiontype</fieldlabel><fieldentry>Fill in the Blanks</fieldentry></qti_metadatafield><qti_metadatafield><fieldlabel>qmd_weighting</fieldlabel><fieldentry>4.000000000</fieldentry></qti_metadatafield><qti_metadatafield><fieldlabel>qmd_globalid</fieldlabel><fieldentry>6d6b34d6-572d-4f48-9ca7-c7eeb58530b5</fieldentry></qti_metadatafield><qti_metadatafield><fieldlabel>qmd_displayid</fieldlabel><fieldentry>IDL2021_S1_MASTER_2013_20160524113513-196</fieldentry></qti_metadatafield></qtimetadata></itemmetadata><itemproc_extension><d2l_2p0:difficulty>1</d2l_2p0:difficulty><d2l_2p0:isbonus>no</d2l_2p0:isbonus><d2l_2p0:ismandatory>no</d2l_2p0:ismandatory></itemproc_extension><presentation><flow><material><mattext texttype="text/html">&lt;p class="p1"&gt;&lt;span class="s1"&gt;When graphing (6, -7), start at the origin (0,0) and move 6 spaces to the&lt;/span&gt;&lt;/p&gt;</mattext></material><response_str ident="QUES_327765_328922_A1188492_STR" rcardinality="Single"><render_fib rows="1" columns="30" prompt="Box" fibtype="String"><response_label ident="QUES_327765_328922_A1188492_ANS" /></render_fib></response_str><material><mattext texttype="text/html">&lt;p class="p1"&gt;&lt;span class="s1"&gt;on the x-axis and then 7 spaces to the&amp;nbsp;&lt;/span&gt;&lt;/p&gt;</mattext></material><response_str ident="QUES_327765_328922_A1188494_STR" rcardinality="Single"><render_fib rows="1" columns="30" prompt="Box" fibtype="String"><response_label ident="QUES_327765_328922_A1188494_ANS" /></render_fib></response_str><material><mattext texttype="text/html">&lt;p class="p1"&gt;&lt;span class="s1"&gt;on the y-axis.&lt;/span&gt;&lt;/p&gt;</mattext></material></flow></presentation><resprocessing><outcomes><decvar vartype="Integer" minvalue="0" maxvalue="100" varname="Blank_1" /><decvar vartype="Integer" minvalue="0" maxvalue="100" varname="Blank_2" /></outcomes><respcondition><conditionvar><varequal respident="QUES_327765_328922_A1188492_ANS" case="no">right</varequal></conditionvar><setvar action="Set">50.000000000</setvar></respcondition><respcondition><conditionvar><varequal respident="QUES_327765_328922_A1188494_ANS" case="no">left</varequal></conditionvar><setvar action="Set">50.000000000</setvar></respcondition></resprocessing></item><item ident="OBJ_120511" label="QUES_327766_328923" d2l_2p0:page="1"><itemmetadata><qtimetadata><qti_metadatafield><fieldlabel>qmd_computerscored</fieldlabel><fieldentry>yes</fieldentry></qti_metadatafield><qti_metadatafield><fieldlabel>qmd_questiontype</fieldlabel><fieldentry>Short Answer</fieldentry></qti_metadatafield><qti_metadatafield><fieldlabel>qmd_weighting</fieldlabel><fieldentry>4.000000000</fieldentry></qti_metadatafield><qti_metadatafield><fieldlabel>qmd_globalid</fieldlabel><fieldentry>461730c3-2fd1-4d18-b0c6-d38d60d8f99a</fieldentry></qti_metadatafield><qti_metadatafield><fieldlabel>qmd_displayid</fieldlabel><fieldentry>IDL2021_S1_MASTER_2013_20160524113513-197</fieldentry></qti_metadatafield></qtimetadata></itemmetadata><itemproc_extension><d2l_2p0:difficulty>1</d2l_2p0:difficulty><d2l_2p0:isbonus>no</d2l_2p0:isbonus><d2l_2p0:ismandatory>no</d2l_2p0:ismandatory></itemproc_extension><presentation><flow><material><mattext texttype="text/html">&lt;p class="p1"&gt;&lt;span class="s1"&gt;25(-5)&lt;/span&gt;&lt;/p&gt;</mattext></material><response_extension><d2l_2p0:grading_type>0</d2l_2p0:grading_type></response_extension><response_str ident="QUES_327766_328923_A1188496_STR" rcardinality="Single"><render_fib rows="3" columns="60" prompt="Box" fibtype="String"><response_label ident="QUES_327766_328923_A1188496_ANS" /></render_fib></response_str></flow></presentation><resprocessing><outcomes><decvar vartype="Integer" minvalue="0" maxvalue="100" varname="Blank_1" /></outcomes><respcondition><conditionvar><varequal respident="QUES_327766_328923_A1188496_ANS" case="no">-125</varequal></conditionvar><setvar action="Set">100.000000000</setvar></respcondition><respcondition><conditionvar><other /></conditionvar><setvar varname="que_score" action="Set">D2L_Correct</setvar></respcondition></resprocessing></item><item ident="OBJ_120512" label="QUES_327767_328924" d2l_2p0:page="1"><itemmetadata><qtimetadata><qti_metadatafield><fieldlabel>qmd_computerscored</fieldlabel><fieldentry>yes</fieldentry></qti_metadatafield><qti_metadatafield><fieldlabel>qmd_questiontype</fieldlabel><fieldentry>Short Answer</fieldentry></qti_metadatafield><qti_metadatafield><fieldlabel>qmd_weighting</fieldlabel><fieldentry>4.000000000</fieldentry></qti_metadatafield><qti_metadatafield><fieldlabel>qmd_globalid</fieldlabel><fieldentry>e8e986fd-af24-42fe-85ac-48cd691160b9</fieldentry></qti_metadatafield><qti_metadatafield><fieldlabel>qmd_displayid</fieldlabel><fieldentry>IDL2021_S1_MASTER_2013_20160524113513-198</fieldentry></qti_metadatafield></qtimetadata></itemmetadata><itemproc_extension><d2l_2p0:difficulty>1</d2l_2p0:difficulty><d2l_2p0:isbonus>no</d2l_2p0:isbonus><d2l_2p0:ismandatory>no</d2l_2p0:ismandatory></itemproc_extension><presentation><flow><material><mattext texttype="text/html">&lt;p class="p1"&gt;&lt;span class="s1"&gt;Simplify. &amp;nbsp;&lt;/span&gt;&lt;span class="s2"&gt;3 + 5(4-8) - 7 &lt;/span&gt;&lt;/p&gt;</mattext></material><response_extension><d2l_2p0:grading_type>0</d2l_2p0:grading_type></response_extension><response_str ident="QUES_327767_328924_A1188497_STR" rcardinality="Single"><render_fib rows="3" columns="60" prompt="Box" fibtype="String"><response_label ident="QUES_327767_328924_A1188497_ANS" /></render_fib></response_str></flow></presentation><resprocessing><outcomes><decvar vartype="Integer" minvalue="0" maxvalue="100" varname="Blank_1" /></outcomes><respcondition><conditionvar><varequal respident="QUES_327767_328924_A1188497_ANS" case="no">-24</varequal></conditionvar><setvar action="Set">100.000000000</setvar></respcondition><respcondition><conditionvar><other /></conditionvar><setvar varname="que_score" action="Set">D2L_Correct</setvar></respcondition></resprocessing></item><item ident="OBJ_120513" label="QUES_327768_328925" d2l_2p0:page="1"><itemmetadata><qtimetadata><qti_metadatafield><fieldlabel>qmd_computerscored</fieldlabel><fieldentry>yes</fieldentry></qti_metadatafield><qti_metadatafield><fieldlabel>qmd_questiontype</fieldlabel><fieldentry>Short Answer</fieldentry></qti_metadatafield><qti_metadatafield><fieldlabel>qmd_weighting</fieldlabel><fieldentry>4.000000000</fieldentry></qti_metadatafield><qti_metadatafield><fieldlabel>qmd_globalid</fieldlabel><fieldentry>814103cf-34bc-4e9f-8c53-b4807886343a</fieldentry></qti_metadatafield><qti_metadatafield><fieldlabel>qmd_displayid</fieldlabel><fieldentry>IDL2021_S1_MASTER_2013_20160524113513-199</fieldentry></qti_metadatafield></qtimetadata></itemmetadata><itemproc_extension><d2l_2p0:difficulty>1</d2l_2p0:difficulty><d2l_2p0:isbonus>no</d2l_2p0:isbonus><d2l_2p0:ismandatory>no</d2l_2p0:ismandatory></itemproc_extension><presentation><flow><material><mattext texttype="text/html">&lt;p class="p1"&gt;&lt;span class="s1"&gt;Simplify. &amp;nbsp;&lt;/span&gt;&lt;span class="s2"&gt;3 + -7(5) -10&lt;/span&gt;&lt;/p&gt;</mattext></material><response_extension><d2l_2p0:grading_type>0</d2l_2p0:grading_type></response_extension><response_str ident="QUES_327768_328925_A1188498_STR" rcardinality="Single"><render_fib rows="3" columns="60" prompt="Box" fibtype="String"><response_label ident="QUES_327768_328925_A1188498_ANS" /></render_fib></response_str></flow></presentation><resprocessing><outcomes><decvar vartype="Integer" minvalue="0" maxvalue="100" varname="Blank_1" /></outcomes><respcondition><conditionvar><varequal respident="QUES_327768_328925_A1188498_ANS" case="no">-42</varequal></conditionvar><setvar action="Set">100.000000000</setvar></respcondition><respcondition><conditionvar><other /></conditionvar><setvar varname="que_score" action="Set">D2L_Correct</setvar></respcondition></resprocessing></item><item ident="OBJ_120514" label="QUES_327769_328926" d2l_2p0:page="1"><itemmetadata><qtimetadata><qti_metadatafield><fieldlabel>qmd_computerscored</fieldlabel><fieldentry>yes</fieldentry></qti_metadatafield><qti_metadatafield><fieldlabel>qmd_questiontype</fieldlabel><fieldentry>Short Answer</fieldentry></qti_metadatafield><qti_metadatafield><fieldlabel>qmd_weighting</fieldlabel><fieldentry>4.000000000</fieldentry></qti_metadatafield><qti_metadatafield><fieldlabel>qmd_globalid</fieldlabel><fieldentry>4c92b375-8cc4-4780-9046-18aada8620c9</fieldentry></qti_metadatafield><qti_metadatafield><fieldlabel>qmd_displayid</fieldlabel><fieldentry>IDL2021_S1_MASTER_2013_20160524113513-200</fieldentry></qti_metadatafield></qtimetadata></itemmetadata><itemproc_extension><d2l_2p0:difficulty>1</d2l_2p0:difficulty><d2l_2p0:isbonus>no</d2l_2p0:isbonus><d2l_2p0:ismandatory>no</d2l_2p0:ismandatory></itemproc_extension><presentation><flow><material><mattext texttype="text/html">&lt;p class="p1"&gt;&lt;span class="s1"&gt;Evaluate.&lt;/span&gt;&lt;/p&gt;
&lt;p class="p3"&gt;&lt;span class="s2"&gt;2x + 14 - 9 for x = 2&lt;/span&gt;&lt;/p&gt;</mattext></material><response_extension><d2l_2p0:grading_type>0</d2l_2p0:grading_type></response_extension><response_str ident="QUES_327769_328926_A1188499_STR" rcardinality="Single"><render_fib rows="3" columns="60" prompt="Box" fibtype="String"><response_label ident="QUES_327769_328926_A1188499_ANS" /></render_fib></response_str></flow></presentation><resprocessing><outcomes><decvar vartype="Integer" minvalue="0" maxvalue="100" varname="Blank_1" /></outcomes><respcondition><conditionvar><varequal respident="QUES_327769_328926_A1188499_ANS" case="no">9</varequal></conditionvar><setvar action="Set">100.000000000</setvar></respcondition><respcondition><conditionvar><other /></conditionvar><setvar varname="que_score" action="Set">D2L_Correct</setvar></respcondition></resprocessing></item><item ident="OBJ_120515" label="QUES_327770_328927" d2l_2p0:page="1"><itemmetadata><qtimetadata><qti_metadatafield><fieldlabel>qmd_computerscored</fieldlabel><fieldentry>yes</fieldentry></qti_metadatafield><qti_metadatafield><fieldlabel>qmd_questiontype</fieldlabel><fieldentry>Short Answer</fieldentry></qti_metadatafield><qti_metadatafield><fieldlabel>qmd_weighting</fieldlabel><fieldentry>4.000000000</fieldentry></qti_metadatafield><qti_metadatafield><fieldlabel>qmd_globalid</fieldlabel><fieldentry>0c50d898-b5bc-4d0d-8884-adb87861e4b8</fieldentry></qti_metadatafield><qti_metadatafield><fieldlabel>qmd_displayid</fieldlabel><fieldentry>IDL2021_S1_MASTER_2013_20160524113513-201</fieldentry></qti_metadatafield></qtimetadata></itemmetadata><itemproc_extension><d2l_2p0:difficulty>1</d2l_2p0:difficulty><d2l_2p0:isbonus>no</d2l_2p0:isbonus><d2l_2p0:ismandatory>no</d2l_2p0:ismandatory></itemproc_extension><presentation><flow><material><mattext texttype="text/html">&lt;p class="p1"&gt;&lt;span class="s1"&gt;Evaluate.&lt;/span&gt;&lt;/p&gt;
&lt;p class="p3"&gt;&lt;span class="s2"&gt;abc fo a = -2, b = 5, c = -3&lt;/span&gt;&lt;/p&gt;</mattext></material><response_extension><d2l_2p0:grading_type>0</d2l_2p0:grading_type></response_extension><response_str ident="QUES_327770_328927_A1188500_STR" rcardinality="Single"><render_fib rows="3" columns="60" prompt="Box" fibtype="String"><response_label ident="QUES_327770_328927_A1188500_ANS" /></render_fib></response_str></flow></presentation><resprocessing><outcomes><decvar vartype="Integer" minvalue="0" maxvalue="100" varname="Blank_1" /></outcomes><respcondition><conditionvar><varequal respident="QUES_327770_328927_A1188500_ANS" case="no">30</varequal></conditionvar><setvar action="Set">100.000000000</setvar></respcondition><respcondition><conditionvar><other /></conditionvar><setvar varname="que_score" action="Set">D2L_Correct</setvar></respcondition></resprocessing></item><item ident="OBJ_120516" label="QUES_327771_328929" d2l_2p0:page="1"><itemmetadata><qtimetadata><qti_metadatafield><fieldlabel>qmd_computerscored</fieldlabel><fieldentry>yes</fieldentry></qti_metadatafield><qti_metadatafield><fieldlabel>qmd_questiontype</fieldlabel><fieldentry>Short Answer</fieldentry></qti_metadatafield><qti_metadatafield><fieldlabel>qmd_weighting</fieldlabel><fieldentry>4.000000000</fieldentry></qti_metadatafield><qti_metadatafield><fieldlabel>qmd_globalid</fieldlabel><fieldentry>4e17ce9c-2b7b-4f42-9132-044d37d2b5ff</fieldentry></qti_metadatafield><qti_metadatafield><fieldlabel>qmd_displayid</fieldlabel><fieldentry>IDL2021_S1_MASTER_2013_20160524113513-202</fieldentry></qti_metadatafield></qtimetadata></itemmetadata><itemproc_extension><d2l_2p0:difficulty>1</d2l_2p0:difficulty><d2l_2p0:isbonus>no</d2l_2p0:isbonus><d2l_2p0:ismandatory>no</d2l_2p0:ismandatory></itemproc_extension><presentation><flow><material><mattext texttype="text/html">&lt;p class="p1"&gt;&lt;span class="s1"&gt;Solve.&amp;nbsp; Write your final number answer only (no variable) in the answer box.&lt;/span&gt;&lt;/p&gt;
&lt;p class="p3"&gt;&lt;span class="s2"&gt;6w = -42&lt;/span&gt;&lt;/p&gt;</mattext></material><response_extension><d2l_2p0:grading_type>0</d2l_2p0:grading_type></response_extension><response_str ident="QUES_327771_328929_A1188505_STR" rcardinality="Single"><render_fib rows="3" columns="60" prompt="Box" fibtype="String"><response_label ident="QUES_327771_328929_A1188505_ANS" /></render_fib></response_str></flow></presentation><resprocessing><outcomes><decvar vartype="Integer" minvalue="0" maxvalue="100" varname="Blank_1" /></outcomes><respcondition><conditionvar><varequal respident="QUES_327771_328929_A1188505_ANS" case="no">-7</varequal></conditionvar><setvar action="Set">100.000000000</setvar></respcondition><respcondition><conditionvar><other /></conditionvar><setvar varname="que_score" action="Set">D2L_Correct</setvar></respcondition></resprocessing></item><item ident="OBJ_120517" label="QUES_327772_328931" d2l_2p0:page="1"><itemmetadata><qtimetadata><qti_metadatafield><fieldlabel>qmd_computerscored</fieldlabel><fieldentry>yes</fieldentry></qti_metadatafield><qti_metadatafield><fieldlabel>qmd_questiontype</fieldlabel><fieldentry>Short Answer</fieldentry></qti_metadatafield><qti_metadatafield><fieldlabel>qmd_weighting</fieldlabel><fieldentry>4.000000000</fieldentry></qti_metadatafield><qti_metadatafield><fieldlabel>qmd_globalid</fieldlabel><fieldentry>4e00a952-8792-4cae-b11c-864f46fa42aa</fieldentry></qti_metadatafield><qti_metadatafield><fieldlabel>qmd_displayid</fieldlabel><fieldentry>IDL2021_S1_MASTER_2013_20160524113513-203</fieldentry></qti_metadatafield></qtimetadata></itemmetadata><itemproc_extension><d2l_2p0:difficulty>1</d2l_2p0:difficulty><d2l_2p0:isbonus>no</d2l_2p0:isbonus><d2l_2p0:ismandatory>no</d2l_2p0:ismandatory></itemproc_extension><presentation><flow><material><mattext texttype="text/html">&lt;p class="p1"&gt;&lt;span class="s1"&gt;Solve.&amp;nbsp; Write your final answer number in the answer box without a variable&lt;/span&gt;&lt;/p&gt;
&lt;p class="p3"&gt;&lt;span class="s2"&gt;g - 14 = 28&lt;/span&gt;&lt;/p&gt;</mattext></material><response_extension><d2l_2p0:grading_type>0</d2l_2p0:grading_type></response_extension><response_str ident="QUES_327772_328931_A1188510_STR" rcardinality="Single"><render_fib rows="3" columns="60" prompt="Box" fibtype="String"><response_label ident="QUES_327772_328931_A1188510_ANS" /></render_fib></response_str></flow></presentation><resprocessing><outcomes><decvar vartype="Integer" minvalue="0" maxvalue="100" varname="Blank_1" /></outcomes><respcondition><conditionvar><varequal respident="QUES_327772_328931_A1188510_ANS" case="no">42</varequal></conditionvar><setvar action="Set">100.000000000</setvar></respcondition><respcondition><conditionvar><other /></conditionvar><setvar varname="que_score" action="Set">D2L_Correct</setvar></respcondition></resprocessing></item><item ident="OBJ_120518" label="QUES_327773_328932" d2l_2p0:page="1"><itemmetadata><qtimetadata><qti_metadatafield><fieldlabel>qmd_computerscored</fieldlabel><fieldentry>yes</fieldentry></qti_metadatafield><qti_metadatafield><fieldlabel>qmd_questiontype</fieldlabel><fieldentry>Short Answer</fieldentry></qti_metadatafield><qti_metadatafield><fieldlabel>qmd_weighting</fieldlabel><fieldentry>4.000000000</fieldentry></qti_metadatafield><qti_metadatafield><fieldlabel>qmd_globalid</fieldlabel><fieldentry>ebe47546-f8d9-4d27-90d9-232d0111e0ca</fieldentry></qti_metadatafield><qti_metadatafield><fieldlabel>qmd_displayid</fieldlabel><fieldentry>IDL2021_S1_MASTER_2013_20160524113513-204</fieldentry></qti_metadatafield></qtimetadata></itemmetadata><itemproc_extension><d2l_2p0:difficulty>1</d2l_2p0:difficulty><d2l_2p0:isbonus>no</d2l_2p0:isbonus><d2l_2p0:ismandatory>no</d2l_2p0:ismandatory></itemproc_extension><presentation><flow><material><mattext texttype="text/html">&lt;p class="p1"&gt;&lt;span class="s1"&gt;Solve.&amp;nbsp; Write your final answer number in the answer box without a variable&lt;/span&gt;&lt;/p&gt;
&lt;p class="p3"&gt;&lt;span class="s2"&gt;56 = -4m&lt;/span&gt;&lt;/p&gt;</mattext></material><response_extension><d2l_2p0:grading_type>0</d2l_2p0:grading_type></response_extension><response_str ident="QUES_327773_328932_A1188511_STR" rcardinality="Single"><render_fib rows="3" columns="60" prompt="Box" fibtype="String"><response_label ident="QUES_327773_328932_A1188511_ANS" /></render_fib></response_str></flow></presentation><resprocessing><outcomes><decvar vartype="Integer" minvalue="0" maxvalue="100" varname="Blank_1" /></outcomes><respcondition><conditionvar><varequal respident="QUES_327773_328932_A1188511_ANS" case="no">-14</varequal></conditionvar><setvar action="Set">100.000000000</setvar></respcondition><respcondition><conditionvar><other /></conditionvar><setvar varname="que_score" action="Set">D2L_Correct</setvar></respcondition></resprocessing></item><item ident="OBJ_120519" label="QUES_327774_328933" d2l_2p0:page="1"><itemmetadata><qtimetadata><qti_metadatafield><fieldlabel>qmd_computerscored</fieldlabel><fieldentry>yes</fieldentry></qti_metadatafield><qti_metadatafield><fieldlabel>qmd_questiontype</fieldlabel><fieldentry>Short Answer</fieldentry></qti_metadatafield><qti_metadatafield><fieldlabel>qmd_weighting</fieldlabel><fieldentry>4.000000000</fieldentry></qti_metadatafield><qti_metadatafield><fieldlabel>qmd_globalid</fieldlabel><fieldentry>9184034f-df21-4686-ba1c-22db68b255db</fieldentry></qti_metadatafield><qti_metadatafield><fieldlabel>qmd_displayid</fieldlabel><fieldentry>IDL2021_S1_MASTER_2013_20160524113513-205</fieldentry></qti_metadatafield></qtimetadata></itemmetadata><itemproc_extension><d2l_2p0:difficulty>1</d2l_2p0:difficulty><d2l_2p0:isbonus>no</d2l_2p0:isbonus><d2l_2p0:ismandatory>no</d2l_2p0:ismandatory></itemproc_extension><presentation><flow><material><mattext texttype="text/html">&lt;p class="p1"&gt;&lt;span class="s1"&gt;Solve.&amp;nbsp; Write your final number answer in the answer box without the variable&lt;/span&gt;&lt;/p&gt;
&lt;p class="p2"&gt;&lt;span class="s3"&gt;w/3&lt;/span&gt;&lt;span class="s1"&gt; = 27&lt;/span&gt;&lt;br /&gt;&lt;span class="s2"&gt;&lt;/span&gt;&lt;/p&gt;
&lt;p class="p3"&gt;&lt;/p&gt;</mattext></material><response_extension><d2l_2p0:grading_type>0</d2l_2p0:grading_type></response_extension><response_str ident="QUES_327774_328933_A1188512_STR" rcardinality="Single"><render_fib rows="3" columns="60" prompt="Box" fibtype="String"><response_label ident="QUES_327774_328933_A1188512_ANS" /></render_fib></response_str></flow></presentation><resprocessing><outcomes><decvar vartype="Integer" minvalue="0" maxvalue="100" varname="Blank_1" /></outcomes><respcondition><conditionvar><varequal respident="QUES_327774_328933_A1188512_ANS" case="no">81</varequal></conditionvar><setvar action="Set">100.000000000</setvar></respcondition><respcondition><conditionvar><other /></conditionvar><setvar varname="que_score" action="Set">D2L_Correct</setvar></respcondition></resprocessing></item></section></assessment></questestinterop>