﻿<?xml version="1.0" encoding="UTF-8"?><questestinterop xmlns:d2l_2p0="http://desire2learn.com/xsd/d2lcp_v2p0"><assessment d2l_2p0:id="251" title="1.6.a   Multipy/Divide Integers" ident="res_quiz_827" d2l_2p0:resource_code="8a3d5480-1e52-4d31-bc46-78210f7329bd"><rubric><flow_mat><material><mattext d2l_2p0:isdisplayed="yes" texttype="text/html">This assignment has 8 questions worth 2 points each and one extended response question worth 4 points for a total of 20 points.&lt;br /&gt;</mattext></material></flow_mat></rubric><assessmentcontrol hintswitch="yes" solutionswitch="yes" feedbackswitch="no" /><presentation_material><flow_mat><material label="page header"><mattext d2l_2p0:isdisplayed="yes" texttype="text/plain" /></material><material label="page footer"><mattext d2l_2p0:isdisplayed="yes" texttype="text/plain" /></material></flow_mat></presentation_material><assess_procextension><d2l_2p0:intro_message d2l_2p0:isdisplayed="yes" texttype="text/html">Have a pencil, paper, and calculator ready.  You may only do this assignment one time and must finish once you start. Use the Math extended response rubric to guide your answer.&lt;br /&gt;</d2l_2p0:intro_message><grade_item d2l_2p0:is_autoexport="yes" resource_code="b772b1ce-d4bf-48da-8d4f-689a7a89a162">2403</grade_item><d2l_2p0:disable_right_click>yes</d2l_2p0:disable_right_click><d2l_2p0:disable_pager_access>yes</d2l_2p0:disable_pager_access><is_active>yes</is_active><d2l_2p0:date_start /><d2l_2p0:date_end /><d2l_2p0:has_schedule_event>no</d2l_2p0:has_schedule_event><d2l_2p0:is_attempt_Rldb>no</d2l_2p0:is_attempt_Rldb><d2l_2p0:is_subview_Rldb>no</d2l_2p0:is_subview_Rldb><d2l_2p0:time_limit>120</d2l_2p0:time_limit><d2l_2p0:show_clock>yes</d2l_2p0:show_clock><d2l_2p0:enforce_time_limit>yes</d2l_2p0:enforce_time_limit><d2l_2p0:grace_period>5</d2l_2p0:grace_period><d2l_2p0:late_limit>1</d2l_2p0:late_limit><d2l_2p0:attempts_allowed>1</d2l_2p0:attempts_allowed><d2l_2p0:attempt_restrictions /><d2l_2p0:mark_calculation_type>1</d2l_2p0:mark_calculation_type><d2l_2p0:is_forward_only>no</d2l_2p0:is_forward_only></assess_procextension><section ident="CONTAINER_SECTION"><item ident="OBJ_12543" label="QUES_12429_12443" d2l_2p0:page="1"><itemmetadata><qtimetadata><qti_metadatafield><fieldlabel>qmd_computerscored</fieldlabel><fieldentry>yes</fieldentry></qti_metadatafield><qti_metadatafield><fieldlabel>qmd_questiontype</fieldlabel><fieldentry>Multiple Choice</fieldentry></qti_metadatafield><qti_metadatafield><fieldlabel>qmd_weighting</fieldlabel><fieldentry>2.000000000</fieldentry></qti_metadatafield><qti_metadatafield><fieldlabel>qmd_globalid</fieldlabel><fieldentry>f06f50db-bc47-407d-a421-173cc93ffc5f</fieldentry></qti_metadatafield><qti_metadatafield><fieldlabel>qmd_displayid</fieldlabel><fieldentry>IDL2021_S1_MASTER_2013_20160524113513-102</fieldentry></qti_metadatafield></qtimetadata></itemmetadata><itemproc_extension><d2l_2p0:difficulty>0</d2l_2p0:difficulty><d2l_2p0:isbonus>no</d2l_2p0:isbonus><d2l_2p0:ismandatory>yes</d2l_2p0:ismandatory></itemproc_extension><presentation><flow><material><mattext texttype="text/html">-5(-35)  </mattext></material><response_extension><d2l_2p0:display_style>2</d2l_2p0:display_style><d2l_2p0:enumeration>0</d2l_2p0:enumeration><d2l_2p0:grading_type>0</d2l_2p0:grading_type></response_extension><response_lid ident="QUES_12429_12443_LID" rcardinality="Single"><render_choice shuffle="no"><flow_label class="Block"><response_label ident="QUES_12429_12443_A42828"><flow_mat><material><mattext texttype="text/html">-165  </mattext></material></flow_mat></response_label></flow_label><flow_label class="Block"><response_label ident="QUES_12429_12443_A42829"><flow_mat><material><mattext texttype="text/html">-40  </mattext></material></flow_mat></response_label></flow_label><flow_label class="Block"><response_label ident="QUES_12429_12443_A42830"><flow_mat><material><mattext texttype="text/html">40  </mattext></material></flow_mat></response_label></flow_label><flow_label class="Block"><response_label ident="QUES_12429_12443_A42831"><flow_mat><material><mattext texttype="text/html">175  </mattext></material></flow_mat></response_label></flow_label></render_choice></response_lid></flow></presentation><resprocessing><respcondition title="Response Condition 1"><conditionvar><varequal respident="QUES_12429_12443_LID">QUES_12429_12443_A42828</varequal></conditionvar><setvar action="Set">0.000000000</setvar><displayfeedback feedbacktype="Response" linkrefid="QUES_12429_12443_IF42828" /></respcondition><respcondition title="Response Condition 2"><conditionvar><varequal respident="QUES_12429_12443_LID">QUES_12429_12443_A42829</varequal></conditionvar><setvar action="Set">0.000000000</setvar><displayfeedback feedbacktype="Response" linkrefid="QUES_12429_12443_IF42829" /></respcondition><respcondition title="Response Condition 3"><conditionvar><varequal respident="QUES_12429_12443_LID">QUES_12429_12443_A42830</varequal></conditionvar><setvar action="Set">0.000000000</setvar><displayfeedback feedbacktype="Response" linkrefid="QUES_12429_12443_IF42830" /></respcondition><respcondition title="Response Condition 4"><conditionvar><varequal respident="QUES_12429_12443_LID">QUES_12429_12443_A42831</varequal></conditionvar><setvar action="Set">100.000000000</setvar><displayfeedback feedbacktype="Response" linkrefid="QUES_12429_12443_IF42831" /></respcondition></resprocessing><itemfeedback ident="QUES_12429_12443_IF42828"><material><mattext texttype="text/plain" /></material></itemfeedback><itemfeedback ident="QUES_12429_12443_IF42829"><material><mattext texttype="text/plain" /></material></itemfeedback><itemfeedback ident="QUES_12429_12443_IF42830"><material><mattext texttype="text/plain" /></material></itemfeedback><itemfeedback ident="QUES_12429_12443_IF42831"><material><mattext texttype="text/plain" /></material></itemfeedback></item><item ident="OBJ_12544" label="QUES_12430_12444" d2l_2p0:page="1"><itemmetadata><qtimetadata><qti_metadatafield><fieldlabel>qmd_computerscored</fieldlabel><fieldentry>yes</fieldentry></qti_metadatafield><qti_metadatafield><fieldlabel>qmd_questiontype</fieldlabel><fieldentry>Multiple Choice</fieldentry></qti_metadatafield><qti_metadatafield><fieldlabel>qmd_weighting</fieldlabel><fieldentry>2.000000000</fieldentry></qti_metadatafield><qti_metadatafield><fieldlabel>qmd_globalid</fieldlabel><fieldentry>c27c4c75-5f7b-4fe4-b3de-1281ec862ab7</fieldentry></qti_metadatafield><qti_metadatafield><fieldlabel>qmd_displayid</fieldlabel><fieldentry>IDL2021_S1_MASTER_2013_20160524113513-103</fieldentry></qti_metadatafield></qtimetadata></itemmetadata><itemproc_extension><d2l_2p0:difficulty>0</d2l_2p0:difficulty><d2l_2p0:isbonus>no</d2l_2p0:isbonus><d2l_2p0:ismandatory>yes</d2l_2p0:ismandatory></itemproc_extension><presentation><flow><material><mattext texttype="text/html">(-4)(0)(-10)</mattext></material><response_extension><d2l_2p0:display_style>2</d2l_2p0:display_style><d2l_2p0:enumeration>0</d2l_2p0:enumeration><d2l_2p0:grading_type>0</d2l_2p0:grading_type></response_extension><response_lid ident="QUES_12430_12444_LID" rcardinality="Single"><render_choice shuffle="no"><flow_label class="Block"><response_label ident="QUES_12430_12444_A42832"><flow_mat><material><mattext texttype="text/html">0</mattext></material></flow_mat></response_label></flow_label><flow_label class="Block"><response_label ident="QUES_12430_12444_A42833"><flow_mat><material><mattext texttype="text/html">-40</mattext></material></flow_mat></response_label></flow_label><flow_label class="Block"><response_label ident="QUES_12430_12444_A42834"><flow_mat><material><mattext texttype="text/html">4</mattext></material></flow_mat></response_label></flow_label><flow_label class="Block"><response_label ident="QUES_12430_12444_A42835"><flow_mat><material><mattext texttype="text/html">40</mattext></material></flow_mat></response_label></flow_label></render_choice></response_lid></flow></presentation><resprocessing><respcondition title="Response Condition 1"><conditionvar><varequal respident="QUES_12430_12444_LID">QUES_12430_12444_A42832</varequal></conditionvar><setvar action="Set">100.000000000</setvar><displayfeedback feedbacktype="Response" linkrefid="QUES_12430_12444_IF42832" /></respcondition><respcondition title="Response Condition 2"><conditionvar><varequal respident="QUES_12430_12444_LID">QUES_12430_12444_A42833</varequal></conditionvar><setvar action="Set">0.000000000</setvar><displayfeedback feedbacktype="Response" linkrefid="QUES_12430_12444_IF42833" /></respcondition><respcondition title="Response Condition 3"><conditionvar><varequal respident="QUES_12430_12444_LID">QUES_12430_12444_A42834</varequal></conditionvar><setvar action="Set">0.000000000</setvar><displayfeedback feedbacktype="Response" linkrefid="QUES_12430_12444_IF42834" /></respcondition><respcondition title="Response Condition 4"><conditionvar><varequal respident="QUES_12430_12444_LID">QUES_12430_12444_A42835</varequal></conditionvar><setvar action="Set">0.000000000</setvar><displayfeedback feedbacktype="Response" linkrefid="QUES_12430_12444_IF42835" /></respcondition></resprocessing><itemfeedback ident="QUES_12430_12444_IF42832"><material><mattext texttype="text/plain" /></material></itemfeedback><itemfeedback ident="QUES_12430_12444_IF42833"><material><mattext texttype="text/plain" /></material></itemfeedback><itemfeedback ident="QUES_12430_12444_IF42834"><material><mattext texttype="text/plain" /></material></itemfeedback><itemfeedback ident="QUES_12430_12444_IF42835"><material><mattext texttype="text/plain" /></material></itemfeedback></item><item ident="OBJ_12545" label="QUES_12431_12445" d2l_2p0:page="1"><itemmetadata><qtimetadata><qti_metadatafield><fieldlabel>qmd_computerscored</fieldlabel><fieldentry>yes</fieldentry></qti_metadatafield><qti_metadatafield><fieldlabel>qmd_questiontype</fieldlabel><fieldentry>Multiple Choice</fieldentry></qti_metadatafield><qti_metadatafield><fieldlabel>qmd_weighting</fieldlabel><fieldentry>2.000000000</fieldentry></qti_metadatafield><qti_metadatafield><fieldlabel>qmd_globalid</fieldlabel><fieldentry>7daaf676-e0f7-4889-b964-3cf0702d260e</fieldentry></qti_metadatafield><qti_metadatafield><fieldlabel>qmd_displayid</fieldlabel><fieldentry>IDL2021_S1_MASTER_2013_20160524113513-104</fieldentry></qti_metadatafield></qtimetadata></itemmetadata><itemproc_extension><d2l_2p0:difficulty>0</d2l_2p0:difficulty><d2l_2p0:isbonus>no</d2l_2p0:isbonus><d2l_2p0:ismandatory>yes</d2l_2p0:ismandatory></itemproc_extension><presentation><flow><material><mattext texttype="text/html">-4(8)(-2)</mattext></material><response_extension><d2l_2p0:display_style>2</d2l_2p0:display_style><d2l_2p0:enumeration>0</d2l_2p0:enumeration><d2l_2p0:grading_type>0</d2l_2p0:grading_type></response_extension><response_lid ident="QUES_12431_12445_LID" rcardinality="Single"><render_choice shuffle="no"><flow_label class="Block"><response_label ident="QUES_12431_12445_A42836"><flow_mat><material><mattext texttype="text/html">-32</mattext></material></flow_mat></response_label></flow_label><flow_label class="Block"><response_label ident="QUES_12431_12445_A42837"><flow_mat><material><mattext texttype="text/html">64</mattext></material></flow_mat></response_label></flow_label><flow_label class="Block"><response_label ident="QUES_12431_12445_A42838"><flow_mat><material><mattext texttype="text/html">46</mattext></material></flow_mat></response_label></flow_label><flow_label class="Block"><response_label ident="QUES_12431_12445_A42839"><flow_mat><material><mattext texttype="text/html">-24</mattext></material></flow_mat></response_label></flow_label></render_choice></response_lid></flow></presentation><resprocessing><respcondition title="Response Condition 1"><conditionvar><varequal respident="QUES_12431_12445_LID">QUES_12431_12445_A42836</varequal></conditionvar><setvar action="Set">0.000000000</setvar><displayfeedback feedbacktype="Response" linkrefid="QUES_12431_12445_IF42836" /></respcondition><respcondition title="Response Condition 2"><conditionvar><varequal respident="QUES_12431_12445_LID">QUES_12431_12445_A42837</varequal></conditionvar><setvar action="Set">100.000000000</setvar><displayfeedback feedbacktype="Response" linkrefid="QUES_12431_12445_IF42837" /></respcondition><respcondition title="Response Condition 3"><conditionvar><varequal respident="QUES_12431_12445_LID">QUES_12431_12445_A42838</varequal></conditionvar><setvar action="Set">0.000000000</setvar><displayfeedback feedbacktype="Response" linkrefid="QUES_12431_12445_IF42838" /></respcondition><respcondition title="Response Condition 4"><conditionvar><varequal respident="QUES_12431_12445_LID">QUES_12431_12445_A42839</varequal></conditionvar><setvar action="Set">0.000000000</setvar><displayfeedback feedbacktype="Response" linkrefid="QUES_12431_12445_IF42839" /></respcondition></resprocessing><itemfeedback ident="QUES_12431_12445_IF42836"><material><mattext texttype="text/plain" /></material></itemfeedback><itemfeedback ident="QUES_12431_12445_IF42837"><material><mattext texttype="text/plain" /></material></itemfeedback><itemfeedback ident="QUES_12431_12445_IF42838"><material><mattext texttype="text/plain" /></material></itemfeedback><itemfeedback ident="QUES_12431_12445_IF42839"><material><mattext texttype="text/plain" /></material></itemfeedback></item><item ident="OBJ_12546" label="QUES_12432_12446" d2l_2p0:page="1"><itemmetadata><qtimetadata><qti_metadatafield><fieldlabel>qmd_computerscored</fieldlabel><fieldentry>yes</fieldentry></qti_metadatafield><qti_metadatafield><fieldlabel>qmd_questiontype</fieldlabel><fieldentry>Multiple Choice</fieldentry></qti_metadatafield><qti_metadatafield><fieldlabel>qmd_weighting</fieldlabel><fieldentry>2.000000000</fieldentry></qti_metadatafield><qti_metadatafield><fieldlabel>qmd_globalid</fieldlabel><fieldentry>6d8e0fab-a06c-4b1d-a474-afec8e7d4d6d</fieldentry></qti_metadatafield><qti_metadatafield><fieldlabel>qmd_displayid</fieldlabel><fieldentry>IDL2021_S1_MASTER_2013_20160524113513-105</fieldentry></qti_metadatafield></qtimetadata></itemmetadata><itemproc_extension><d2l_2p0:difficulty>0</d2l_2p0:difficulty><d2l_2p0:isbonus>no</d2l_2p0:isbonus><d2l_2p0:ismandatory>yes</d2l_2p0:ismandatory></itemproc_extension><presentation><flow><material><mattext texttype="text/html">6(-3)(3)</mattext></material><response_extension><d2l_2p0:display_style>2</d2l_2p0:display_style><d2l_2p0:enumeration>0</d2l_2p0:enumeration><d2l_2p0:grading_type>0</d2l_2p0:grading_type></response_extension><response_lid ident="QUES_12432_12446_LID" rcardinality="Single"><render_choice shuffle="no"><flow_label class="Block"><response_label ident="QUES_12432_12446_A42840"><flow_mat><material><mattext texttype="text/html">54</mattext></material></flow_mat></response_label></flow_label><flow_label class="Block"><response_label ident="QUES_12432_12446_A42841"><flow_mat><material><mattext texttype="text/html">36</mattext></material></flow_mat></response_label></flow_label><flow_label class="Block"><response_label ident="QUES_12432_12446_A42842"><flow_mat><material><mattext texttype="text/html">15</mattext></material></flow_mat></response_label></flow_label><flow_label class="Block"><response_label ident="QUES_12432_12446_A42843"><flow_mat><material><mattext texttype="text/html">-54</mattext></material></flow_mat></response_label></flow_label></render_choice></response_lid></flow></presentation><resprocessing><respcondition title="Response Condition 1"><conditionvar><varequal respident="QUES_12432_12446_LID">QUES_12432_12446_A42840</varequal></conditionvar><setvar action="Set">0.000000000</setvar><displayfeedback feedbacktype="Response" linkrefid="QUES_12432_12446_IF42840" /></respcondition><respcondition title="Response Condition 2"><conditionvar><varequal respident="QUES_12432_12446_LID">QUES_12432_12446_A42841</varequal></conditionvar><setvar action="Set">0.000000000</setvar><displayfeedback feedbacktype="Response" linkrefid="QUES_12432_12446_IF42841" /></respcondition><respcondition title="Response Condition 3"><conditionvar><varequal respident="QUES_12432_12446_LID">QUES_12432_12446_A42842</varequal></conditionvar><setvar action="Set">0.000000000</setvar><displayfeedback feedbacktype="Response" linkrefid="QUES_12432_12446_IF42842" /></respcondition><respcondition title="Response Condition 4"><conditionvar><varequal respident="QUES_12432_12446_LID">QUES_12432_12446_A42843</varequal></conditionvar><setvar action="Set">100.000000000</setvar><displayfeedback feedbacktype="Response" linkrefid="QUES_12432_12446_IF42843" /></respcondition></resprocessing><itemfeedback ident="QUES_12432_12446_IF42840"><material><mattext texttype="text/plain" /></material></itemfeedback><itemfeedback ident="QUES_12432_12446_IF42841"><material><mattext texttype="text/plain" /></material></itemfeedback><itemfeedback ident="QUES_12432_12446_IF42842"><material><mattext texttype="text/plain" /></material></itemfeedback><itemfeedback ident="QUES_12432_12446_IF42843"><material><mattext texttype="text/plain" /></material></itemfeedback></item><item ident="OBJ_12547" label="QUES_12433_12447" d2l_2p0:page="1"><itemmetadata><qtimetadata><qti_metadatafield><fieldlabel>qmd_computerscored</fieldlabel><fieldentry>yes</fieldentry></qti_metadatafield><qti_metadatafield><fieldlabel>qmd_questiontype</fieldlabel><fieldentry>Multiple Choice</fieldentry></qti_metadatafield><qti_metadatafield><fieldlabel>qmd_weighting</fieldlabel><fieldentry>2.000000000</fieldentry></qti_metadatafield><qti_metadatafield><fieldlabel>qmd_globalid</fieldlabel><fieldentry>08eb4a22-158a-42bb-a434-7e9ddd94727f</fieldentry></qti_metadatafield><qti_metadatafield><fieldlabel>qmd_displayid</fieldlabel><fieldentry>IDL2021_S1_MASTER_2013_20160524113513-106</fieldentry></qti_metadatafield></qtimetadata></itemmetadata><itemproc_extension><d2l_2p0:difficulty>0</d2l_2p0:difficulty><d2l_2p0:isbonus>no</d2l_2p0:isbonus><d2l_2p0:ismandatory>yes</d2l_2p0:ismandatory></itemproc_extension><presentation><flow><material><mattext texttype="text/html">-1(9)(1)</mattext></material><response_extension><d2l_2p0:display_style>2</d2l_2p0:display_style><d2l_2p0:enumeration>0</d2l_2p0:enumeration><d2l_2p0:grading_type>0</d2l_2p0:grading_type></response_extension><response_lid ident="QUES_12433_12447_LID" rcardinality="Single"><render_choice shuffle="no"><flow_label class="Block"><response_label ident="QUES_12433_12447_A42844"><flow_mat><material><mattext texttype="text/html">-9</mattext></material></flow_mat></response_label></flow_label><flow_label class="Block"><response_label ident="QUES_12433_12447_A42845"><flow_mat><material><mattext texttype="text/html">11</mattext></material></flow_mat></response_label></flow_label><flow_label class="Block"><response_label ident="QUES_12433_12447_A42846"><flow_mat><material><mattext texttype="text/html">1</mattext></material></flow_mat></response_label></flow_label><flow_label class="Block"><response_label ident="QUES_12433_12447_A42847"><flow_mat><material><mattext texttype="text/html">-18</mattext></material></flow_mat></response_label></flow_label></render_choice></response_lid></flow></presentation><resprocessing><respcondition title="Response Condition 1"><conditionvar><varequal respident="QUES_12433_12447_LID">QUES_12433_12447_A42844</varequal></conditionvar><setvar action="Set">100.000000000</setvar><displayfeedback feedbacktype="Response" linkrefid="QUES_12433_12447_IF42844" /></respcondition><respcondition title="Response Condition 2"><conditionvar><varequal respident="QUES_12433_12447_LID">QUES_12433_12447_A42845</varequal></conditionvar><setvar action="Set">0.000000000</setvar><displayfeedback feedbacktype="Response" linkrefid="QUES_12433_12447_IF42845" /></respcondition><respcondition title="Response Condition 3"><conditionvar><varequal respident="QUES_12433_12447_LID">QUES_12433_12447_A42846</varequal></conditionvar><setvar action="Set">0.000000000</setvar><displayfeedback feedbacktype="Response" linkrefid="QUES_12433_12447_IF42846" /></respcondition><respcondition title="Response Condition 4"><conditionvar><varequal respident="QUES_12433_12447_LID">QUES_12433_12447_A42847</varequal></conditionvar><setvar action="Set">0.000000000</setvar><displayfeedback feedbacktype="Response" linkrefid="QUES_12433_12447_IF42847" /></respcondition></resprocessing><itemfeedback ident="QUES_12433_12447_IF42844"><material><mattext texttype="text/plain" /></material></itemfeedback><itemfeedback ident="QUES_12433_12447_IF42845"><material><mattext texttype="text/plain" /></material></itemfeedback><itemfeedback ident="QUES_12433_12447_IF42846"><material><mattext texttype="text/plain" /></material></itemfeedback><itemfeedback ident="QUES_12433_12447_IF42847"><material><mattext texttype="text/plain" /></material></itemfeedback></item><item ident="OBJ_12548" label="QUES_12434_12448" d2l_2p0:page="1"><itemmetadata><qtimetadata><qti_metadatafield><fieldlabel>qmd_computerscored</fieldlabel><fieldentry>yes</fieldentry></qti_metadatafield><qti_metadatafield><fieldlabel>qmd_questiontype</fieldlabel><fieldentry>Multiple Choice</fieldentry></qti_metadatafield><qti_metadatafield><fieldlabel>qmd_weighting</fieldlabel><fieldentry>2.000000000</fieldentry></qti_metadatafield><qti_metadatafield><fieldlabel>qmd_globalid</fieldlabel><fieldentry>08f2293f-f3e7-49b7-860c-0be50ead4a48</fieldentry></qti_metadatafield><qti_metadatafield><fieldlabel>qmd_displayid</fieldlabel><fieldentry>IDL2021_S1_MASTER_2013_20160524113513-107</fieldentry></qti_metadatafield></qtimetadata></itemmetadata><itemproc_extension><d2l_2p0:difficulty>0</d2l_2p0:difficulty><d2l_2p0:isbonus>no</d2l_2p0:isbonus><d2l_2p0:ismandatory>yes</d2l_2p0:ismandatory></itemproc_extension><presentation><flow><material><mattext texttype="text/html">&lt;span style="text-decoration: underline; "&gt; -35&lt;/span&gt;&lt;br /&gt;                -7&lt;br type="_moz" /&gt;</mattext></material><response_extension><d2l_2p0:display_style>2</d2l_2p0:display_style><d2l_2p0:enumeration>0</d2l_2p0:enumeration><d2l_2p0:grading_type>0</d2l_2p0:grading_type></response_extension><response_lid ident="QUES_12434_12448_LID" rcardinality="Single"><render_choice shuffle="no"><flow_label class="Block"><response_label ident="QUES_12434_12448_A42848"><flow_mat><material><mattext texttype="text/html">-42</mattext></material></flow_mat></response_label></flow_label><flow_label class="Block"><response_label ident="QUES_12434_12448_A42849"><flow_mat><material><mattext texttype="text/html">275</mattext></material></flow_mat></response_label></flow_label><flow_label class="Block"><response_label ident="QUES_12434_12448_A42850"><flow_mat><material><mattext texttype="text/html">5</mattext></material></flow_mat></response_label></flow_label><flow_label class="Block"><response_label ident="QUES_12434_12448_A42851"><flow_mat><material><mattext texttype="text/html">28</mattext></material></flow_mat></response_label></flow_label></render_choice></response_lid></flow></presentation><resprocessing><respcondition title="Response Condition 1"><conditionvar><varequal respident="QUES_12434_12448_LID">QUES_12434_12448_A42848</varequal></conditionvar><setvar action="Set">0.000000000</setvar><displayfeedback feedbacktype="Response" linkrefid="QUES_12434_12448_IF42848" /></respcondition><respcondition title="Response Condition 2"><conditionvar><varequal respident="QUES_12434_12448_LID">QUES_12434_12448_A42849</varequal></conditionvar><setvar action="Set">0.000000000</setvar><displayfeedback feedbacktype="Response" linkrefid="QUES_12434_12448_IF42849" /></respcondition><respcondition title="Response Condition 3"><conditionvar><varequal respident="QUES_12434_12448_LID">QUES_12434_12448_A42850</varequal></conditionvar><setvar action="Set">100.000000000</setvar><displayfeedback feedbacktype="Response" linkrefid="QUES_12434_12448_IF42850" /></respcondition><respcondition title="Response Condition 4"><conditionvar><varequal respident="QUES_12434_12448_LID">QUES_12434_12448_A42851</varequal></conditionvar><setvar action="Set">0.000000000</setvar><displayfeedback feedbacktype="Response" linkrefid="QUES_12434_12448_IF42851" /></respcondition></resprocessing><itemfeedback ident="QUES_12434_12448_IF42848"><material><mattext texttype="text/plain" /></material></itemfeedback><itemfeedback ident="QUES_12434_12448_IF42849"><material><mattext texttype="text/plain" /></material></itemfeedback><itemfeedback ident="QUES_12434_12448_IF42850"><material><mattext texttype="text/plain" /></material></itemfeedback><itemfeedback ident="QUES_12434_12448_IF42851"><material><mattext texttype="text/plain" /></material></itemfeedback></item><item ident="OBJ_12549" label="QUES_12435_12449" d2l_2p0:page="1"><itemmetadata><qtimetadata><qti_metadatafield><fieldlabel>qmd_computerscored</fieldlabel><fieldentry>yes</fieldentry></qti_metadatafield><qti_metadatafield><fieldlabel>qmd_questiontype</fieldlabel><fieldentry>Multiple Choice</fieldentry></qti_metadatafield><qti_metadatafield><fieldlabel>qmd_weighting</fieldlabel><fieldentry>2.000000000</fieldentry></qti_metadatafield><qti_metadatafield><fieldlabel>qmd_globalid</fieldlabel><fieldentry>45173572-8441-4769-b906-85e68f7c1e30</fieldentry></qti_metadatafield><qti_metadatafield><fieldlabel>qmd_displayid</fieldlabel><fieldentry>IDL2021_S1_MASTER_2013_20160524113513-108</fieldentry></qti_metadatafield></qtimetadata></itemmetadata><itemproc_extension><d2l_2p0:difficulty>0</d2l_2p0:difficulty><d2l_2p0:isbonus>no</d2l_2p0:isbonus><d2l_2p0:ismandatory>yes</d2l_2p0:ismandatory></itemproc_extension><presentation><flow><material><mattext texttype="text/html">(-3)(-22)</mattext></material><response_extension><d2l_2p0:display_style>2</d2l_2p0:display_style><d2l_2p0:enumeration>0</d2l_2p0:enumeration><d2l_2p0:grading_type>0</d2l_2p0:grading_type></response_extension><response_lid ident="QUES_12435_12449_LID" rcardinality="Single"><render_choice shuffle="no"><flow_label class="Block"><response_label ident="QUES_12435_12449_A42852"><flow_mat><material><mattext texttype="text/html">-25</mattext></material></flow_mat></response_label></flow_label><flow_label class="Block"><response_label ident="QUES_12435_12449_A42853"><flow_mat><material><mattext texttype="text/html">25</mattext></material></flow_mat></response_label></flow_label><flow_label class="Block"><response_label ident="QUES_12435_12449_A42854"><flow_mat><material><mattext texttype="text/html">-19</mattext></material></flow_mat></response_label></flow_label><flow_label class="Block"><response_label ident="QUES_12435_12449_A42855"><flow_mat><material><mattext texttype="text/html">66</mattext></material></flow_mat></response_label></flow_label></render_choice></response_lid></flow></presentation><resprocessing><respcondition title="Response Condition 1"><conditionvar><varequal respident="QUES_12435_12449_LID">QUES_12435_12449_A42852</varequal></conditionvar><setvar action="Set">0.000000000</setvar><displayfeedback feedbacktype="Response" linkrefid="QUES_12435_12449_IF42852" /></respcondition><respcondition title="Response Condition 2"><conditionvar><varequal respident="QUES_12435_12449_LID">QUES_12435_12449_A42853</varequal></conditionvar><setvar action="Set">0.000000000</setvar><displayfeedback feedbacktype="Response" linkrefid="QUES_12435_12449_IF42853" /></respcondition><respcondition title="Response Condition 3"><conditionvar><varequal respident="QUES_12435_12449_LID">QUES_12435_12449_A42854</varequal></conditionvar><setvar action="Set">0.000000000</setvar><displayfeedback feedbacktype="Response" linkrefid="QUES_12435_12449_IF42854" /></respcondition><respcondition title="Response Condition 4"><conditionvar><varequal respident="QUES_12435_12449_LID">QUES_12435_12449_A42855</varequal></conditionvar><setvar action="Set">100.000000000</setvar><displayfeedback feedbacktype="Response" linkrefid="QUES_12435_12449_IF42855" /></respcondition></resprocessing><itemfeedback ident="QUES_12435_12449_IF42852"><material><mattext texttype="text/plain" /></material></itemfeedback><itemfeedback ident="QUES_12435_12449_IF42853"><material><mattext texttype="text/plain" /></material></itemfeedback><itemfeedback ident="QUES_12435_12449_IF42854"><material><mattext texttype="text/plain" /></material></itemfeedback><itemfeedback ident="QUES_12435_12449_IF42855"><material><mattext texttype="text/plain" /></material></itemfeedback></item><item ident="OBJ_12550" label="QUES_12436_12450" d2l_2p0:page="1"><itemmetadata><qtimetadata><qti_metadatafield><fieldlabel>qmd_computerscored</fieldlabel><fieldentry>yes</fieldentry></qti_metadatafield><qti_metadatafield><fieldlabel>qmd_questiontype</fieldlabel><fieldentry>Multiple Choice</fieldentry></qti_metadatafield><qti_metadatafield><fieldlabel>qmd_weighting</fieldlabel><fieldentry>2.000000000</fieldentry></qti_metadatafield><qti_metadatafield><fieldlabel>qmd_globalid</fieldlabel><fieldentry>d1c55417-7683-43fa-8e2c-cec9c043cbcc</fieldentry></qti_metadatafield><qti_metadatafield><fieldlabel>qmd_displayid</fieldlabel><fieldentry>IDL2021_S1_MASTER_2013_20160524113513-109</fieldentry></qti_metadatafield></qtimetadata></itemmetadata><itemproc_extension><d2l_2p0:difficulty>0</d2l_2p0:difficulty><d2l_2p0:isbonus>no</d2l_2p0:isbonus><d2l_2p0:ismandatory>yes</d2l_2p0:ismandatory></itemproc_extension><presentation><flow><material><mattext texttype="text/html">(-2)(3)(-4)(2)</mattext></material><response_extension><d2l_2p0:display_style>2</d2l_2p0:display_style><d2l_2p0:enumeration>0</d2l_2p0:enumeration><d2l_2p0:grading_type>0</d2l_2p0:grading_type></response_extension><response_lid ident="QUES_12436_12450_LID" rcardinality="Single"><render_choice shuffle="no"><flow_label class="Block"><response_label ident="QUES_12436_12450_A42856"><flow_mat><material><mattext texttype="text/html">48</mattext></material></flow_mat></response_label></flow_label><flow_label class="Block"><response_label ident="QUES_12436_12450_A42857"><flow_mat><material><mattext texttype="text/html">11</mattext></material></flow_mat></response_label></flow_label><flow_label class="Block"><response_label ident="QUES_12436_12450_A42858"><flow_mat><material><mattext texttype="text/html">-11</mattext></material></flow_mat></response_label></flow_label><flow_label class="Block"><response_label ident="QUES_12436_12450_A42859"><flow_mat><material><mattext texttype="text/html">36</mattext></material></flow_mat></response_label></flow_label></render_choice></response_lid></flow></presentation><resprocessing><respcondition title="Response Condition 1"><conditionvar><varequal respident="QUES_12436_12450_LID">QUES_12436_12450_A42856</varequal></conditionvar><setvar action="Set">100.000000000</setvar><displayfeedback feedbacktype="Response" linkrefid="QUES_12436_12450_IF42856" /></respcondition><respcondition title="Response Condition 2"><conditionvar><varequal respident="QUES_12436_12450_LID">QUES_12436_12450_A42857</varequal></conditionvar><setvar action="Set">0.000000000</setvar><displayfeedback feedbacktype="Response" linkrefid="QUES_12436_12450_IF42857" /></respcondition><respcondition title="Response Condition 3"><conditionvar><varequal respident="QUES_12436_12450_LID">QUES_12436_12450_A42858</varequal></conditionvar><setvar action="Set">0.000000000</setvar><displayfeedback feedbacktype="Response" linkrefid="QUES_12436_12450_IF42858" /></respcondition><respcondition title="Response Condition 4"><conditionvar><varequal respident="QUES_12436_12450_LID">QUES_12436_12450_A42859</varequal></conditionvar><setvar action="Set">0.000000000</setvar><displayfeedback feedbacktype="Response" linkrefid="QUES_12436_12450_IF42859" /></respcondition></resprocessing><itemfeedback ident="QUES_12436_12450_IF42856"><material><mattext texttype="text/plain" /></material></itemfeedback><itemfeedback ident="QUES_12436_12450_IF42857"><material><mattext texttype="text/plain" /></material></itemfeedback><itemfeedback ident="QUES_12436_12450_IF42858"><material><mattext texttype="text/plain" /></material></itemfeedback><itemfeedback ident="QUES_12436_12450_IF42859"><material><mattext texttype="text/plain" /></material></itemfeedback></item><item ident="OBJ_12551" label="QUES_12437_12451" d2l_2p0:page="1"><itemmetadata><qtimetadata><qti_metadatafield><fieldlabel>qmd_computerscored</fieldlabel><fieldentry>yes</fieldentry></qti_metadatafield><qti_metadatafield><fieldlabel>qmd_questiontype</fieldlabel><fieldentry>Long Answer</fieldentry></qti_metadatafield><qti_metadatafield><fieldlabel>qmd_weighting</fieldlabel><fieldentry>4.000000000</fieldentry></qti_metadatafield><qti_metadatafield><fieldlabel>qmd_globalid</fieldlabel><fieldentry>dfe19faa-0ae6-46a6-89ab-c6a79b0d97ef</fieldentry></qti_metadatafield><qti_metadatafield><fieldlabel>qmd_displayid</fieldlabel><fieldentry>IDL2021_S1_MASTER_2013_20160524113513-110</fieldentry></qti_metadatafield></qtimetadata></itemmetadata><itemproc_extension><d2l_2p0:difficulty>0</d2l_2p0:difficulty><d2l_2p0:isbonus>no</d2l_2p0:isbonus><d2l_2p0:ismandatory>yes</d2l_2p0:ismandatory></itemproc_extension><presentation><flow><material><mattext texttype="text/html">The price of one share of a stock fell by a value of $4 each day for twelve days in a row.  1. What was the total change in the price of the stock?  2. If the original price of the stock was $155, what is the new selling price?&lt;div&gt;&lt;br /&gt;&lt;/div&gt;&lt;div&gt;Create a number sentence for each part of the problem. State your answers for parts 1 and 2.  Explain how you use your rules for multiplication of integers to solve this problem.&lt;/div&gt;</mattext></material><response_extension><d2l_2p0:has_signed_comments>no</d2l_2p0:has_signed_comments><d2l_2p0:has_htmleditor>yes</d2l_2p0:has_htmleditor></response_extension><response_str ident="QUES_12437_12451_STR" rcardinality="Multiple"><render_fib rows="0" columns="20" prompt="Box" fibtype="String"><response_label ident="QUES_12437_12451_LA"><material><mattext texttype="text/plain" /></material></response_label></render_fib></response_str></flow></presentation><answer_key><answer_key_material><flow_mat><material><mattext texttype="text/html">1.  12 x (-4) = - 48&lt;div&gt;The stock fell $48 dollars in 12 days.&lt;br /&gt;&lt;div&gt;&lt;br /&gt;&lt;/div&gt;&lt;div&gt;2.  155 - [12 x (-4)] = 107&lt;/div&gt;&lt;div&gt;The new price is $107.&lt;/div&gt;&lt;div&gt;&lt;br /&gt;&lt;/div&gt;&lt;div&gt;You need to use the rule for multiplying one positive and one negative equals a negative number for part 1.  &lt;/div&gt;&lt;/div&gt;</mattext></material></flow_mat></answer_key_material></answer_key></item></section></assessment></questestinterop>