﻿<?xml version="1.0" encoding="UTF-8"?><questestinterop xmlns:d2l_2p0="http://desire2learn.com/xsd/d2lcp_v2p0"><assessment d2l_2p0:id="254" title="5.7.a  Scientific Notation" ident="res_quiz_830" d2l_2p0:resource_code="776e160a-890e-4c63-8e5b-37643487cb25"><rubric><flow_mat><material><mattext d2l_2p0:isdisplayed="yes" texttype="text/html">&lt;p&gt;There are 10 problems worth 2 points each.&lt;/p&gt;</mattext></material></flow_mat></rubric><assessmentcontrol hintswitch="yes" solutionswitch="yes" feedbackswitch="no" /><presentation_material><flow_mat><material label="page header"><mattext d2l_2p0:isdisplayed="yes" texttype="text/html" /></material><material label="page footer"><mattext d2l_2p0:isdisplayed="yes" texttype="text/html" /></material></flow_mat></presentation_material><assess_procextension><d2l_2p0:intro_message d2l_2p0:isdisplayed="yes" texttype="text/html">&lt;p&gt;Complete each problem. Be careful with the decimal places while you work and when you fill in the answer.&lt;/p&gt;</d2l_2p0:intro_message><grade_item d2l_2p0:is_autoexport="yes" resource_code="50e4c5b7-528b-469b-8da2-22997ef7078a">2388</grade_item><d2l_2p0:disable_right_click>yes</d2l_2p0:disable_right_click><d2l_2p0:disable_pager_access>yes</d2l_2p0:disable_pager_access><is_active>yes</is_active><d2l_2p0:date_start /><d2l_2p0:date_end /><d2l_2p0:has_schedule_event>no</d2l_2p0:has_schedule_event><d2l_2p0:is_attempt_Rldb>no</d2l_2p0:is_attempt_Rldb><d2l_2p0:is_subview_Rldb>no</d2l_2p0:is_subview_Rldb><d2l_2p0:time_limit>120</d2l_2p0:time_limit><d2l_2p0:show_clock>yes</d2l_2p0:show_clock><d2l_2p0:enforce_time_limit>yes</d2l_2p0:enforce_time_limit><d2l_2p0:grace_period>5</d2l_2p0:grace_period><d2l_2p0:late_limit>1</d2l_2p0:late_limit><d2l_2p0:attempts_allowed>1</d2l_2p0:attempts_allowed><d2l_2p0:attempt_restrictions /><d2l_2p0:mark_calculation_type>1</d2l_2p0:mark_calculation_type><d2l_2p0:is_forward_only>no</d2l_2p0:is_forward_only></assess_procextension><section ident="CONTAINER_SECTION"><item ident="OBJ_12562" label="QUES_12448_12462" d2l_2p0:page="1"><itemmetadata><qtimetadata><qti_metadatafield><fieldlabel>qmd_computerscored</fieldlabel><fieldentry>yes</fieldentry></qti_metadatafield><qti_metadatafield><fieldlabel>qmd_questiontype</fieldlabel><fieldentry>Long Answer</fieldentry></qti_metadatafield><qti_metadatafield><fieldlabel>qmd_weighting</fieldlabel><fieldentry>2.000000000</fieldentry></qti_metadatafield><qti_metadatafield><fieldlabel>qmd_globalid</fieldlabel><fieldentry>5930060e-d647-47ad-aa02-708dd4b5c973</fieldentry></qti_metadatafield><qti_metadatafield><fieldlabel>qmd_displayid</fieldlabel><fieldentry>IDL2021_S1_MASTER_2013_20160524113513-121</fieldentry></qti_metadatafield></qtimetadata></itemmetadata><itemproc_extension><d2l_2p0:difficulty>0</d2l_2p0:difficulty><d2l_2p0:isbonus>no</d2l_2p0:isbonus><d2l_2p0:ismandatory>yes</d2l_2p0:ismandatory></itemproc_extension><presentation><flow><material><mattext texttype="text/html">Write in standard notation.&lt;div&gt;&lt;br /&gt;&lt;/div&gt;&lt;div&gt;One light year is 5.88 x 10^12 miles&lt;/div&gt;</mattext></material><response_extension><d2l_2p0:has_signed_comments>no</d2l_2p0:has_signed_comments><d2l_2p0:has_htmleditor>yes</d2l_2p0:has_htmleditor></response_extension><response_str ident="QUES_12448_12462_STR" rcardinality="Multiple"><render_fib rows="0" columns="20" prompt="Box" fibtype="String"><response_label ident="QUES_12448_12462_LA"><material><mattext texttype="text/plain" /></material></response_label></render_fib></response_str></flow></presentation><answer_key><answer_key_material><flow_mat><material><mattext texttype="text/html">5,880,000,000,000 miles</mattext></material></flow_mat></answer_key_material></answer_key></item><item ident="OBJ_12563" label="QUES_12449_12463" d2l_2p0:page="1"><itemmetadata><qtimetadata><qti_metadatafield><fieldlabel>qmd_computerscored</fieldlabel><fieldentry>yes</fieldentry></qti_metadatafield><qti_metadatafield><fieldlabel>qmd_questiontype</fieldlabel><fieldentry>Long Answer</fieldentry></qti_metadatafield><qti_metadatafield><fieldlabel>qmd_weighting</fieldlabel><fieldentry>2.000000000</fieldentry></qti_metadatafield><qti_metadatafield><fieldlabel>qmd_globalid</fieldlabel><fieldentry>4beb4559-dfa1-47a2-992b-51c83eb13224</fieldentry></qti_metadatafield><qti_metadatafield><fieldlabel>qmd_displayid</fieldlabel><fieldentry>IDL2021_S1_MASTER_2013_20160524113513-122</fieldentry></qti_metadatafield></qtimetadata></itemmetadata><itemproc_extension><d2l_2p0:difficulty>0</d2l_2p0:difficulty><d2l_2p0:isbonus>no</d2l_2p0:isbonus><d2l_2p0:ismandatory>yes</d2l_2p0:ismandatory></itemproc_extension><presentation><flow><material><mattext texttype="text/html">Write in scientific notation. &lt;div&gt;&lt;br /&gt;&lt;/div&gt;&lt;div&gt;A common house spider weighs about 0.0001 kg&lt;/div&gt;</mattext></material><response_extension><d2l_2p0:has_signed_comments>no</d2l_2p0:has_signed_comments><d2l_2p0:has_htmleditor>yes</d2l_2p0:has_htmleditor></response_extension><response_str ident="QUES_12449_12463_STR" rcardinality="Multiple"><render_fib rows="0" columns="20" prompt="Box" fibtype="String"><response_label ident="QUES_12449_12463_LA"><material><mattext texttype="text/plain" /></material></response_label></render_fib></response_str></flow></presentation><answer_key><answer_key_material><flow_mat><material><mattext texttype="text/html">1.0 x 10^-4 kg</mattext></material></flow_mat></answer_key_material></answer_key></item><item ident="OBJ_12564" label="QUES_12450_12464" d2l_2p0:page="1"><itemmetadata><qtimetadata><qti_metadatafield><fieldlabel>qmd_computerscored</fieldlabel><fieldentry>yes</fieldentry></qti_metadatafield><qti_metadatafield><fieldlabel>qmd_questiontype</fieldlabel><fieldentry>Long Answer</fieldentry></qti_metadatafield><qti_metadatafield><fieldlabel>qmd_weighting</fieldlabel><fieldentry>2.000000000</fieldentry></qti_metadatafield><qti_metadatafield><fieldlabel>qmd_globalid</fieldlabel><fieldentry>a05c8d97-183d-4727-af5f-96ae34a9ea1b</fieldentry></qti_metadatafield><qti_metadatafield><fieldlabel>qmd_displayid</fieldlabel><fieldentry>IDL2021_S1_MASTER_2013_20160524113513-123</fieldentry></qti_metadatafield></qtimetadata></itemmetadata><itemproc_extension><d2l_2p0:difficulty>0</d2l_2p0:difficulty><d2l_2p0:isbonus>no</d2l_2p0:isbonus><d2l_2p0:ismandatory>yes</d2l_2p0:ismandatory></itemproc_extension><presentation><flow><material><mattext texttype="text/html">Explain the steps for writing a large number such as 4 billion, 5 hundred million (4,500,000,000) into scientific notation.</mattext></material><response_extension><d2l_2p0:has_signed_comments>no</d2l_2p0:has_signed_comments><d2l_2p0:has_htmleditor>yes</d2l_2p0:has_htmleditor></response_extension><response_str ident="QUES_12450_12464_STR" rcardinality="Multiple"><render_fib rows="0" columns="20" prompt="Box" fibtype="String"><response_label ident="QUES_12450_12464_LA"><material><mattext texttype="text/plain" /></material></response_label></render_fib></response_str></flow></presentation><answer_key><answer_key_material><flow_mat><material><mattext texttype="text/html">You need to move the imaginary decimal that is to the right of the last zero to the left until you get a number that is equal to or greater than one and less than 10.  The number of spaces you move is the exponent that is the power of 10.  In this problem, you would move the decimal 9 places to the left.  The number written in scientific notation is 4.5 x 10^9.</mattext></material></flow_mat></answer_key_material></answer_key></item><item ident="OBJ_120834" label="QUES_327790_328949" d2l_2p0:page="1"><itemmetadata><qtimetadata><qti_metadatafield><fieldlabel>qmd_computerscored</fieldlabel><fieldentry>yes</fieldentry></qti_metadatafield><qti_metadatafield><fieldlabel>qmd_questiontype</fieldlabel><fieldentry>Short Answer</fieldentry></qti_metadatafield><qti_metadatafield><fieldlabel>qmd_weighting</fieldlabel><fieldentry>2.000000000</fieldentry></qti_metadatafield><qti_metadatafield><fieldlabel>qmd_globalid</fieldlabel><fieldentry>0f0b5745-c449-4975-acd7-b34c8b744514</fieldentry></qti_metadatafield><qti_metadatafield><fieldlabel>qmd_displayid</fieldlabel><fieldentry>IDL2021_S1_MASTER_2013_20160524113513-221</fieldentry></qti_metadatafield></qtimetadata></itemmetadata><itemproc_extension><d2l_2p0:difficulty>1</d2l_2p0:difficulty><d2l_2p0:isbonus>no</d2l_2p0:isbonus><d2l_2p0:ismandatory>no</d2l_2p0:ismandatory></itemproc_extension><presentation><flow><material><mattext texttype="text/html">&lt;p class="p1"&gt;&lt;span class="s1"&gt;Write in scientific notation. &amp;nbsp;Input the correct exponent for 10.&lt;/span&gt;&lt;/p&gt;
&lt;p class="p3"&gt;&lt;span class="s2"&gt;445,900,000 = 4.459 x 10 ?&lt;/span&gt;&lt;/p&gt;</mattext></material><response_extension><d2l_2p0:grading_type>0</d2l_2p0:grading_type></response_extension><response_str ident="QUES_327790_328949_A1188528_STR" rcardinality="Single"><render_fib rows="3" columns="60" prompt="Box" fibtype="String"><response_label ident="QUES_327790_328949_A1188528_ANS" /></render_fib></response_str></flow></presentation><resprocessing><outcomes><decvar vartype="Integer" minvalue="0" maxvalue="100" varname="Blank_1" /></outcomes><respcondition><conditionvar><varequal respident="QUES_327790_328949_A1188528_ANS" case="no">8</varequal></conditionvar><setvar action="Set">100.000000000</setvar></respcondition><respcondition><conditionvar><other /></conditionvar><setvar varname="que_score" action="Set">D2L_Correct</setvar></respcondition></resprocessing></item><item ident="OBJ_120835" label="QUES_327791_328950" d2l_2p0:page="1"><itemmetadata><qtimetadata><qti_metadatafield><fieldlabel>qmd_computerscored</fieldlabel><fieldentry>yes</fieldentry></qti_metadatafield><qti_metadatafield><fieldlabel>qmd_questiontype</fieldlabel><fieldentry>Short Answer</fieldentry></qti_metadatafield><qti_metadatafield><fieldlabel>qmd_weighting</fieldlabel><fieldentry>2.000000000</fieldentry></qti_metadatafield><qti_metadatafield><fieldlabel>qmd_globalid</fieldlabel><fieldentry>cce23a19-8049-4ad9-a437-502a91709b39</fieldentry></qti_metadatafield><qti_metadatafield><fieldlabel>qmd_displayid</fieldlabel><fieldentry>IDL2021_S1_MASTER_2013_20160524113513-222</fieldentry></qti_metadatafield></qtimetadata></itemmetadata><itemproc_extension><d2l_2p0:difficulty>1</d2l_2p0:difficulty><d2l_2p0:isbonus>no</d2l_2p0:isbonus><d2l_2p0:ismandatory>no</d2l_2p0:ismandatory></itemproc_extension><presentation><flow><material><mattext texttype="text/html">&lt;p class="p1"&gt;&lt;span class="s1"&gt;Write in scientific notation. &amp;nbsp;Input the correct exponent of 10.&lt;/span&gt;&lt;/p&gt;
&lt;p class="p3"&gt;&lt;span class="s2"&gt;7,900,000,000 = 7.9 x 10 ?&lt;/span&gt;&lt;/p&gt;</mattext></material><response_extension><d2l_2p0:grading_type>0</d2l_2p0:grading_type></response_extension><response_str ident="QUES_327791_328950_A1188529_STR" rcardinality="Single"><render_fib rows="3" columns="60" prompt="Box" fibtype="String"><response_label ident="QUES_327791_328950_A1188529_ANS" /></render_fib></response_str></flow></presentation><resprocessing><outcomes><decvar vartype="Integer" minvalue="0" maxvalue="100" varname="Blank_1" /></outcomes><respcondition><conditionvar><varequal respident="QUES_327791_328950_A1188529_ANS" case="no">9</varequal></conditionvar><setvar action="Set">100.000000000</setvar></respcondition><respcondition><conditionvar><other /></conditionvar><setvar varname="que_score" action="Set">D2L_Correct</setvar></respcondition></resprocessing></item><item ident="OBJ_120836" label="QUES_327792_328951" d2l_2p0:page="1"><itemmetadata><qtimetadata><qti_metadatafield><fieldlabel>qmd_computerscored</fieldlabel><fieldentry>yes</fieldentry></qti_metadatafield><qti_metadatafield><fieldlabel>qmd_questiontype</fieldlabel><fieldentry>Short Answer</fieldentry></qti_metadatafield><qti_metadatafield><fieldlabel>qmd_weighting</fieldlabel><fieldentry>2.000000000</fieldentry></qti_metadatafield><qti_metadatafield><fieldlabel>qmd_globalid</fieldlabel><fieldentry>2971f004-f3ee-47b4-af07-d0f259a2dbaa</fieldentry></qti_metadatafield><qti_metadatafield><fieldlabel>qmd_displayid</fieldlabel><fieldentry>IDL2021_S1_MASTER_2013_20160524113513-223</fieldentry></qti_metadatafield></qtimetadata></itemmetadata><itemproc_extension><d2l_2p0:difficulty>1</d2l_2p0:difficulty><d2l_2p0:isbonus>no</d2l_2p0:isbonus><d2l_2p0:ismandatory>no</d2l_2p0:ismandatory></itemproc_extension><presentation><flow><material><mattext texttype="text/html">&lt;p class="p1"&gt;&lt;span class="s1"&gt;Write in scientific notation. &amp;nbsp;Input the correct exponent of 10.&lt;/span&gt;&lt;/p&gt;
&lt;p class="p3"&gt;&lt;span class="s2"&gt;0.00000557 = 5.57 x 10 ?&lt;/span&gt;&lt;/p&gt;</mattext></material><response_extension><d2l_2p0:grading_type>0</d2l_2p0:grading_type></response_extension><response_str ident="QUES_327792_328951_A1188530_STR" rcardinality="Single"><render_fib rows="3" columns="60" prompt="Box" fibtype="String"><response_label ident="QUES_327792_328951_A1188530_ANS" /></render_fib></response_str></flow></presentation><resprocessing><outcomes><decvar vartype="Integer" minvalue="0" maxvalue="100" varname="Blank_1" /></outcomes><respcondition><conditionvar><varequal respident="QUES_327792_328951_A1188530_ANS" case="no">-6</varequal></conditionvar><setvar action="Set">100.000000000</setvar></respcondition><respcondition><conditionvar><other /></conditionvar><setvar varname="que_score" action="Set">D2L_Correct</setvar></respcondition></resprocessing></item><item ident="OBJ_120837" label="QUES_327793_328952" d2l_2p0:page="1"><itemmetadata><qtimetadata><qti_metadatafield><fieldlabel>qmd_computerscored</fieldlabel><fieldentry>yes</fieldentry></qti_metadatafield><qti_metadatafield><fieldlabel>qmd_questiontype</fieldlabel><fieldentry>Short Answer</fieldentry></qti_metadatafield><qti_metadatafield><fieldlabel>qmd_weighting</fieldlabel><fieldentry>2.000000000</fieldentry></qti_metadatafield><qti_metadatafield><fieldlabel>qmd_globalid</fieldlabel><fieldentry>ec56aae5-a89e-45f8-92c9-7b958c1b324d</fieldentry></qti_metadatafield><qti_metadatafield><fieldlabel>qmd_displayid</fieldlabel><fieldentry>IDL2021_S1_MASTER_2013_20160524113513-224</fieldentry></qti_metadatafield></qtimetadata></itemmetadata><itemproc_extension><d2l_2p0:difficulty>1</d2l_2p0:difficulty><d2l_2p0:isbonus>no</d2l_2p0:isbonus><d2l_2p0:ismandatory>no</d2l_2p0:ismandatory></itemproc_extension><presentation><flow><material><mattext texttype="text/html">&lt;p class="p1"&gt;&lt;span class="s1"&gt;Write the number in standard notation.&amp;nbsp;&lt;/span&gt;&lt;/p&gt;
&lt;p class="p3"&gt;&lt;span class="s2"&gt;&lt;math title=""  xmlns="http://www.w3.org/1998/Math/MathML" display="inline"&gt;&lt;semantics&gt;&lt;mstyle&gt;&lt;mn&gt;5&lt;/mn&gt;&lt;mo&gt;.&lt;/mo&gt;&lt;mn&gt;957&lt;/mn&gt;&lt;mo&gt;&amp;#160;&lt;/mo&gt;&lt;mi&gt;x&lt;/mi&gt;&lt;mo&gt;&amp;#160;&lt;/mo&gt;&lt;msup&gt;&lt;mn&gt;10&lt;/mn&gt;&lt;mn&gt;7&lt;/mn&gt;&lt;/msup&gt;&lt;/mstyle&gt;&lt;annotation encoding="wiris"&gt;{"version":"1.1","math":"&amp;lt;math xmlns=&amp;quot;http://www.w3.org/1998/Math/MathML&amp;quot;&amp;gt;&amp;lt;mn&amp;gt;5&amp;lt;/mn&amp;gt;&amp;lt;mo&amp;gt;.&amp;lt;/mo&amp;gt;&amp;lt;mn&amp;gt;957&amp;lt;/mn&amp;gt;&amp;lt;mo&amp;gt;&amp;amp;#160;&amp;lt;/mo&amp;gt;&amp;lt;mi&amp;gt;x&amp;lt;/mi&amp;gt;&amp;lt;mo&amp;gt;&amp;amp;#160;&amp;lt;/mo&amp;gt;&amp;lt;msup&amp;gt;&amp;lt;mn&amp;gt;10&amp;lt;/mn&amp;gt;&amp;lt;mn&amp;gt;7&amp;lt;/mn&amp;gt;&amp;lt;/msup&amp;gt;&amp;lt;/math&amp;gt;"}&lt;/annotation&gt;&lt;/semantics&gt;&lt;/math&gt;&lt;/span&gt;&lt;/p&gt;</mattext></material><response_extension><d2l_2p0:grading_type>0</d2l_2p0:grading_type></response_extension><response_str ident="QUES_327793_328952_A1188531_STR" rcardinality="Single"><render_fib rows="3" columns="60" prompt="Box" fibtype="String"><response_label ident="QUES_327793_328952_A1188531_ANS" /></render_fib></response_str></flow></presentation><resprocessing><outcomes><decvar vartype="Integer" minvalue="0" maxvalue="100" varname="Blank_1" /></outcomes><respcondition><conditionvar><varequal respident="QUES_327793_328952_A1188531_ANS" case="no">59,570,000</varequal></conditionvar><setvar action="Set">100.000000000</setvar></respcondition><respcondition><conditionvar><other /></conditionvar><setvar varname="que_score" action="Set">D2L_Correct</setvar></respcondition></resprocessing></item><item ident="OBJ_120838" label="QUES_327794_328953" d2l_2p0:page="1"><itemmetadata><qtimetadata><qti_metadatafield><fieldlabel>qmd_computerscored</fieldlabel><fieldentry>yes</fieldentry></qti_metadatafield><qti_metadatafield><fieldlabel>qmd_questiontype</fieldlabel><fieldentry>Short Answer</fieldentry></qti_metadatafield><qti_metadatafield><fieldlabel>qmd_weighting</fieldlabel><fieldentry>2.000000000</fieldentry></qti_metadatafield><qti_metadatafield><fieldlabel>qmd_globalid</fieldlabel><fieldentry>400aaf80-7bb8-4644-9df3-6b590a52bc07</fieldentry></qti_metadatafield><qti_metadatafield><fieldlabel>qmd_displayid</fieldlabel><fieldentry>IDL2021_S1_MASTER_2013_20160524113513-225</fieldentry></qti_metadatafield></qtimetadata></itemmetadata><itemproc_extension><d2l_2p0:difficulty>1</d2l_2p0:difficulty><d2l_2p0:isbonus>no</d2l_2p0:isbonus><d2l_2p0:ismandatory>no</d2l_2p0:ismandatory></itemproc_extension><presentation><flow><material><mattext texttype="text/html">&lt;p class="p1"&gt;&lt;span class="s1"&gt;Write the number in standard notation.&lt;/span&gt;&lt;/p&gt;
&lt;p class="p1"&gt;&lt;span class="s1"&gt;&lt;math title=""  xmlns="http://www.w3.org/1998/Math/MathML" display="inline"&gt;&lt;semantics&gt;&lt;mstyle&gt;&lt;mn&gt;1&lt;/mn&gt;&lt;mo&gt;.&lt;/mo&gt;&lt;mn&gt;104&lt;/mn&gt;&lt;mo&gt;&amp;#160;&lt;/mo&gt;&lt;mi&gt;x&lt;/mi&gt;&lt;mo&gt;&amp;#160;&lt;/mo&gt;&lt;msup&gt;&lt;mn&gt;10&lt;/mn&gt;&lt;mrow&gt;&lt;mo&gt;-&lt;/mo&gt;&lt;mn&gt;3&lt;/mn&gt;&lt;/mrow&gt;&lt;/msup&gt;&lt;/mstyle&gt;&lt;annotation encoding="wiris"&gt;{"version":"1.1","math":"&amp;lt;math xmlns=&amp;quot;http://www.w3.org/1998/Math/MathML&amp;quot;&amp;gt;&amp;lt;mn&amp;gt;1&amp;lt;/mn&amp;gt;&amp;lt;mo&amp;gt;.&amp;lt;/mo&amp;gt;&amp;lt;mn&amp;gt;104&amp;lt;/mn&amp;gt;&amp;lt;mo&amp;gt;&amp;amp;#160;&amp;lt;/mo&amp;gt;&amp;lt;mi&amp;gt;x&amp;lt;/mi&amp;gt;&amp;lt;mo&amp;gt;&amp;amp;#160;&amp;lt;/mo&amp;gt;&amp;lt;msup&amp;gt;&amp;lt;mn&amp;gt;10&amp;lt;/mn&amp;gt;&amp;lt;mrow&amp;gt;&amp;lt;mo&amp;gt;-&amp;lt;/mo&amp;gt;&amp;lt;mn&amp;gt;3&amp;lt;/mn&amp;gt;&amp;lt;/mrow&amp;gt;&amp;lt;/msup&amp;gt;&amp;lt;/math&amp;gt;"}&lt;/annotation&gt;&lt;/semantics&gt;&lt;/math&gt;&lt;/span&gt;&lt;/p&gt;</mattext></material><response_extension><d2l_2p0:grading_type>0</d2l_2p0:grading_type></response_extension><response_str ident="QUES_327794_328953_A1188532_STR" rcardinality="Single"><render_fib rows="3" columns="60" prompt="Box" fibtype="String"><response_label ident="QUES_327794_328953_A1188532_ANS" /></render_fib></response_str></flow></presentation><resprocessing><outcomes><decvar vartype="Integer" minvalue="0" maxvalue="100" varname="Blank_1" /></outcomes><respcondition><conditionvar><varequal respident="QUES_327794_328953_A1188532_ANS" case="no">0.001104</varequal></conditionvar><setvar action="Set">100.000000000</setvar></respcondition><respcondition><conditionvar><other /></conditionvar><setvar varname="que_score" action="Set">D2L_Correct</setvar></respcondition></resprocessing></item><item ident="OBJ_120839" label="QUES_327795_328954" d2l_2p0:page="1"><itemmetadata><qtimetadata><qti_metadatafield><fieldlabel>qmd_computerscored</fieldlabel><fieldentry>yes</fieldentry></qti_metadatafield><qti_metadatafield><fieldlabel>qmd_questiontype</fieldlabel><fieldentry>Short Answer</fieldentry></qti_metadatafield><qti_metadatafield><fieldlabel>qmd_weighting</fieldlabel><fieldentry>2.000000000</fieldentry></qti_metadatafield><qti_metadatafield><fieldlabel>qmd_globalid</fieldlabel><fieldentry>543d39dc-214e-41f1-a03e-370e8a49d38e</fieldentry></qti_metadatafield><qti_metadatafield><fieldlabel>qmd_displayid</fieldlabel><fieldentry>IDL2021_S1_MASTER_2013_20160524113513-226</fieldentry></qti_metadatafield></qtimetadata></itemmetadata><itemproc_extension><d2l_2p0:difficulty>1</d2l_2p0:difficulty><d2l_2p0:isbonus>no</d2l_2p0:isbonus><d2l_2p0:ismandatory>no</d2l_2p0:ismandatory></itemproc_extension><presentation><flow><material><mattext texttype="text/html">&lt;p class="p1"&gt;&lt;span class="s1"&gt;Multiply and express in scientific notation. &amp;nbsp;Input the correct exponent of 10.&lt;/span&gt;&lt;/p&gt;
&lt;p class="p3"&gt;&lt;span class="s2"&gt;(5 x 10^6)(6 x 10^2) = 3.0 x 10&amp;nbsp;?&lt;/span&gt;&lt;/p&gt;</mattext></material><response_extension><d2l_2p0:grading_type>0</d2l_2p0:grading_type></response_extension><response_str ident="QUES_327795_328954_A1188533_STR" rcardinality="Single"><render_fib rows="3" columns="60" prompt="Box" fibtype="String"><response_label ident="QUES_327795_328954_A1188533_ANS" /></render_fib></response_str></flow></presentation><resprocessing><outcomes><decvar vartype="Integer" minvalue="0" maxvalue="100" varname="Blank_1" /></outcomes><respcondition><conditionvar><varequal respident="QUES_327795_328954_A1188533_ANS" case="no">9</varequal></conditionvar><setvar action="Set">100.000000000</setvar></respcondition><respcondition><conditionvar><other /></conditionvar><setvar varname="que_score" action="Set">D2L_Correct</setvar></respcondition></resprocessing></item><item ident="OBJ_120840" label="QUES_327796_328955" d2l_2p0:page="1"><itemmetadata><qtimetadata><qti_metadatafield><fieldlabel>qmd_computerscored</fieldlabel><fieldentry>yes</fieldentry></qti_metadatafield><qti_metadatafield><fieldlabel>qmd_questiontype</fieldlabel><fieldentry>Short Answer</fieldentry></qti_metadatafield><qti_metadatafield><fieldlabel>qmd_weighting</fieldlabel><fieldentry>2.000000000</fieldentry></qti_metadatafield><qti_metadatafield><fieldlabel>qmd_globalid</fieldlabel><fieldentry>2d3a9e19-7e8f-4fff-ae44-9e2b1af875cb</fieldentry></qti_metadatafield><qti_metadatafield><fieldlabel>qmd_displayid</fieldlabel><fieldentry>IDL2021_S1_MASTER_2013_20160524113513-227</fieldentry></qti_metadatafield></qtimetadata></itemmetadata><itemproc_extension><d2l_2p0:difficulty>1</d2l_2p0:difficulty><d2l_2p0:isbonus>no</d2l_2p0:isbonus><d2l_2p0:ismandatory>no</d2l_2p0:ismandatory></itemproc_extension><presentation><flow><material><mattext texttype="text/html">&lt;p class="p1"&gt;&lt;span class="s1"&gt;Multiply and express in scientific notation. &amp;nbsp;Input the correct exponent of 10.&lt;/span&gt;&lt;/p&gt;
&lt;p class="p3"&gt;&lt;span class="s2"&gt;(2.3 x 10^3)(3 x 10^8) = 6.9 x 10 ?&amp;nbsp;&lt;/span&gt;&lt;/p&gt;</mattext></material><response_extension><d2l_2p0:grading_type>0</d2l_2p0:grading_type></response_extension><response_str ident="QUES_327796_328955_A1188534_STR" rcardinality="Single"><render_fib rows="3" columns="60" prompt="Box" fibtype="String"><response_label ident="QUES_327796_328955_A1188534_ANS" /></render_fib></response_str></flow></presentation><resprocessing><outcomes><decvar vartype="Integer" minvalue="0" maxvalue="100" varname="Blank_1" /></outcomes><respcondition><conditionvar><varequal respident="QUES_327796_328955_A1188534_ANS" case="no">11</varequal></conditionvar><setvar action="Set">100.000000000</setvar></respcondition><respcondition><conditionvar><other /></conditionvar><setvar varname="que_score" action="Set">D2L_Correct</setvar></respcondition></resprocessing></item></section></assessment></questestinterop>