﻿<?xml version="1.0" encoding="UTF-8"?><questestinterop xmlns:d2l_2p0="http://desire2learn.com/xsd/d2lcp_v2p0"><assessment d2l_2p0:id="257" title="5.8.b  Unit 5 Test" ident="res_quiz_833" d2l_2p0:resource_code="522b8e24-af80-4ecc-87b2-c9926b727ff2"><rubric><flow_mat><material><mattext d2l_2p0:isdisplayed="yes" texttype="text/html">&lt;p&gt;Time to review your homework and practive the Unit 5 Test. There are 18 mulitple choice problems.&lt;/p&gt;</mattext></material></flow_mat></rubric><assessmentcontrol hintswitch="yes" solutionswitch="yes" feedbackswitch="no" /><presentation_material><flow_mat><material label="page header"><mattext d2l_2p0:isdisplayed="yes" texttype="text/html" /></material><material label="page footer"><mattext d2l_2p0:isdisplayed="yes" texttype="text/html" /></material></flow_mat></presentation_material><assess_procextension><d2l_2p0:intro_message d2l_2p0:isdisplayed="yes" texttype="text/html" /><grade_item d2l_2p0:is_autoexport="yes" resource_code="f8fd47cb-372d-4833-a0d9-4dadc6ac203d">2390</grade_item><d2l_2p0:disable_right_click>yes</d2l_2p0:disable_right_click><d2l_2p0:disable_pager_access>yes</d2l_2p0:disable_pager_access><is_active>yes</is_active><d2l_2p0:date_start /><d2l_2p0:date_end /><d2l_2p0:has_schedule_event>no</d2l_2p0:has_schedule_event><d2l_2p0:is_attempt_Rldb>no</d2l_2p0:is_attempt_Rldb><d2l_2p0:is_subview_Rldb>no</d2l_2p0:is_subview_Rldb><d2l_2p0:time_limit>120</d2l_2p0:time_limit><d2l_2p0:show_clock>yes</d2l_2p0:show_clock><d2l_2p0:enforce_time_limit>yes</d2l_2p0:enforce_time_limit><d2l_2p0:grace_period>5</d2l_2p0:grace_period><d2l_2p0:late_limit>1</d2l_2p0:late_limit><d2l_2p0:attempts_allowed>1</d2l_2p0:attempts_allowed><d2l_2p0:attempt_restrictions /><d2l_2p0:mark_calculation_type>1</d2l_2p0:mark_calculation_type><d2l_2p0:is_forward_only>no</d2l_2p0:is_forward_only></assess_procextension><section ident="CONTAINER_SECTION"><item ident="OBJ_12575" label="QUES_12461_12475" d2l_2p0:page="1"><itemmetadata><qtimetadata><qti_metadatafield><fieldlabel>qmd_computerscored</fieldlabel><fieldentry>yes</fieldentry></qti_metadatafield><qti_metadatafield><fieldlabel>qmd_questiontype</fieldlabel><fieldentry>Multiple Choice</fieldentry></qti_metadatafield><qti_metadatafield><fieldlabel>qmd_weighting</fieldlabel><fieldentry>5.000000000</fieldentry></qti_metadatafield><qti_metadatafield><fieldlabel>qmd_globalid</fieldlabel><fieldentry>b2029b13-0d1d-41f7-ae0b-94ed43406123</fieldentry></qti_metadatafield><qti_metadatafield><fieldlabel>qmd_displayid</fieldlabel><fieldentry>IDL2021_S1_MASTER_2013_20160524113513-134</fieldentry></qti_metadatafield></qtimetadata></itemmetadata><itemproc_extension><d2l_2p0:difficulty>0</d2l_2p0:difficulty><d2l_2p0:isbonus>no</d2l_2p0:isbonus><d2l_2p0:ismandatory>yes</d2l_2p0:ismandatory></itemproc_extension><presentation><flow><material><mattext texttype="text/html">List the positive factors of 100.</mattext></material><response_extension><d2l_2p0:display_style>2</d2l_2p0:display_style><d2l_2p0:enumeration>0</d2l_2p0:enumeration><d2l_2p0:grading_type>0</d2l_2p0:grading_type></response_extension><response_lid ident="QUES_12461_12475_LID" rcardinality="Single"><render_choice shuffle="no"><flow_label class="Block"><response_label ident="QUES_12461_12475_A42904"><flow_mat><material><mattext texttype="text/html">1, 2, 4, 5, 10, 20, 25, 50, 100</mattext></material></flow_mat></response_label></flow_label><flow_label class="Block"><response_label ident="QUES_12461_12475_A42905"><flow_mat><material><mattext texttype="text/html">1, 2, 4, 5, 8, 10, 12, 20, 25, 50, 100</mattext></material></flow_mat></response_label></flow_label><flow_label class="Block"><response_label ident="QUES_12461_12475_A42906"><flow_mat><material><mattext texttype="text/html">1, 2, 4, 5, 20, 25, 50, 100</mattext></material></flow_mat></response_label></flow_label><flow_label class="Block"><response_label ident="QUES_12461_12475_A42907"><flow_mat><material><mattext texttype="text/html">2, 4, 5, 10, 20, 25, 50</mattext></material></flow_mat></response_label></flow_label></render_choice></response_lid></flow></presentation><resprocessing><respcondition title="Response Condition 1"><conditionvar><varequal respident="QUES_12461_12475_LID">QUES_12461_12475_A42904</varequal></conditionvar><setvar action="Set">100.000000000</setvar><displayfeedback feedbacktype="Response" linkrefid="QUES_12461_12475_IF42904" /></respcondition><respcondition title="Response Condition 2"><conditionvar><varequal respident="QUES_12461_12475_LID">QUES_12461_12475_A42905</varequal></conditionvar><setvar action="Set">0.000000000</setvar><displayfeedback feedbacktype="Response" linkrefid="QUES_12461_12475_IF42905" /></respcondition><respcondition title="Response Condition 3"><conditionvar><varequal respident="QUES_12461_12475_LID">QUES_12461_12475_A42906</varequal></conditionvar><setvar action="Set">0.000000000</setvar><displayfeedback feedbacktype="Response" linkrefid="QUES_12461_12475_IF42906" /></respcondition><respcondition title="Response Condition 4"><conditionvar><varequal respident="QUES_12461_12475_LID">QUES_12461_12475_A42907</varequal></conditionvar><setvar action="Set">0.000000000</setvar><displayfeedback feedbacktype="Response" linkrefid="QUES_12461_12475_IF42907" /></respcondition></resprocessing><itemfeedback ident="QUES_12461_12475_IF42904"><material><mattext texttype="text/plain" /></material></itemfeedback><itemfeedback ident="QUES_12461_12475_IF42905"><material><mattext texttype="text/plain" /></material></itemfeedback><itemfeedback ident="QUES_12461_12475_IF42906"><material><mattext texttype="text/plain" /></material></itemfeedback><itemfeedback ident="QUES_12461_12475_IF42907"><material><mattext texttype="text/plain" /></material></itemfeedback></item><item ident="OBJ_12576" label="QUES_12462_12476" d2l_2p0:page="1"><itemmetadata><qtimetadata><qti_metadatafield><fieldlabel>qmd_computerscored</fieldlabel><fieldentry>yes</fieldentry></qti_metadatafield><qti_metadatafield><fieldlabel>qmd_questiontype</fieldlabel><fieldentry>Multiple Choice</fieldentry></qti_metadatafield><qti_metadatafield><fieldlabel>qmd_weighting</fieldlabel><fieldentry>5.000000000</fieldentry></qti_metadatafield><qti_metadatafield><fieldlabel>qmd_globalid</fieldlabel><fieldentry>fa723416-59c7-4444-9af4-61ad170cbb4f</fieldentry></qti_metadatafield><qti_metadatafield><fieldlabel>qmd_displayid</fieldlabel><fieldentry>IDL2021_S1_MASTER_2013_20160524113513-135</fieldentry></qti_metadatafield></qtimetadata></itemmetadata><itemproc_extension><d2l_2p0:difficulty>0</d2l_2p0:difficulty><d2l_2p0:isbonus>no</d2l_2p0:isbonus><d2l_2p0:ismandatory>yes</d2l_2p0:ismandatory></itemproc_extension><presentation><flow><material><mattext texttype="text/html">&lt;b&gt;Write using exponents.&lt;/b&gt;&lt;br&gt;&lt;br&gt; (&amp;#8211;4)(&amp;#8211;4)</mattext></material><response_extension><d2l_2p0:display_style>2</d2l_2p0:display_style><d2l_2p0:enumeration>0</d2l_2p0:enumeration><d2l_2p0:grading_type>0</d2l_2p0:grading_type></response_extension><response_lid ident="QUES_12462_12476_LID" rcardinality="Single"><render_choice shuffle="no"><flow_label class="Block"><response_label ident="QUES_12462_12476_A42908"><flow_mat><material><mattext texttype="text/html">&lt;img width="32" height="26" align="middle" alt="mc002-1.jpg" src="ppg/examview/5-8-b/mc002-1.jpg" border="0"&gt;</mattext></material></flow_mat></response_label></flow_label><flow_label class="Block"><response_label ident="QUES_12462_12476_A42909"><flow_mat><material><mattext texttype="text/html">&lt;img width="22" height="15" align="bottom" alt="mc002-2.jpg" src="ppg/examview/5-8-b/mc002-2.jpg" border="0"&gt;</mattext></material></flow_mat></response_label></flow_label><flow_label class="Block"><response_label ident="QUES_12462_12476_A42910"><flow_mat><material><mattext texttype="text/html">&lt;img width="19" height="15" align="bottom" alt="mc002-3.jpg" src="ppg/examview/5-8-b/mc002-3.jpg" border="0"&gt;</mattext></material></flow_mat></response_label></flow_label><flow_label class="Block"><response_label ident="QUES_12462_12476_A42911"><flow_mat><material><mattext texttype="text/html">&lt;img width="29" height="26" align="middle" alt="mc002-4.jpg" src="ppg/examview/5-8-b/mc002-4.jpg" border="0"&gt;</mattext></material></flow_mat></response_label></flow_label></render_choice></response_lid></flow></presentation><resprocessing><respcondition title="Response Condition 1"><conditionvar><varequal respident="QUES_12462_12476_LID">QUES_12462_12476_A42908</varequal></conditionvar><setvar action="Set">100.000000000</setvar><displayfeedback feedbacktype="Response" linkrefid="QUES_12462_12476_IF42908" /></respcondition><respcondition title="Response Condition 2"><conditionvar><varequal respident="QUES_12462_12476_LID">QUES_12462_12476_A42909</varequal></conditionvar><setvar action="Set">0.000000000</setvar><displayfeedback feedbacktype="Response" linkrefid="QUES_12462_12476_IF42909" /></respcondition><respcondition title="Response Condition 3"><conditionvar><varequal respident="QUES_12462_12476_LID">QUES_12462_12476_A42910</varequal></conditionvar><setvar action="Set">0.000000000</setvar><displayfeedback feedbacktype="Response" linkrefid="QUES_12462_12476_IF42910" /></respcondition><respcondition title="Response Condition 4"><conditionvar><varequal respident="QUES_12462_12476_LID">QUES_12462_12476_A42911</varequal></conditionvar><setvar action="Set">0.000000000</setvar><displayfeedback feedbacktype="Response" linkrefid="QUES_12462_12476_IF42911" /></respcondition></resprocessing><itemfeedback ident="QUES_12462_12476_IF42908"><material><mattext texttype="text/plain" /></material></itemfeedback><itemfeedback ident="QUES_12462_12476_IF42909"><material><mattext texttype="text/plain" /></material></itemfeedback><itemfeedback ident="QUES_12462_12476_IF42910"><material><mattext texttype="text/plain" /></material></itemfeedback><itemfeedback ident="QUES_12462_12476_IF42911"><material><mattext texttype="text/plain" /></material></itemfeedback></item><item ident="OBJ_12577" label="QUES_12463_12477" d2l_2p0:page="1"><itemmetadata><qtimetadata><qti_metadatafield><fieldlabel>qmd_computerscored</fieldlabel><fieldentry>yes</fieldentry></qti_metadatafield><qti_metadatafield><fieldlabel>qmd_questiontype</fieldlabel><fieldentry>Multiple Choice</fieldentry></qti_metadatafield><qti_metadatafield><fieldlabel>qmd_weighting</fieldlabel><fieldentry>5.000000000</fieldentry></qti_metadatafield><qti_metadatafield><fieldlabel>qmd_globalid</fieldlabel><fieldentry>01dfe58d-5dac-4835-b1c9-709cec711e31</fieldentry></qti_metadatafield><qti_metadatafield><fieldlabel>qmd_displayid</fieldlabel><fieldentry>IDL2021_S1_MASTER_2013_20160524113513-136</fieldentry></qti_metadatafield></qtimetadata></itemmetadata><itemproc_extension><d2l_2p0:difficulty>0</d2l_2p0:difficulty><d2l_2p0:isbonus>no</d2l_2p0:isbonus><d2l_2p0:ismandatory>yes</d2l_2p0:ismandatory></itemproc_extension><presentation><flow><material><mattext texttype="text/html">&lt;b&gt;Write using exponents.&lt;/b&gt;&lt;br&gt;&lt;br&gt; &lt;i&gt;(x)(x)(x)(x)(y)(y)&lt;/i&gt;</mattext></material><response_extension><d2l_2p0:display_style>2</d2l_2p0:display_style><d2l_2p0:enumeration>0</d2l_2p0:enumeration><d2l_2p0:grading_type>0</d2l_2p0:grading_type></response_extension><response_lid ident="QUES_12463_12477_LID" rcardinality="Single"><render_choice shuffle="no"><flow_label class="Block"><response_label ident="QUES_12463_12477_A42912"><flow_mat><material><mattext texttype="text/html">&lt;i&gt;&lt;img width="28" height="26" align="middle" alt="mc003-1.jpg" src="ppg/examview/5-8-b/mc003-1.jpg" border="0"&gt;&lt;/i&gt;</mattext></material></flow_mat></response_label></flow_label><flow_label class="Block"><response_label ident="QUES_12463_12477_A42913"><flow_mat><material><mattext texttype="text/html">&lt;i&gt;&lt;img width="28" height="26" align="middle" alt="mc003-2.jpg" src="ppg/examview/5-8-b/mc003-2.jpg" border="0"&gt;&lt;/i&gt;</mattext></material></flow_mat></response_label></flow_label><flow_label class="Block"><response_label ident="QUES_12463_12477_A42914"><flow_mat><material><mattext texttype="text/html">&lt;i&gt;&lt;img width="28" height="26" align="middle" alt="mc003-3.jpg" src="ppg/examview/5-8-b/mc003-3.jpg" border="0"&gt;&lt;/i&gt;</mattext></material></flow_mat></response_label></flow_label><flow_label class="Block"><response_label ident="QUES_12463_12477_A42915"><flow_mat><material><mattext texttype="text/html">&lt;i&gt;&lt;img width="28" height="26" align="middle" alt="mc003-4.jpg" src="ppg/examview/5-8-b/mc003-4.jpg" border="0"&gt;&lt;/i&gt;</mattext></material></flow_mat></response_label></flow_label></render_choice></response_lid></flow></presentation><resprocessing><respcondition title="Response Condition 1"><conditionvar><varequal respident="QUES_12463_12477_LID">QUES_12463_12477_A42912</varequal></conditionvar><setvar action="Set">100.000000000</setvar><displayfeedback feedbacktype="Response" linkrefid="QUES_12463_12477_IF42912" /></respcondition><respcondition title="Response Condition 2"><conditionvar><varequal respident="QUES_12463_12477_LID">QUES_12463_12477_A42913</varequal></conditionvar><setvar action="Set">0.000000000</setvar><displayfeedback feedbacktype="Response" linkrefid="QUES_12463_12477_IF42913" /></respcondition><respcondition title="Response Condition 3"><conditionvar><varequal respident="QUES_12463_12477_LID">QUES_12463_12477_A42914</varequal></conditionvar><setvar action="Set">0.000000000</setvar><displayfeedback feedbacktype="Response" linkrefid="QUES_12463_12477_IF42914" /></respcondition><respcondition title="Response Condition 4"><conditionvar><varequal respident="QUES_12463_12477_LID">QUES_12463_12477_A42915</varequal></conditionvar><setvar action="Set">0.000000000</setvar><displayfeedback feedbacktype="Response" linkrefid="QUES_12463_12477_IF42915" /></respcondition></resprocessing><itemfeedback ident="QUES_12463_12477_IF42912"><material><mattext texttype="text/plain" /></material></itemfeedback><itemfeedback ident="QUES_12463_12477_IF42913"><material><mattext texttype="text/plain" /></material></itemfeedback><itemfeedback ident="QUES_12463_12477_IF42914"><material><mattext texttype="text/plain" /></material></itemfeedback><itemfeedback ident="QUES_12463_12477_IF42915"><material><mattext texttype="text/plain" /></material></itemfeedback></item><item ident="OBJ_12578" label="QUES_12464_12478" d2l_2p0:page="1"><itemmetadata><qtimetadata><qti_metadatafield><fieldlabel>qmd_computerscored</fieldlabel><fieldentry>yes</fieldentry></qti_metadatafield><qti_metadatafield><fieldlabel>qmd_questiontype</fieldlabel><fieldentry>Multiple Choice</fieldentry></qti_metadatafield><qti_metadatafield><fieldlabel>qmd_weighting</fieldlabel><fieldentry>5.000000000</fieldentry></qti_metadatafield><qti_metadatafield><fieldlabel>qmd_globalid</fieldlabel><fieldentry>f364f388-908b-44a8-b984-446ab750785a</fieldentry></qti_metadatafield><qti_metadatafield><fieldlabel>qmd_displayid</fieldlabel><fieldentry>IDL2021_S1_MASTER_2013_20160524113513-137</fieldentry></qti_metadatafield></qtimetadata></itemmetadata><itemproc_extension><d2l_2p0:difficulty>0</d2l_2p0:difficulty><d2l_2p0:isbonus>no</d2l_2p0:isbonus><d2l_2p0:ismandatory>yes</d2l_2p0:ismandatory></itemproc_extension><presentation><flow><material><mattext texttype="text/html">&lt;b&gt;Write using exponents.&lt;/b&gt;&lt;br&gt;&lt;br&gt; &lt;img width="100" height="15" align="bottom" alt="mc004-1.jpg" src="ppg/examview/5-8-b/mc004-1.jpg" border="0"&gt;</mattext></material><response_extension><d2l_2p0:display_style>2</d2l_2p0:display_style><d2l_2p0:enumeration>0</d2l_2p0:enumeration><d2l_2p0:grading_type>0</d2l_2p0:grading_type></response_extension><response_lid ident="QUES_12464_12478_LID" rcardinality="Single"><render_choice shuffle="no"><flow_label class="Block"><response_label ident="QUES_12464_12478_A42916"><flow_mat><material><mattext texttype="text/html">1&lt;i&gt;mn&lt;/i&gt;&lt;sup&gt;2&lt;/sup&gt;</mattext></material></flow_mat></response_label></flow_label><flow_label class="Block"><response_label ident="QUES_12464_12478_A42917"><flow_mat><material><mattext texttype="text/html">&amp;#8211;12&lt;i&gt;mn&lt;/i&gt;&lt;sup&gt;2&lt;/sup&gt;</mattext></material></flow_mat></response_label></flow_label><flow_label class="Block"><response_label ident="QUES_12464_12478_A42918"><flow_mat><material><mattext texttype="text/html">&amp;#8211;7&lt;i&gt;mn&lt;/i&gt;&lt;sup&gt;2&lt;/sup&gt;</mattext></material></flow_mat></response_label></flow_label><flow_label class="Block"><response_label ident="QUES_12464_12478_A42919"><flow_mat><material><mattext texttype="text/html">12&lt;i&gt;mn&lt;/i&gt;&lt;sup&gt;2&lt;/sup&gt;</mattext></material></flow_mat></response_label></flow_label></render_choice></response_lid></flow></presentation><resprocessing><respcondition title="Response Condition 1"><conditionvar><varequal respident="QUES_12464_12478_LID">QUES_12464_12478_A42916</varequal></conditionvar><setvar action="Set">0.000000000</setvar><displayfeedback feedbacktype="Response" linkrefid="QUES_12464_12478_IF42916" /></respcondition><respcondition title="Response Condition 2"><conditionvar><varequal respident="QUES_12464_12478_LID">QUES_12464_12478_A42917</varequal></conditionvar><setvar action="Set">100.000000000</setvar><displayfeedback feedbacktype="Response" linkrefid="QUES_12464_12478_IF42917" /></respcondition><respcondition title="Response Condition 3"><conditionvar><varequal respident="QUES_12464_12478_LID">QUES_12464_12478_A42918</varequal></conditionvar><setvar action="Set">0.000000000</setvar><displayfeedback feedbacktype="Response" linkrefid="QUES_12464_12478_IF42918" /></respcondition><respcondition title="Response Condition 4"><conditionvar><varequal respident="QUES_12464_12478_LID">QUES_12464_12478_A42919</varequal></conditionvar><setvar action="Set">0.000000000</setvar><displayfeedback feedbacktype="Response" linkrefid="QUES_12464_12478_IF42919" /></respcondition></resprocessing><itemfeedback ident="QUES_12464_12478_IF42916"><material><mattext texttype="text/plain" /></material></itemfeedback><itemfeedback ident="QUES_12464_12478_IF42917"><material><mattext texttype="text/plain" /></material></itemfeedback><itemfeedback ident="QUES_12464_12478_IF42918"><material><mattext texttype="text/plain" /></material></itemfeedback><itemfeedback ident="QUES_12464_12478_IF42919"><material><mattext texttype="text/plain" /></material></itemfeedback></item><item ident="OBJ_12579" label="QUES_12465_12479" d2l_2p0:page="1"><itemmetadata><qtimetadata><qti_metadatafield><fieldlabel>qmd_computerscored</fieldlabel><fieldentry>yes</fieldentry></qti_metadatafield><qti_metadatafield><fieldlabel>qmd_questiontype</fieldlabel><fieldentry>Multiple Choice</fieldentry></qti_metadatafield><qti_metadatafield><fieldlabel>qmd_weighting</fieldlabel><fieldentry>5.000000000</fieldentry></qti_metadatafield><qti_metadatafield><fieldlabel>qmd_globalid</fieldlabel><fieldentry>3da77c61-a305-42cc-8757-53ba50160e48</fieldentry></qti_metadatafield><qti_metadatafield><fieldlabel>qmd_displayid</fieldlabel><fieldentry>IDL2021_S1_MASTER_2013_20160524113513-138</fieldentry></qti_metadatafield></qtimetadata></itemmetadata><itemproc_extension><d2l_2p0:difficulty>0</d2l_2p0:difficulty><d2l_2p0:isbonus>no</d2l_2p0:isbonus><d2l_2p0:ismandatory>yes</d2l_2p0:ismandatory></itemproc_extension><presentation><flow><material><mattext texttype="text/html">A microscope can magnify the specimen 10&lt;sup&gt;4&lt;/sup&gt; times. How many times is that?</mattext></material><response_extension><d2l_2p0:display_style>2</d2l_2p0:display_style><d2l_2p0:enumeration>0</d2l_2p0:enumeration><d2l_2p0:grading_type>0</d2l_2p0:grading_type></response_extension><response_lid ident="QUES_12465_12479_LID" rcardinality="Single"><render_choice shuffle="no"><flow_label class="Block"><response_label ident="QUES_12465_12479_A42920"><flow_mat><material><mattext texttype="text/html">40,000 times</mattext></material></flow_mat></response_label></flow_label><flow_label class="Block"><response_label ident="QUES_12465_12479_A42921"><flow_mat><material><mattext texttype="text/html">40 times</mattext></material></flow_mat></response_label></flow_label><flow_label class="Block"><response_label ident="QUES_12465_12479_A42922"><flow_mat><material><mattext texttype="text/html">10,000 times</mattext></material></flow_mat></response_label></flow_label><flow_label class="Block"><response_label ident="QUES_12465_12479_A42923"><flow_mat><material><mattext texttype="text/html">1,000 times</mattext></material></flow_mat></response_label></flow_label></render_choice></response_lid></flow></presentation><resprocessing><respcondition title="Response Condition 1"><conditionvar><varequal respident="QUES_12465_12479_LID">QUES_12465_12479_A42920</varequal></conditionvar><setvar action="Set">0.000000000</setvar><displayfeedback feedbacktype="Response" linkrefid="QUES_12465_12479_IF42920" /></respcondition><respcondition title="Response Condition 2"><conditionvar><varequal respident="QUES_12465_12479_LID">QUES_12465_12479_A42921</varequal></conditionvar><setvar action="Set">0.000000000</setvar><displayfeedback feedbacktype="Response" linkrefid="QUES_12465_12479_IF42921" /></respcondition><respcondition title="Response Condition 3"><conditionvar><varequal respident="QUES_12465_12479_LID">QUES_12465_12479_A42922</varequal></conditionvar><setvar action="Set">100.000000000</setvar><displayfeedback feedbacktype="Response" linkrefid="QUES_12465_12479_IF42922" /></respcondition><respcondition title="Response Condition 4"><conditionvar><varequal respident="QUES_12465_12479_LID">QUES_12465_12479_A42923</varequal></conditionvar><setvar action="Set">0.000000000</setvar><displayfeedback feedbacktype="Response" linkrefid="QUES_12465_12479_IF42923" /></respcondition></resprocessing><itemfeedback ident="QUES_12465_12479_IF42920"><material><mattext texttype="text/plain" /></material></itemfeedback><itemfeedback ident="QUES_12465_12479_IF42921"><material><mattext texttype="text/plain" /></material></itemfeedback><itemfeedback ident="QUES_12465_12479_IF42922"><material><mattext texttype="text/plain" /></material></itemfeedback><itemfeedback ident="QUES_12465_12479_IF42923"><material><mattext texttype="text/plain" /></material></itemfeedback></item><item ident="OBJ_12580" label="QUES_12466_12480" d2l_2p0:page="1"><itemmetadata><qtimetadata><qti_metadatafield><fieldlabel>qmd_computerscored</fieldlabel><fieldentry>yes</fieldentry></qti_metadatafield><qti_metadatafield><fieldlabel>qmd_questiontype</fieldlabel><fieldentry>Multiple Choice</fieldentry></qti_metadatafield><qti_metadatafield><fieldlabel>qmd_weighting</fieldlabel><fieldentry>5.000000000</fieldentry></qti_metadatafield><qti_metadatafield><fieldlabel>qmd_globalid</fieldlabel><fieldentry>780b744f-ef10-4597-bfed-6982fabf8eb5</fieldentry></qti_metadatafield><qti_metadatafield><fieldlabel>qmd_displayid</fieldlabel><fieldentry>IDL2021_S1_MASTER_2013_20160524113513-139</fieldentry></qti_metadatafield></qtimetadata></itemmetadata><itemproc_extension><d2l_2p0:difficulty>0</d2l_2p0:difficulty><d2l_2p0:isbonus>no</d2l_2p0:isbonus><d2l_2p0:ismandatory>yes</d2l_2p0:ismandatory></itemproc_extension><presentation><flow><material><mattext texttype="text/html">&lt;b&gt;Simplify.&lt;/b&gt;&lt;br&gt;&lt;br&gt; &lt;img width="18" height="60" align="middle" alt="mc006-1.jpg" src="ppg/examview/5-8-b/mc006-1.jpg" border="0"&gt;</mattext></material><response_extension><d2l_2p0:display_style>2</d2l_2p0:display_style><d2l_2p0:enumeration>0</d2l_2p0:enumeration><d2l_2p0:grading_type>0</d2l_2p0:grading_type></response_extension><response_lid ident="QUES_12466_12480_LID" rcardinality="Single"><render_choice shuffle="no"><flow_label class="Block"><response_label ident="QUES_12466_12480_A42924"><flow_mat><material><mattext texttype="text/html">1,048,576</mattext></material></flow_mat></response_label></flow_label><flow_label class="Block"><response_label ident="QUES_12466_12480_A42925"><flow_mat><material><mattext texttype="text/html">16,384</mattext></material></flow_mat></response_label></flow_label><flow_label class="Block"><response_label ident="QUES_12466_12480_A42926"><flow_mat><material><mattext texttype="text/html">64</mattext></material></flow_mat></response_label></flow_label><flow_label class="Block"><response_label ident="QUES_12466_12480_A42927"><flow_mat><material><mattext texttype="text/html">16</mattext></material></flow_mat></response_label></flow_label></render_choice></response_lid></flow></presentation><resprocessing><respcondition title="Response Condition 1"><conditionvar><varequal respident="QUES_12466_12480_LID">QUES_12466_12480_A42924</varequal></conditionvar><setvar action="Set">0.000000000</setvar><displayfeedback feedbacktype="Response" linkrefid="QUES_12466_12480_IF42924" /></respcondition><respcondition title="Response Condition 2"><conditionvar><varequal respident="QUES_12466_12480_LID">QUES_12466_12480_A42925</varequal></conditionvar><setvar action="Set">0.000000000</setvar><displayfeedback feedbacktype="Response" linkrefid="QUES_12466_12480_IF42925" /></respcondition><respcondition title="Response Condition 3"><conditionvar><varequal respident="QUES_12466_12480_LID">QUES_12466_12480_A42926</varequal></conditionvar><setvar action="Set">100.000000000</setvar><displayfeedback feedbacktype="Response" linkrefid="QUES_12466_12480_IF42926" /></respcondition><respcondition title="Response Condition 4"><conditionvar><varequal respident="QUES_12466_12480_LID">QUES_12466_12480_A42927</varequal></conditionvar><setvar action="Set">0.000000000</setvar><displayfeedback feedbacktype="Response" linkrefid="QUES_12466_12480_IF42927" /></respcondition></resprocessing><itemfeedback ident="QUES_12466_12480_IF42924"><material><mattext texttype="text/plain" /></material></itemfeedback><itemfeedback ident="QUES_12466_12480_IF42925"><material><mattext texttype="text/plain" /></material></itemfeedback><itemfeedback ident="QUES_12466_12480_IF42926"><material><mattext texttype="text/plain" /></material></itemfeedback><itemfeedback ident="QUES_12466_12480_IF42927"><material><mattext texttype="text/plain" /></material></itemfeedback></item><item ident="OBJ_12581" label="QUES_12467_12481" d2l_2p0:page="1"><itemmetadata><qtimetadata><qti_metadatafield><fieldlabel>qmd_computerscored</fieldlabel><fieldentry>yes</fieldentry></qti_metadatafield><qti_metadatafield><fieldlabel>qmd_questiontype</fieldlabel><fieldentry>Multiple Choice</fieldentry></qti_metadatafield><qti_metadatafield><fieldlabel>qmd_weighting</fieldlabel><fieldentry>5.000000000</fieldentry></qti_metadatafield><qti_metadatafield><fieldlabel>qmd_globalid</fieldlabel><fieldentry>85fbc585-9c91-4087-80bf-2c0dd2c98801</fieldentry></qti_metadatafield><qti_metadatafield><fieldlabel>qmd_displayid</fieldlabel><fieldentry>IDL2021_S1_MASTER_2013_20160524113513-140</fieldentry></qti_metadatafield></qtimetadata></itemmetadata><itemproc_extension><d2l_2p0:difficulty>0</d2l_2p0:difficulty><d2l_2p0:isbonus>no</d2l_2p0:isbonus><d2l_2p0:ismandatory>yes</d2l_2p0:ismandatory></itemproc_extension><presentation><flow><material><mattext texttype="text/html">&lt;b&gt;Simplify.&lt;/b&gt;&lt;br&gt;&lt;br&gt; &lt;img width="18" height="60" align="middle" alt="mc007-1.jpg" src="ppg/examview/5-8-b/mc007-1.jpg" border="0"&gt;</mattext></material><response_extension><d2l_2p0:display_style>2</d2l_2p0:display_style><d2l_2p0:enumeration>0</d2l_2p0:enumeration><d2l_2p0:grading_type>0</d2l_2p0:grading_type></response_extension><response_lid ident="QUES_12467_12481_LID" rcardinality="Single"><render_choice shuffle="no"><flow_label class="Block"><response_label ident="QUES_12467_12481_A42928"><flow_mat><material><mattext texttype="text/html">&lt;img width="14" height="15" align="bottom" alt="mc007-2.jpg" src="ppg/examview/5-8-b/mc007-2.jpg" border="0"&gt;</mattext></material></flow_mat></response_label></flow_label><flow_label class="Block"><response_label ident="QUES_12467_12481_A42929"><flow_mat><material><mattext texttype="text/html">&lt;img width="19" height="15" align="bottom" alt="mc007-3.jpg" src="ppg/examview/5-8-b/mc007-3.jpg" border="0"&gt;</mattext></material></flow_mat></response_label></flow_label><flow_label class="Block"><response_label ident="QUES_12467_12481_A42930"><flow_mat><material><mattext texttype="text/html">&lt;img width="19" height="15" align="bottom" alt="mc007-4.jpg" src="ppg/examview/5-8-b/mc007-4.jpg" border="0"&gt;</mattext></material></flow_mat></response_label></flow_label><flow_label class="Block"><response_label ident="QUES_12467_12481_A42931"><flow_mat><material><mattext texttype="text/html">&lt;img width="14" height="15" align="bottom" alt="mc007-5.jpg" src="ppg/examview/5-8-b/mc007-5.jpg" border="0"&gt;</mattext></material></flow_mat></response_label></flow_label></render_choice></response_lid></flow></presentation><resprocessing><respcondition title="Response Condition 1"><conditionvar><varequal respident="QUES_12467_12481_LID">QUES_12467_12481_A42928</varequal></conditionvar><setvar action="Set">0.000000000</setvar><displayfeedback feedbacktype="Response" linkrefid="QUES_12467_12481_IF42928" /></respcondition><respcondition title="Response Condition 2"><conditionvar><varequal respident="QUES_12467_12481_LID">QUES_12467_12481_A42929</varequal></conditionvar><setvar action="Set">0.000000000</setvar><displayfeedback feedbacktype="Response" linkrefid="QUES_12467_12481_IF42929" /></respcondition><respcondition title="Response Condition 3"><conditionvar><varequal respident="QUES_12467_12481_LID">QUES_12467_12481_A42930</varequal></conditionvar><setvar action="Set">0.000000000</setvar><displayfeedback feedbacktype="Response" linkrefid="QUES_12467_12481_IF42930" /></respcondition><respcondition title="Response Condition 4"><conditionvar><varequal respident="QUES_12467_12481_LID">QUES_12467_12481_A42931</varequal></conditionvar><setvar action="Set">100.000000000</setvar><displayfeedback feedbacktype="Response" linkrefid="QUES_12467_12481_IF42931" /></respcondition></resprocessing><itemfeedback ident="QUES_12467_12481_IF42928"><material><mattext texttype="text/plain" /></material></itemfeedback><itemfeedback ident="QUES_12467_12481_IF42929"><material><mattext texttype="text/plain" /></material></itemfeedback><itemfeedback ident="QUES_12467_12481_IF42930"><material><mattext texttype="text/plain" /></material></itemfeedback><itemfeedback ident="QUES_12467_12481_IF42931"><material><mattext texttype="text/plain" /></material></itemfeedback></item><item ident="OBJ_12582" label="QUES_12468_12482" d2l_2p0:page="1"><itemmetadata><qtimetadata><qti_metadatafield><fieldlabel>qmd_computerscored</fieldlabel><fieldentry>yes</fieldentry></qti_metadatafield><qti_metadatafield><fieldlabel>qmd_questiontype</fieldlabel><fieldentry>Multiple Choice</fieldentry></qti_metadatafield><qti_metadatafield><fieldlabel>qmd_weighting</fieldlabel><fieldentry>5.000000000</fieldentry></qti_metadatafield><qti_metadatafield><fieldlabel>qmd_globalid</fieldlabel><fieldentry>c73380d2-76d4-4f94-aac0-c11c6a6fa7b2</fieldentry></qti_metadatafield><qti_metadatafield><fieldlabel>qmd_displayid</fieldlabel><fieldentry>IDL2021_S1_MASTER_2013_20160524113513-141</fieldentry></qti_metadatafield></qtimetadata></itemmetadata><itemproc_extension><d2l_2p0:difficulty>0</d2l_2p0:difficulty><d2l_2p0:isbonus>no</d2l_2p0:isbonus><d2l_2p0:ismandatory>yes</d2l_2p0:ismandatory></itemproc_extension><presentation><flow><material><mattext texttype="text/html">&lt;b&gt;Simplify.&lt;/b&gt;&lt;br&gt;&lt;br&gt; &lt;img width="32" height="60" align="middle" alt="mc008-1.jpg" src="ppg/examview/5-8-b/mc008-1.jpg" border="0"&gt;</mattext></material><response_extension><d2l_2p0:display_style>2</d2l_2p0:display_style><d2l_2p0:enumeration>0</d2l_2p0:enumeration><d2l_2p0:grading_type>0</d2l_2p0:grading_type></response_extension><response_lid ident="QUES_12468_12482_LID" rcardinality="Single"><render_choice shuffle="no"><flow_label class="Block"><response_label ident="QUES_12468_12482_A42932"><flow_mat><material><mattext texttype="text/html">16</mattext></material></flow_mat></response_label></flow_label><flow_label class="Block"><response_label ident="QUES_12468_12482_A42933"><flow_mat><material><mattext texttype="text/html">&lt;img width="14" height="19" align="bottom" alt="mc008-2.jpg" src="ppg/examview/5-8-b/mc008-2.jpg" border="0"&gt;</mattext></material></flow_mat></response_label></flow_label><flow_label class="Block"><response_label ident="QUES_12468_12482_A42934"><flow_mat><material><mattext texttype="text/html">&lt;img width="28" height="19" align="bottom" alt="mc008-3.jpg" src="ppg/examview/5-8-b/mc008-3.jpg" border="0"&gt;</mattext></material></flow_mat></response_label></flow_label><flow_label class="Block"><response_label ident="QUES_12468_12482_A42935"><flow_mat><material><mattext texttype="text/html">&lt;img width="28" height="19" align="bottom" alt="mc008-4.jpg" src="ppg/examview/5-8-b/mc008-4.jpg" border="0"&gt;</mattext></material></flow_mat></response_label></flow_label></render_choice></response_lid></flow></presentation><resprocessing><respcondition title="Response Condition 1"><conditionvar><varequal respident="QUES_12468_12482_LID">QUES_12468_12482_A42932</varequal></conditionvar><setvar action="Set">0.000000000</setvar><displayfeedback feedbacktype="Response" linkrefid="QUES_12468_12482_IF42932" /></respcondition><respcondition title="Response Condition 2"><conditionvar><varequal respident="QUES_12468_12482_LID">QUES_12468_12482_A42933</varequal></conditionvar><setvar action="Set">0.000000000</setvar><displayfeedback feedbacktype="Response" linkrefid="QUES_12468_12482_IF42933" /></respcondition><respcondition title="Response Condition 3"><conditionvar><varequal respident="QUES_12468_12482_LID">QUES_12468_12482_A42934</varequal></conditionvar><setvar action="Set">0.000000000</setvar><displayfeedback feedbacktype="Response" linkrefid="QUES_12468_12482_IF42934" /></respcondition><respcondition title="Response Condition 4"><conditionvar><varequal respident="QUES_12468_12482_LID">QUES_12468_12482_A42935</varequal></conditionvar><setvar action="Set">100.000000000</setvar><displayfeedback feedbacktype="Response" linkrefid="QUES_12468_12482_IF42935" /></respcondition></resprocessing><itemfeedback ident="QUES_12468_12482_IF42932"><material><mattext texttype="text/plain" /></material></itemfeedback><itemfeedback ident="QUES_12468_12482_IF42933"><material><mattext texttype="text/plain" /></material></itemfeedback><itemfeedback ident="QUES_12468_12482_IF42934"><material><mattext texttype="text/plain" /></material></itemfeedback><itemfeedback ident="QUES_12468_12482_IF42935"><material><mattext texttype="text/plain" /></material></itemfeedback></item><item ident="OBJ_12583" label="QUES_12469_12483" d2l_2p0:page="1"><itemmetadata><qtimetadata><qti_metadatafield><fieldlabel>qmd_computerscored</fieldlabel><fieldentry>yes</fieldentry></qti_metadatafield><qti_metadatafield><fieldlabel>qmd_questiontype</fieldlabel><fieldentry>Multiple Choice</fieldentry></qti_metadatafield><qti_metadatafield><fieldlabel>qmd_weighting</fieldlabel><fieldentry>5.000000000</fieldentry></qti_metadatafield><qti_metadatafield><fieldlabel>qmd_globalid</fieldlabel><fieldentry>b43b91c8-d841-492c-8a87-03eeeef9dc7d</fieldentry></qti_metadatafield><qti_metadatafield><fieldlabel>qmd_displayid</fieldlabel><fieldentry>IDL2021_S1_MASTER_2013_20160524113513-142</fieldentry></qti_metadatafield></qtimetadata></itemmetadata><itemproc_extension><d2l_2p0:difficulty>0</d2l_2p0:difficulty><d2l_2p0:isbonus>no</d2l_2p0:isbonus><d2l_2p0:ismandatory>yes</d2l_2p0:ismandatory></itemproc_extension><presentation><flow><material><mattext texttype="text/html">&lt;b&gt;Simplify.&lt;/b&gt;&lt;br&gt;&lt;br&gt; &lt;img width="37" height="47" align="middle" alt="mc009-1.jpg" src="ppg/examview/5-8-b/mc009-1.jpg" border="0"&gt;</mattext></material><response_extension><d2l_2p0:display_style>2</d2l_2p0:display_style><d2l_2p0:enumeration>0</d2l_2p0:enumeration><d2l_2p0:grading_type>0</d2l_2p0:grading_type></response_extension><response_lid ident="QUES_12469_12483_LID" rcardinality="Single"><render_choice shuffle="no"><flow_label class="Block"><response_label ident="QUES_12469_12483_A42936"><flow_mat><material><mattext texttype="text/html">&lt;img width="14" height="15" align="bottom" alt="mc009-2.jpg" src="ppg/examview/5-8-b/mc009-2.jpg" border="0"&gt;</mattext></material></flow_mat></response_label></flow_label><flow_label class="Block"><response_label ident="QUES_12469_12483_A42937"><flow_mat><material><mattext texttype="text/html">&lt;img width="19" height="15" align="bottom" alt="mc009-3.jpg" src="ppg/examview/5-8-b/mc009-3.jpg" border="0"&gt;</mattext></material></flow_mat></response_label></flow_label><flow_label class="Block"><response_label ident="QUES_12469_12483_A42938"><flow_mat><material><mattext texttype="text/html">&lt;img width="14" height="15" align="bottom" alt="mc009-4.jpg" src="ppg/examview/5-8-b/mc009-4.jpg" border="0"&gt;</mattext></material></flow_mat></response_label></flow_label><flow_label class="Block"><response_label ident="QUES_12469_12483_A42939"><flow_mat><material><mattext texttype="text/html">&lt;img width="21" height="15" align="bottom" alt="mc009-5.jpg" src="ppg/examview/5-8-b/mc009-5.jpg" border="0"&gt;</mattext></material></flow_mat></response_label></flow_label></render_choice></response_lid></flow></presentation><resprocessing><respcondition title="Response Condition 1"><conditionvar><varequal respident="QUES_12469_12483_LID">QUES_12469_12483_A42936</varequal></conditionvar><setvar action="Set">0.000000000</setvar><displayfeedback feedbacktype="Response" linkrefid="QUES_12469_12483_IF42936" /></respcondition><respcondition title="Response Condition 2"><conditionvar><varequal respident="QUES_12469_12483_LID">QUES_12469_12483_A42937</varequal></conditionvar><setvar action="Set">100.000000000</setvar><displayfeedback feedbacktype="Response" linkrefid="QUES_12469_12483_IF42937" /></respcondition><respcondition title="Response Condition 3"><conditionvar><varequal respident="QUES_12469_12483_LID">QUES_12469_12483_A42938</varequal></conditionvar><setvar action="Set">0.000000000</setvar><displayfeedback feedbacktype="Response" linkrefid="QUES_12469_12483_IF42938" /></respcondition><respcondition title="Response Condition 4"><conditionvar><varequal respident="QUES_12469_12483_LID">QUES_12469_12483_A42939</varequal></conditionvar><setvar action="Set">0.000000000</setvar><displayfeedback feedbacktype="Response" linkrefid="QUES_12469_12483_IF42939" /></respcondition></resprocessing><itemfeedback ident="QUES_12469_12483_IF42936"><material><mattext texttype="text/plain" /></material></itemfeedback><itemfeedback ident="QUES_12469_12483_IF42937"><material><mattext texttype="text/plain" /></material></itemfeedback><itemfeedback ident="QUES_12469_12483_IF42938"><material><mattext texttype="text/plain" /></material></itemfeedback><itemfeedback ident="QUES_12469_12483_IF42939"><material><mattext texttype="text/plain" /></material></itemfeedback></item><item ident="OBJ_12584" label="QUES_12470_12484" d2l_2p0:page="1"><itemmetadata><qtimetadata><qti_metadatafield><fieldlabel>qmd_computerscored</fieldlabel><fieldentry>yes</fieldentry></qti_metadatafield><qti_metadatafield><fieldlabel>qmd_questiontype</fieldlabel><fieldentry>Multiple Choice</fieldentry></qti_metadatafield><qti_metadatafield><fieldlabel>qmd_weighting</fieldlabel><fieldentry>5.000000000</fieldentry></qti_metadatafield><qti_metadatafield><fieldlabel>qmd_globalid</fieldlabel><fieldentry>08a912a9-4e05-4603-b23e-78add0d69504</fieldentry></qti_metadatafield><qti_metadatafield><fieldlabel>qmd_displayid</fieldlabel><fieldentry>IDL2021_S1_MASTER_2013_20160524113513-143</fieldentry></qti_metadatafield></qtimetadata></itemmetadata><itemproc_extension><d2l_2p0:difficulty>0</d2l_2p0:difficulty><d2l_2p0:isbonus>no</d2l_2p0:isbonus><d2l_2p0:ismandatory>yes</d2l_2p0:ismandatory></itemproc_extension><presentation><flow><material><mattext texttype="text/html">&lt;b&gt;Simplify.&lt;/b&gt;&lt;br&gt;&lt;br&gt; &lt;img width="89" height="47" align="middle" alt="mc010-1.jpg" src="ppg/examview/5-8-b/mc010-1.jpg" border="0"&gt;</mattext></material><response_extension><d2l_2p0:display_style>2</d2l_2p0:display_style><d2l_2p0:enumeration>0</d2l_2p0:enumeration><d2l_2p0:grading_type>0</d2l_2p0:grading_type></response_extension><response_lid ident="QUES_12470_12484_LID" rcardinality="Single"><render_choice shuffle="no"><flow_label class="Block"><response_label ident="QUES_12470_12484_A42940"><flow_mat><material><mattext texttype="text/html">&lt;img width="25" height="19" align="bottom" alt="mc010-2.jpg" src="ppg/examview/5-8-b/mc010-2.jpg" border="0"&gt;</mattext></material></flow_mat></response_label></flow_label><flow_label class="Block"><response_label ident="QUES_12470_12484_A42941"><flow_mat><material><mattext texttype="text/html">&lt;img width="20" height="19" align="bottom" alt="mc010-3.jpg" src="ppg/examview/5-8-b/mc010-3.jpg" border="0"&gt;</mattext></material></flow_mat></response_label></flow_label><flow_label class="Block"><response_label ident="QUES_12470_12484_A42942"><flow_mat><material><mattext texttype="text/html">&lt;img width="27" height="19" align="bottom" alt="mc010-4.jpg" src="ppg/examview/5-8-b/mc010-4.jpg" border="0"&gt;</mattext></material></flow_mat></response_label></flow_label><flow_label class="Block"><response_label ident="QUES_12470_12484_A42943"><flow_mat><material><mattext texttype="text/html">&lt;img width="20" height="19" align="bottom" alt="mc010-5.jpg" src="ppg/examview/5-8-b/mc010-5.jpg" border="0"&gt;</mattext></material></flow_mat></response_label></flow_label></render_choice></response_lid></flow></presentation><resprocessing><respcondition title="Response Condition 1"><conditionvar><varequal respident="QUES_12470_12484_LID">QUES_12470_12484_A42940</varequal></conditionvar><setvar action="Set">0.000000000</setvar><displayfeedback feedbacktype="Response" linkrefid="QUES_12470_12484_IF42940" /></respcondition><respcondition title="Response Condition 2"><conditionvar><varequal respident="QUES_12470_12484_LID">QUES_12470_12484_A42941</varequal></conditionvar><setvar action="Set">100.000000000</setvar><displayfeedback feedbacktype="Response" linkrefid="QUES_12470_12484_IF42941" /></respcondition><respcondition title="Response Condition 3"><conditionvar><varequal respident="QUES_12470_12484_LID">QUES_12470_12484_A42942</varequal></conditionvar><setvar action="Set">0.000000000</setvar><displayfeedback feedbacktype="Response" linkrefid="QUES_12470_12484_IF42942" /></respcondition><respcondition title="Response Condition 4"><conditionvar><varequal respident="QUES_12470_12484_LID">QUES_12470_12484_A42943</varequal></conditionvar><setvar action="Set">0.000000000</setvar><displayfeedback feedbacktype="Response" linkrefid="QUES_12470_12484_IF42943" /></respcondition></resprocessing><itemfeedback ident="QUES_12470_12484_IF42940"><material><mattext texttype="text/plain" /></material></itemfeedback><itemfeedback ident="QUES_12470_12484_IF42941"><material><mattext texttype="text/plain" /></material></itemfeedback><itemfeedback ident="QUES_12470_12484_IF42942"><material><mattext texttype="text/plain" /></material></itemfeedback><itemfeedback ident="QUES_12470_12484_IF42943"><material><mattext texttype="text/plain" /></material></itemfeedback></item><item ident="OBJ_12585" label="QUES_12471_12485" d2l_2p0:page="1"><itemmetadata><qtimetadata><qti_metadatafield><fieldlabel>qmd_computerscored</fieldlabel><fieldentry>yes</fieldentry></qti_metadatafield><qti_metadatafield><fieldlabel>qmd_questiontype</fieldlabel><fieldentry>Multiple Choice</fieldentry></qti_metadatafield><qti_metadatafield><fieldlabel>qmd_weighting</fieldlabel><fieldentry>5.000000000</fieldentry></qti_metadatafield><qti_metadatafield><fieldlabel>qmd_globalid</fieldlabel><fieldentry>d1774b07-c07a-45ba-bebe-9d0961fe5b3b</fieldentry></qti_metadatafield><qti_metadatafield><fieldlabel>qmd_displayid</fieldlabel><fieldentry>IDL2021_S1_MASTER_2013_20160524113513-144</fieldentry></qti_metadatafield></qtimetadata></itemmetadata><itemproc_extension><d2l_2p0:difficulty>0</d2l_2p0:difficulty><d2l_2p0:isbonus>no</d2l_2p0:isbonus><d2l_2p0:ismandatory>yes</d2l_2p0:ismandatory></itemproc_extension><presentation><flow><material><mattext texttype="text/html">&lt;b&gt;Evaluate.&lt;/b&gt;&lt;br&gt;&lt;br&gt; &lt;img width="109" height="19" align="bottom" alt="mc011-1.jpg" src="ppg/examview/5-8-b/mc011-1.jpg" border="0"&gt;</mattext></material><response_extension><d2l_2p0:display_style>2</d2l_2p0:display_style><d2l_2p0:enumeration>0</d2l_2p0:enumeration><d2l_2p0:grading_type>0</d2l_2p0:grading_type></response_extension><response_lid ident="QUES_12471_12485_LID" rcardinality="Single"><render_choice shuffle="no"><flow_label class="Block"><response_label ident="QUES_12471_12485_A42944"><flow_mat><material><mattext texttype="text/html">15</mattext></material></flow_mat></response_label></flow_label><flow_label class="Block"><response_label ident="QUES_12471_12485_A42945"><flow_mat><material><mattext texttype="text/html">23</mattext></material></flow_mat></response_label></flow_label><flow_label class="Block"><response_label ident="QUES_12471_12485_A42946"><flow_mat><material><mattext texttype="text/html">77</mattext></material></flow_mat></response_label></flow_label><flow_label class="Block"><response_label ident="QUES_12471_12485_A42947"><flow_mat><material><mattext texttype="text/html">&amp;#8211;31</mattext></material></flow_mat></response_label></flow_label></render_choice></response_lid></flow></presentation><resprocessing><respcondition title="Response Condition 1"><conditionvar><varequal respident="QUES_12471_12485_LID">QUES_12471_12485_A42944</varequal></conditionvar><setvar action="Set">0.000000000</setvar><displayfeedback feedbacktype="Response" linkrefid="QUES_12471_12485_IF42944" /></respcondition><respcondition title="Response Condition 2"><conditionvar><varequal respident="QUES_12471_12485_LID">QUES_12471_12485_A42945</varequal></conditionvar><setvar action="Set">100.000000000</setvar><displayfeedback feedbacktype="Response" linkrefid="QUES_12471_12485_IF42945" /></respcondition><respcondition title="Response Condition 3"><conditionvar><varequal respident="QUES_12471_12485_LID">QUES_12471_12485_A42946</varequal></conditionvar><setvar action="Set">0.000000000</setvar><displayfeedback feedbacktype="Response" linkrefid="QUES_12471_12485_IF42946" /></respcondition><respcondition title="Response Condition 4"><conditionvar><varequal respident="QUES_12471_12485_LID">QUES_12471_12485_A42947</varequal></conditionvar><setvar action="Set">0.000000000</setvar><displayfeedback feedbacktype="Response" linkrefid="QUES_12471_12485_IF42947" /></respcondition></resprocessing><itemfeedback ident="QUES_12471_12485_IF42944"><material><mattext texttype="text/plain" /></material></itemfeedback><itemfeedback ident="QUES_12471_12485_IF42945"><material><mattext texttype="text/plain" /></material></itemfeedback><itemfeedback ident="QUES_12471_12485_IF42946"><material><mattext texttype="text/plain" /></material></itemfeedback><itemfeedback ident="QUES_12471_12485_IF42947"><material><mattext texttype="text/plain" /></material></itemfeedback></item><item ident="OBJ_12586" label="QUES_12472_12486" d2l_2p0:page="1"><itemmetadata><qtimetadata><qti_metadatafield><fieldlabel>qmd_computerscored</fieldlabel><fieldentry>yes</fieldentry></qti_metadatafield><qti_metadatafield><fieldlabel>qmd_questiontype</fieldlabel><fieldentry>Multiple Choice</fieldentry></qti_metadatafield><qti_metadatafield><fieldlabel>qmd_weighting</fieldlabel><fieldentry>5.000000000</fieldentry></qti_metadatafield><qti_metadatafield><fieldlabel>qmd_globalid</fieldlabel><fieldentry>bd119a6e-9d62-4029-a329-c621233575bd</fieldentry></qti_metadatafield><qti_metadatafield><fieldlabel>qmd_displayid</fieldlabel><fieldentry>IDL2021_S1_MASTER_2013_20160524113513-145</fieldentry></qti_metadatafield></qtimetadata></itemmetadata><itemproc_extension><d2l_2p0:difficulty>0</d2l_2p0:difficulty><d2l_2p0:isbonus>no</d2l_2p0:isbonus><d2l_2p0:ismandatory>yes</d2l_2p0:ismandatory></itemproc_extension><presentation><flow><material><mattext texttype="text/html">&lt;b&gt;Find the GCF.&lt;/b&gt;&lt;br&gt;&lt;br&gt; 12 and 45</mattext></material><response_extension><d2l_2p0:display_style>2</d2l_2p0:display_style><d2l_2p0:enumeration>0</d2l_2p0:enumeration><d2l_2p0:grading_type>0</d2l_2p0:grading_type></response_extension><response_lid ident="QUES_12472_12486_LID" rcardinality="Single"><render_choice shuffle="no"><flow_label class="Block"><response_label ident="QUES_12472_12486_A42948"><flow_mat><material><mattext texttype="text/html">45</mattext></material></flow_mat></response_label></flow_label><flow_label class="Block"><response_label ident="QUES_12472_12486_A42949"><flow_mat><material><mattext texttype="text/html">180</mattext></material></flow_mat></response_label></flow_label><flow_label class="Block"><response_label ident="QUES_12472_12486_A42950"><flow_mat><material><mattext texttype="text/html">12</mattext></material></flow_mat></response_label></flow_label><flow_label class="Block"><response_label ident="QUES_12472_12486_A42951"><flow_mat><material><mattext texttype="text/html">3</mattext></material></flow_mat></response_label></flow_label></render_choice></response_lid></flow></presentation><resprocessing><respcondition title="Response Condition 1"><conditionvar><varequal respident="QUES_12472_12486_LID">QUES_12472_12486_A42948</varequal></conditionvar><setvar action="Set">0.000000000</setvar><displayfeedback feedbacktype="Response" linkrefid="QUES_12472_12486_IF42948" /></respcondition><respcondition title="Response Condition 2"><conditionvar><varequal respident="QUES_12472_12486_LID">QUES_12472_12486_A42949</varequal></conditionvar><setvar action="Set">0.000000000</setvar><displayfeedback feedbacktype="Response" linkrefid="QUES_12472_12486_IF42949" /></respcondition><respcondition title="Response Condition 3"><conditionvar><varequal respident="QUES_12472_12486_LID">QUES_12472_12486_A42950</varequal></conditionvar><setvar action="Set">0.000000000</setvar><displayfeedback feedbacktype="Response" linkrefid="QUES_12472_12486_IF42950" /></respcondition><respcondition title="Response Condition 4"><conditionvar><varequal respident="QUES_12472_12486_LID">QUES_12472_12486_A42951</varequal></conditionvar><setvar action="Set">100.000000000</setvar><displayfeedback feedbacktype="Response" linkrefid="QUES_12472_12486_IF42951" /></respcondition></resprocessing><itemfeedback ident="QUES_12472_12486_IF42948"><material><mattext texttype="text/plain" /></material></itemfeedback><itemfeedback ident="QUES_12472_12486_IF42949"><material><mattext texttype="text/plain" /></material></itemfeedback><itemfeedback ident="QUES_12472_12486_IF42950"><material><mattext texttype="text/plain" /></material></itemfeedback><itemfeedback ident="QUES_12472_12486_IF42951"><material><mattext texttype="text/plain" /></material></itemfeedback></item><item ident="OBJ_12587" label="QUES_12473_12487" d2l_2p0:page="1"><itemmetadata><qtimetadata><qti_metadatafield><fieldlabel>qmd_computerscored</fieldlabel><fieldentry>yes</fieldentry></qti_metadatafield><qti_metadatafield><fieldlabel>qmd_questiontype</fieldlabel><fieldentry>Multiple Choice</fieldentry></qti_metadatafield><qti_metadatafield><fieldlabel>qmd_weighting</fieldlabel><fieldentry>5.000000000</fieldentry></qti_metadatafield><qti_metadatafield><fieldlabel>qmd_globalid</fieldlabel><fieldentry>44375c70-d9dc-4f22-880f-fc238c43e0c2</fieldentry></qti_metadatafield><qti_metadatafield><fieldlabel>qmd_displayid</fieldlabel><fieldentry>IDL2021_S1_MASTER_2013_20160524113513-146</fieldentry></qti_metadatafield></qtimetadata></itemmetadata><itemproc_extension><d2l_2p0:difficulty>0</d2l_2p0:difficulty><d2l_2p0:isbonus>no</d2l_2p0:isbonus><d2l_2p0:ismandatory>yes</d2l_2p0:ismandatory></itemproc_extension><presentation><flow><material><mattext texttype="text/html">&lt;b&gt;Find the GCF.&lt;/b&gt;&lt;br&gt;&lt;br&gt; 40 and 25</mattext></material><response_extension><d2l_2p0:display_style>2</d2l_2p0:display_style><d2l_2p0:enumeration>0</d2l_2p0:enumeration><d2l_2p0:grading_type>0</d2l_2p0:grading_type></response_extension><response_lid ident="QUES_12473_12487_LID" rcardinality="Single"><render_choice shuffle="no"><flow_label class="Block"><response_label ident="QUES_12473_12487_A42952"><flow_mat><material><mattext texttype="text/html">25</mattext></material></flow_mat></response_label></flow_label><flow_label class="Block"><response_label ident="QUES_12473_12487_A42953"><flow_mat><material><mattext texttype="text/html">40</mattext></material></flow_mat></response_label></flow_label><flow_label class="Block"><response_label ident="QUES_12473_12487_A42954"><flow_mat><material><mattext texttype="text/html">200</mattext></material></flow_mat></response_label></flow_label><flow_label class="Block"><response_label ident="QUES_12473_12487_A42955"><flow_mat><material><mattext texttype="text/html">5</mattext></material></flow_mat></response_label></flow_label></render_choice></response_lid></flow></presentation><resprocessing><respcondition title="Response Condition 1"><conditionvar><varequal respident="QUES_12473_12487_LID">QUES_12473_12487_A42952</varequal></conditionvar><setvar action="Set">0.000000000</setvar><displayfeedback feedbacktype="Response" linkrefid="QUES_12473_12487_IF42952" /></respcondition><respcondition title="Response Condition 2"><conditionvar><varequal respident="QUES_12473_12487_LID">QUES_12473_12487_A42953</varequal></conditionvar><setvar action="Set">0.000000000</setvar><displayfeedback feedbacktype="Response" linkrefid="QUES_12473_12487_IF42953" /></respcondition><respcondition title="Response Condition 3"><conditionvar><varequal respident="QUES_12473_12487_LID">QUES_12473_12487_A42954</varequal></conditionvar><setvar action="Set">0.000000000</setvar><displayfeedback feedbacktype="Response" linkrefid="QUES_12473_12487_IF42954" /></respcondition><respcondition title="Response Condition 4"><conditionvar><varequal respident="QUES_12473_12487_LID">QUES_12473_12487_A42955</varequal></conditionvar><setvar action="Set">100.000000000</setvar><displayfeedback feedbacktype="Response" linkrefid="QUES_12473_12487_IF42955" /></respcondition></resprocessing><itemfeedback ident="QUES_12473_12487_IF42952"><material><mattext texttype="text/plain" /></material></itemfeedback><itemfeedback ident="QUES_12473_12487_IF42953"><material><mattext texttype="text/plain" /></material></itemfeedback><itemfeedback ident="QUES_12473_12487_IF42954"><material><mattext texttype="text/plain" /></material></itemfeedback><itemfeedback ident="QUES_12473_12487_IF42955"><material><mattext texttype="text/plain" /></material></itemfeedback></item><item ident="OBJ_12588" label="QUES_12474_12488" d2l_2p0:page="1"><itemmetadata><qtimetadata><qti_metadatafield><fieldlabel>qmd_computerscored</fieldlabel><fieldentry>yes</fieldentry></qti_metadatafield><qti_metadatafield><fieldlabel>qmd_questiontype</fieldlabel><fieldentry>Multiple Choice</fieldentry></qti_metadatafield><qti_metadatafield><fieldlabel>qmd_weighting</fieldlabel><fieldentry>5.000000000</fieldentry></qti_metadatafield><qti_metadatafield><fieldlabel>qmd_globalid</fieldlabel><fieldentry>ce5ad4d3-410f-4188-a96d-44b4efcbdb1e</fieldentry></qti_metadatafield><qti_metadatafield><fieldlabel>qmd_displayid</fieldlabel><fieldentry>IDL2021_S1_MASTER_2013_20160524113513-147</fieldentry></qti_metadatafield></qtimetadata></itemmetadata><itemproc_extension><d2l_2p0:difficulty>0</d2l_2p0:difficulty><d2l_2p0:isbonus>no</d2l_2p0:isbonus><d2l_2p0:ismandatory>yes</d2l_2p0:ismandatory></itemproc_extension><presentation><flow><material><mattext texttype="text/html">&lt;b&gt;Find the GCF.&lt;/b&gt;&lt;br&gt;&lt;br&gt; 18 and 18</mattext></material><response_extension><d2l_2p0:display_style>2</d2l_2p0:display_style><d2l_2p0:enumeration>0</d2l_2p0:enumeration><d2l_2p0:grading_type>0</d2l_2p0:grading_type></response_extension><response_lid ident="QUES_12474_12488_LID" rcardinality="Single"><render_choice shuffle="no"><flow_label class="Block"><response_label ident="QUES_12474_12488_A42956"><flow_mat><material><mattext texttype="text/html">18</mattext></material></flow_mat></response_label></flow_label><flow_label class="Block"><response_label ident="QUES_12474_12488_A42957"><flow_mat><material><mattext texttype="text/html">18</mattext></material></flow_mat></response_label></flow_label><flow_label class="Block"><response_label ident="QUES_12474_12488_A42958"><flow_mat><material><mattext texttype="text/html">18</mattext></material></flow_mat></response_label></flow_label><flow_label class="Block"><response_label ident="QUES_12474_12488_A42959"><flow_mat><material><mattext texttype="text/html">18</mattext></material></flow_mat></response_label></flow_label></render_choice></response_lid></flow></presentation><resprocessing><respcondition title="Response Condition 1"><conditionvar><varequal respident="QUES_12474_12488_LID">QUES_12474_12488_A42956</varequal></conditionvar><setvar action="Set">100.000000000</setvar><displayfeedback feedbacktype="Response" linkrefid="QUES_12474_12488_IF42956" /></respcondition><respcondition title="Response Condition 2"><conditionvar><varequal respident="QUES_12474_12488_LID">QUES_12474_12488_A42957</varequal></conditionvar><setvar action="Set">0.000000000</setvar><displayfeedback feedbacktype="Response" linkrefid="QUES_12474_12488_IF42957" /></respcondition><respcondition title="Response Condition 3"><conditionvar><varequal respident="QUES_12474_12488_LID">QUES_12474_12488_A42958</varequal></conditionvar><setvar action="Set">0.000000000</setvar><displayfeedback feedbacktype="Response" linkrefid="QUES_12474_12488_IF42958" /></respcondition><respcondition title="Response Condition 4"><conditionvar><varequal respident="QUES_12474_12488_LID">QUES_12474_12488_A42959</varequal></conditionvar><setvar action="Set">0.000000000</setvar><displayfeedback feedbacktype="Response" linkrefid="QUES_12474_12488_IF42959" /></respcondition></resprocessing><itemfeedback ident="QUES_12474_12488_IF42956"><material><mattext texttype="text/plain" /></material></itemfeedback><itemfeedback ident="QUES_12474_12488_IF42957"><material><mattext texttype="text/plain" /></material></itemfeedback><itemfeedback ident="QUES_12474_12488_IF42958"><material><mattext texttype="text/plain" /></material></itemfeedback><itemfeedback ident="QUES_12474_12488_IF42959"><material><mattext texttype="text/plain" /></material></itemfeedback></item><item ident="OBJ_12589" label="QUES_12475_12489" d2l_2p0:page="1"><itemmetadata><qtimetadata><qti_metadatafield><fieldlabel>qmd_computerscored</fieldlabel><fieldentry>yes</fieldentry></qti_metadatafield><qti_metadatafield><fieldlabel>qmd_questiontype</fieldlabel><fieldentry>Multiple Choice</fieldentry></qti_metadatafield><qti_metadatafield><fieldlabel>qmd_weighting</fieldlabel><fieldentry>5.000000000</fieldentry></qti_metadatafield><qti_metadatafield><fieldlabel>qmd_globalid</fieldlabel><fieldentry>f9bfdd2c-979b-431b-9bd1-e0de911c2efb</fieldentry></qti_metadatafield><qti_metadatafield><fieldlabel>qmd_displayid</fieldlabel><fieldentry>IDL2021_S1_MASTER_2013_20160524113513-148</fieldentry></qti_metadatafield></qtimetadata></itemmetadata><itemproc_extension><d2l_2p0:difficulty>0</d2l_2p0:difficulty><d2l_2p0:isbonus>no</d2l_2p0:isbonus><d2l_2p0:ismandatory>yes</d2l_2p0:ismandatory></itemproc_extension><presentation><flow><material><mattext texttype="text/html">&lt;b&gt;Simplify the expression.&lt;/b&gt;&lt;br&gt;&lt;br&gt; &lt;img width="95" height="22" align="bottom" alt="mc015-1.jpg" src="ppg/examview/5-8-b/mc015-1.jpg" border="0"&gt;</mattext></material><response_extension><d2l_2p0:display_style>2</d2l_2p0:display_style><d2l_2p0:enumeration>0</d2l_2p0:enumeration><d2l_2p0:grading_type>0</d2l_2p0:grading_type></response_extension><response_lid ident="QUES_12475_12489_LID" rcardinality="Single"><render_choice shuffle="no"><flow_label class="Block"><response_label ident="QUES_12475_12489_A42960"><flow_mat><material><mattext texttype="text/html">&lt;img width="46" height="26" align="middle" alt="mc015-2.jpg" src="ppg/examview/5-8-b/mc015-2.jpg" border="0"&gt;</mattext></material></flow_mat></response_label></flow_label><flow_label class="Block"><response_label ident="QUES_12475_12489_A42961"><flow_mat><material><mattext texttype="text/html">&lt;img width="46" height="26" align="middle" alt="mc015-3.jpg" src="ppg/examview/5-8-b/mc015-3.jpg" border="0"&gt;</mattext></material></flow_mat></response_label></flow_label><flow_label class="Block"><response_label ident="QUES_12475_12489_A42962"><flow_mat><material><mattext texttype="text/html">&lt;img width="46" height="26" align="middle" alt="mc015-4.jpg" src="ppg/examview/5-8-b/mc015-4.jpg" border="0"&gt;</mattext></material></flow_mat></response_label></flow_label><flow_label class="Block"><response_label ident="QUES_12475_12489_A42963"><flow_mat><material><mattext texttype="text/html">&lt;img width="46" height="26" align="middle" alt="mc015-5.jpg" src="ppg/examview/5-8-b/mc015-5.jpg" border="0"&gt;</mattext></material></flow_mat></response_label></flow_label></render_choice></response_lid></flow></presentation><resprocessing><respcondition title="Response Condition 1"><conditionvar><varequal respident="QUES_12475_12489_LID">QUES_12475_12489_A42960</varequal></conditionvar><setvar action="Set">100.000000000</setvar><displayfeedback feedbacktype="Response" linkrefid="QUES_12475_12489_IF42960" /></respcondition><respcondition title="Response Condition 2"><conditionvar><varequal respident="QUES_12475_12489_LID">QUES_12475_12489_A42961</varequal></conditionvar><setvar action="Set">0.000000000</setvar><displayfeedback feedbacktype="Response" linkrefid="QUES_12475_12489_IF42961" /></respcondition><respcondition title="Response Condition 3"><conditionvar><varequal respident="QUES_12475_12489_LID">QUES_12475_12489_A42962</varequal></conditionvar><setvar action="Set">0.000000000</setvar><displayfeedback feedbacktype="Response" linkrefid="QUES_12475_12489_IF42962" /></respcondition><respcondition title="Response Condition 4"><conditionvar><varequal respident="QUES_12475_12489_LID">QUES_12475_12489_A42963</varequal></conditionvar><setvar action="Set">0.000000000</setvar><displayfeedback feedbacktype="Response" linkrefid="QUES_12475_12489_IF42963" /></respcondition></resprocessing><itemfeedback ident="QUES_12475_12489_IF42960"><material><mattext texttype="text/plain" /></material></itemfeedback><itemfeedback ident="QUES_12475_12489_IF42961"><material><mattext texttype="text/plain" /></material></itemfeedback><itemfeedback ident="QUES_12475_12489_IF42962"><material><mattext texttype="text/plain" /></material></itemfeedback><itemfeedback ident="QUES_12475_12489_IF42963"><material><mattext texttype="text/plain" /></material></itemfeedback></item><item ident="OBJ_12590" label="QUES_12476_12490" d2l_2p0:page="1"><itemmetadata><qtimetadata><qti_metadatafield><fieldlabel>qmd_computerscored</fieldlabel><fieldentry>yes</fieldentry></qti_metadatafield><qti_metadatafield><fieldlabel>qmd_questiontype</fieldlabel><fieldentry>Multiple Choice</fieldentry></qti_metadatafield><qti_metadatafield><fieldlabel>qmd_weighting</fieldlabel><fieldentry>5.000000000</fieldentry></qti_metadatafield><qti_metadatafield><fieldlabel>qmd_globalid</fieldlabel><fieldentry>107c5e2d-27ae-4596-8b66-29d2f04a6d40</fieldentry></qti_metadatafield><qti_metadatafield><fieldlabel>qmd_displayid</fieldlabel><fieldentry>IDL2021_S1_MASTER_2013_20160524113513-149</fieldentry></qti_metadatafield></qtimetadata></itemmetadata><itemproc_extension><d2l_2p0:difficulty>0</d2l_2p0:difficulty><d2l_2p0:isbonus>no</d2l_2p0:isbonus><d2l_2p0:ismandatory>yes</d2l_2p0:ismandatory></itemproc_extension><presentation><flow><material><mattext texttype="text/html">&lt;b&gt;Simplify the expression.&lt;/b&gt;&lt;br&gt;&lt;br&gt; &lt;img width="95" height="22" align="bottom" alt="mc016-1.jpg" src="ppg/examview/5-8-b/mc016-1.jpg" border="0"&gt;</mattext></material><response_extension><d2l_2p0:display_style>2</d2l_2p0:display_style><d2l_2p0:enumeration>0</d2l_2p0:enumeration><d2l_2p0:grading_type>0</d2l_2p0:grading_type></response_extension><response_lid ident="QUES_12476_12490_LID" rcardinality="Single"><render_choice shuffle="no"><flow_label class="Block"><response_label ident="QUES_12476_12490_A42964"><flow_mat><material><mattext texttype="text/html">&lt;img width="51" height="26" align="middle" alt="mc016-2.jpg" src="ppg/examview/5-8-b/mc016-2.jpg" border="0"&gt;</mattext></material></flow_mat></response_label></flow_label><flow_label class="Block"><response_label ident="QUES_12476_12490_A42965"><flow_mat><material><mattext texttype="text/html">&lt;img width="46" height="26" align="middle" alt="mc016-3.jpg" src="ppg/examview/5-8-b/mc016-3.jpg" border="0"&gt;</mattext></material></flow_mat></response_label></flow_label><flow_label class="Block"><response_label ident="QUES_12476_12490_A42966"><flow_mat><material><mattext texttype="text/html">&lt;img width="46" height="26" align="middle" alt="mc016-4.jpg" src="ppg/examview/5-8-b/mc016-4.jpg" border="0"&gt;</mattext></material></flow_mat></response_label></flow_label><flow_label class="Block"><response_label ident="QUES_12476_12490_A42967"><flow_mat><material><mattext texttype="text/html">&lt;img width="51" height="26" align="middle" alt="mc016-5.jpg" src="ppg/examview/5-8-b/mc016-5.jpg" border="0"&gt;</mattext></material></flow_mat></response_label></flow_label></render_choice></response_lid></flow></presentation><resprocessing><respcondition title="Response Condition 1"><conditionvar><varequal respident="QUES_12476_12490_LID">QUES_12476_12490_A42964</varequal></conditionvar><setvar action="Set">0.000000000</setvar><displayfeedback feedbacktype="Response" linkrefid="QUES_12476_12490_IF42964" /></respcondition><respcondition title="Response Condition 2"><conditionvar><varequal respident="QUES_12476_12490_LID">QUES_12476_12490_A42965</varequal></conditionvar><setvar action="Set">100.000000000</setvar><displayfeedback feedbacktype="Response" linkrefid="QUES_12476_12490_IF42965" /></respcondition><respcondition title="Response Condition 3"><conditionvar><varequal respident="QUES_12476_12490_LID">QUES_12476_12490_A42966</varequal></conditionvar><setvar action="Set">0.000000000</setvar><displayfeedback feedbacktype="Response" linkrefid="QUES_12476_12490_IF42966" /></respcondition><respcondition title="Response Condition 4"><conditionvar><varequal respident="QUES_12476_12490_LID">QUES_12476_12490_A42967</varequal></conditionvar><setvar action="Set">0.000000000</setvar><displayfeedback feedbacktype="Response" linkrefid="QUES_12476_12490_IF42967" /></respcondition></resprocessing><itemfeedback ident="QUES_12476_12490_IF42964"><material><mattext texttype="text/plain" /></material></itemfeedback><itemfeedback ident="QUES_12476_12490_IF42965"><material><mattext texttype="text/plain" /></material></itemfeedback><itemfeedback ident="QUES_12476_12490_IF42966"><material><mattext texttype="text/plain" /></material></itemfeedback><itemfeedback ident="QUES_12476_12490_IF42967"><material><mattext texttype="text/plain" /></material></itemfeedback></item><item ident="OBJ_12591" label="QUES_12477_12491" d2l_2p0:page="1"><itemmetadata><qtimetadata><qti_metadatafield><fieldlabel>qmd_computerscored</fieldlabel><fieldentry>yes</fieldentry></qti_metadatafield><qti_metadatafield><fieldlabel>qmd_questiontype</fieldlabel><fieldentry>Multiple Choice</fieldentry></qti_metadatafield><qti_metadatafield><fieldlabel>qmd_weighting</fieldlabel><fieldentry>5.000000000</fieldentry></qti_metadatafield><qti_metadatafield><fieldlabel>qmd_globalid</fieldlabel><fieldentry>c76cce44-2b0b-4fdb-ab2e-1baf60374090</fieldentry></qti_metadatafield><qti_metadatafield><fieldlabel>qmd_displayid</fieldlabel><fieldentry>IDL2021_S1_MASTER_2013_20160524113513-150</fieldentry></qti_metadatafield></qtimetadata></itemmetadata><itemproc_extension><d2l_2p0:difficulty>0</d2l_2p0:difficulty><d2l_2p0:isbonus>no</d2l_2p0:isbonus><d2l_2p0:ismandatory>yes</d2l_2p0:ismandatory></itemproc_extension><presentation><flow><material><mattext texttype="text/html">Write 806,000,000 in scientific notation.</mattext></material><response_extension><d2l_2p0:display_style>2</d2l_2p0:display_style><d2l_2p0:enumeration>0</d2l_2p0:enumeration><d2l_2p0:grading_type>0</d2l_2p0:grading_type></response_extension><response_lid ident="QUES_12477_12491_LID" rcardinality="Single"><render_choice shuffle="no"><flow_label class="Block"><response_label ident="QUES_12477_12491_A42968"><flow_mat><material><mattext texttype="text/html">&lt;img width="64" height="19" align="bottom" alt="mc017-1.jpg" src="ppg/examview/5-8-b/mc017-1.jpg" border="0"&gt;</mattext></material></flow_mat></response_label></flow_label><flow_label class="Block"><response_label ident="QUES_12477_12491_A42969"><flow_mat><material><mattext texttype="text/html">&lt;img width="64" height="19" align="bottom" alt="mc017-2.jpg" src="ppg/examview/5-8-b/mc017-2.jpg" border="0"&gt;</mattext></material></flow_mat></response_label></flow_label><flow_label class="Block"><response_label ident="QUES_12477_12491_A42970"><flow_mat><material><mattext texttype="text/html">&lt;img width="64" height="19" align="bottom" alt="mc017-3.jpg" src="ppg/examview/5-8-b/mc017-3.jpg" border="0"&gt;</mattext></material></flow_mat></response_label></flow_label><flow_label class="Block"><response_label ident="QUES_12477_12491_A42971"><flow_mat><material><mattext texttype="text/html">&lt;img width="69" height="19" align="bottom" alt="mc017-4.jpg" src="ppg/examview/5-8-b/mc017-4.jpg" border="0"&gt;</mattext></material></flow_mat></response_label></flow_label></render_choice></response_lid></flow></presentation><resprocessing><respcondition title="Response Condition 1"><conditionvar><varequal respident="QUES_12477_12491_LID">QUES_12477_12491_A42968</varequal></conditionvar><setvar action="Set">0.000000000</setvar><displayfeedback feedbacktype="Response" linkrefid="QUES_12477_12491_IF42968" /></respcondition><respcondition title="Response Condition 2"><conditionvar><varequal respident="QUES_12477_12491_LID">QUES_12477_12491_A42969</varequal></conditionvar><setvar action="Set">0.000000000</setvar><displayfeedback feedbacktype="Response" linkrefid="QUES_12477_12491_IF42969" /></respcondition><respcondition title="Response Condition 3"><conditionvar><varequal respident="QUES_12477_12491_LID">QUES_12477_12491_A42970</varequal></conditionvar><setvar action="Set">100.000000000</setvar><displayfeedback feedbacktype="Response" linkrefid="QUES_12477_12491_IF42970" /></respcondition><respcondition title="Response Condition 4"><conditionvar><varequal respident="QUES_12477_12491_LID">QUES_12477_12491_A42971</varequal></conditionvar><setvar action="Set">0.000000000</setvar><displayfeedback feedbacktype="Response" linkrefid="QUES_12477_12491_IF42971" /></respcondition></resprocessing><itemfeedback ident="QUES_12477_12491_IF42968"><material><mattext texttype="text/plain" /></material></itemfeedback><itemfeedback ident="QUES_12477_12491_IF42969"><material><mattext texttype="text/plain" /></material></itemfeedback><itemfeedback ident="QUES_12477_12491_IF42970"><material><mattext texttype="text/plain" /></material></itemfeedback><itemfeedback ident="QUES_12477_12491_IF42971"><material><mattext texttype="text/plain" /></material></itemfeedback></item><item ident="OBJ_12592" label="QUES_12478_12492" d2l_2p0:page="1"><itemmetadata><qtimetadata><qti_metadatafield><fieldlabel>qmd_computerscored</fieldlabel><fieldentry>yes</fieldentry></qti_metadatafield><qti_metadatafield><fieldlabel>qmd_questiontype</fieldlabel><fieldentry>Multiple Choice</fieldentry></qti_metadatafield><qti_metadatafield><fieldlabel>qmd_weighting</fieldlabel><fieldentry>5.000000000</fieldentry></qti_metadatafield><qti_metadatafield><fieldlabel>qmd_globalid</fieldlabel><fieldentry>cd4be27d-95ab-432d-a15c-9e69fe453ebe</fieldentry></qti_metadatafield><qti_metadatafield><fieldlabel>qmd_displayid</fieldlabel><fieldentry>IDL2021_S1_MASTER_2013_20160524113513-151</fieldentry></qti_metadatafield></qtimetadata></itemmetadata><itemproc_extension><d2l_2p0:difficulty>0</d2l_2p0:difficulty><d2l_2p0:isbonus>no</d2l_2p0:isbonus><d2l_2p0:ismandatory>yes</d2l_2p0:ismandatory></itemproc_extension><presentation><flow><material><mattext texttype="text/html">Write 0.000000474 in scientific notation.</mattext></material><response_extension><d2l_2p0:display_style>2</d2l_2p0:display_style><d2l_2p0:enumeration>0</d2l_2p0:enumeration><d2l_2p0:grading_type>0</d2l_2p0:grading_type></response_extension><response_lid ident="QUES_12478_12492_LID" rcardinality="Single"><render_choice shuffle="no"><flow_label class="Block"><response_label ident="QUES_12478_12492_A42972"><flow_mat><material><mattext texttype="text/html">&lt;img width="69" height="19" align="bottom" alt="mc018-1.jpg" src="ppg/examview/5-8-b/mc018-1.jpg" border="0"&gt;</mattext></material></flow_mat></response_label></flow_label><flow_label class="Block"><response_label ident="QUES_12478_12492_A42973"><flow_mat><material><mattext texttype="text/html">&lt;img width="69" height="19" align="bottom" alt="mc018-2.jpg" src="ppg/examview/5-8-b/mc018-2.jpg" border="0"&gt;</mattext></material></flow_mat></response_label></flow_label><flow_label class="Block"><response_label ident="QUES_12478_12492_A42974"><flow_mat><material><mattext texttype="text/html">&lt;img width="69" height="19" align="bottom" alt="mc018-3.jpg" src="ppg/examview/5-8-b/mc018-3.jpg" border="0"&gt;</mattext></material></flow_mat></response_label></flow_label><flow_label class="Block"><response_label ident="QUES_12478_12492_A42975"><flow_mat><material><mattext texttype="text/html">&lt;img width="69" height="19" align="bottom" alt="mc018-4.jpg" src="ppg/examview/5-8-b/mc018-4.jpg" border="0"&gt;</mattext></material></flow_mat></response_label></flow_label></render_choice></response_lid></flow></presentation><resprocessing><respcondition title="Response Condition 1"><conditionvar><varequal respident="QUES_12478_12492_LID">QUES_12478_12492_A42972</varequal></conditionvar><setvar action="Set">0.000000000</setvar><displayfeedback feedbacktype="Response" linkrefid="QUES_12478_12492_IF42972" /></respcondition><respcondition title="Response Condition 2"><conditionvar><varequal respident="QUES_12478_12492_LID">QUES_12478_12492_A42973</varequal></conditionvar><setvar action="Set">100.000000000</setvar><displayfeedback feedbacktype="Response" linkrefid="QUES_12478_12492_IF42973" /></respcondition><respcondition title="Response Condition 3"><conditionvar><varequal respident="QUES_12478_12492_LID">QUES_12478_12492_A42974</varequal></conditionvar><setvar action="Set">0.000000000</setvar><displayfeedback feedbacktype="Response" linkrefid="QUES_12478_12492_IF42974" /></respcondition><respcondition title="Response Condition 4"><conditionvar><varequal respident="QUES_12478_12492_LID">QUES_12478_12492_A42975</varequal></conditionvar><setvar action="Set">0.000000000</setvar><displayfeedback feedbacktype="Response" linkrefid="QUES_12478_12492_IF42975" /></respcondition></resprocessing><itemfeedback ident="QUES_12478_12492_IF42972"><material><mattext texttype="text/plain" /></material></itemfeedback><itemfeedback ident="QUES_12478_12492_IF42973"><material><mattext texttype="text/plain" /></material></itemfeedback><itemfeedback ident="QUES_12478_12492_IF42974"><material><mattext texttype="text/plain" /></material></itemfeedback><itemfeedback ident="QUES_12478_12492_IF42975"><material><mattext texttype="text/plain" /></material></itemfeedback></item></section></assessment></questestinterop>