﻿<?xml version="1.0" encoding="UTF-8"?><questestinterop xmlns:d2l_2p0="http://desire2learn.com/xsd/d2lcp_v2p0"><assessment d2l_2p0:id="241" title="6.2.a  Proportions" ident="res_quiz_817" d2l_2p0:resource_code="4c0864a6-f13d-4afc-af34-13b9285babb3"><rubric><flow_mat><material><mattext d2l_2p0:isdisplayed="yes" texttype="text/html">&lt;p&gt;There are 10 problems worth 2 points each for a total of 20 points.&lt;/p&gt;</mattext></material></flow_mat></rubric><assessmentcontrol hintswitch="yes" solutionswitch="yes" feedbackswitch="no" /><presentation_material><flow_mat><material label="page header"><mattext d2l_2p0:isdisplayed="yes" texttype="text/html" /></material><material label="page footer"><mattext d2l_2p0:isdisplayed="yes" texttype="text/html" /></material></flow_mat></presentation_material><assess_procextension><d2l_2p0:intro_message d2l_2p0:isdisplayed="yes" texttype="text/html">&lt;p&gt;Solve the proportions and insert the final number answer only into the assignment (you do not need to state the variable). Round answers to the tenths place when necessary.&lt;/p&gt;</d2l_2p0:intro_message><grade_item d2l_2p0:is_autoexport="yes" resource_code="89ec69fa-141b-4578-91da-b5e072a81062">2392</grade_item><d2l_2p0:disable_right_click>yes</d2l_2p0:disable_right_click><d2l_2p0:disable_pager_access>yes</d2l_2p0:disable_pager_access><is_active>yes</is_active><d2l_2p0:date_start /><d2l_2p0:date_end /><d2l_2p0:has_schedule_event>no</d2l_2p0:has_schedule_event><d2l_2p0:is_attempt_Rldb>no</d2l_2p0:is_attempt_Rldb><d2l_2p0:is_subview_Rldb>no</d2l_2p0:is_subview_Rldb><d2l_2p0:time_limit>120</d2l_2p0:time_limit><d2l_2p0:show_clock>yes</d2l_2p0:show_clock><d2l_2p0:enforce_time_limit>yes</d2l_2p0:enforce_time_limit><d2l_2p0:grace_period>5</d2l_2p0:grace_period><d2l_2p0:late_limit>1</d2l_2p0:late_limit><d2l_2p0:attempts_allowed>1</d2l_2p0:attempts_allowed><d2l_2p0:attempt_restrictions /><d2l_2p0:mark_calculation_type>1</d2l_2p0:mark_calculation_type><d2l_2p0:is_forward_only>no</d2l_2p0:is_forward_only></assess_procextension><section ident="CONTAINER_SECTION"><item ident="OBJ_12490" label="QUES_12376_12390" d2l_2p0:page="1"><itemmetadata><qtimetadata><qti_metadatafield><fieldlabel>qmd_computerscored</fieldlabel><fieldentry>yes</fieldentry></qti_metadatafield><qti_metadatafield><fieldlabel>qmd_questiontype</fieldlabel><fieldentry>True/False</fieldentry></qti_metadatafield><qti_metadatafield><fieldlabel>qmd_weighting</fieldlabel><fieldentry>2.000000000</fieldentry></qti_metadatafield><qti_metadatafield><fieldlabel>qmd_globalid</fieldlabel><fieldentry>63085bba-f372-4624-a3fd-9261556c19cf</fieldentry></qti_metadatafield><qti_metadatafield><fieldlabel>qmd_displayid</fieldlabel><fieldentry>IDL2021_S1_MASTER_2013_20160524113513-49</fieldentry></qti_metadatafield></qtimetadata></itemmetadata><itemproc_extension><d2l_2p0:difficulty>0</d2l_2p0:difficulty><d2l_2p0:isbonus>no</d2l_2p0:isbonus><d2l_2p0:ismandatory>yes</d2l_2p0:ismandatory></itemproc_extension><presentation><flow><material><mattext texttype="text/html">Do the pair of fractions form a proportion?&lt;div&gt;&lt;br /&gt;&lt;/div&gt;&lt;div&gt;&lt;span class="Apple-style-span" style="text-decoration: underline; "&gt;40&lt;/span&gt; and &lt;span class="Apple-style-span" style="text-decoration: underline; "&gt;75&lt;/span&gt;&lt;/div&gt;&lt;div&gt;24       45&lt;/div&gt;</mattext></material><response_extension><d2l_2p0:display_style>2</d2l_2p0:display_style><d2l_2p0:enumeration>1</d2l_2p0:enumeration><d2l_2p0:grading_type>0</d2l_2p0:grading_type></response_extension><response_lid ident="QUES_12376_12390_LID" rcardinality="Single"><render_choice shuffle="no"><flow_label class="Block"><response_label ident="QUES_12376_12390_A42717"><flow_mat><material><mattext texttype="text/plain">True</mattext></material></flow_mat></response_label></flow_label><flow_label class="Block"><response_label ident="QUES_12376_12390_A42718"><flow_mat><material><mattext texttype="text/plain">False</mattext></material></flow_mat></response_label></flow_label></render_choice></response_lid></flow></presentation><resprocessing><respcondition title="Response Condition 1"><conditionvar><varequal respident="QUES_12376_12390_LID">QUES_12376_12390_A42717</varequal></conditionvar><setvar action="Set">100.000000000</setvar><displayfeedback feedbacktype="Response" linkrefid="QUES_12376_12390_IF42717" /></respcondition><respcondition title="Response Condition 2"><conditionvar><varequal respident="QUES_12376_12390_LID">QUES_12376_12390_A42718</varequal></conditionvar><setvar action="Set">0.000000000</setvar><displayfeedback feedbacktype="Response" linkrefid="QUES_12376_12390_IF42718" /></respcondition></resprocessing><itemfeedback ident="QUES_12376_12390_IF42717"><material><mattext texttype="text/plain" /></material></itemfeedback><itemfeedback ident="QUES_12376_12390_IF42718"><material><mattext texttype="text/plain" /></material></itemfeedback></item><item ident="OBJ_12491" label="QUES_12377_12391" d2l_2p0:page="1"><itemmetadata><qtimetadata><qti_metadatafield><fieldlabel>qmd_computerscored</fieldlabel><fieldentry>yes</fieldentry></qti_metadatafield><qti_metadatafield><fieldlabel>qmd_questiontype</fieldlabel><fieldentry>True/False</fieldentry></qti_metadatafield><qti_metadatafield><fieldlabel>qmd_weighting</fieldlabel><fieldentry>2.000000000</fieldentry></qti_metadatafield><qti_metadatafield><fieldlabel>qmd_globalid</fieldlabel><fieldentry>9dd9d85b-c08e-4915-a725-1a3559513737</fieldentry></qti_metadatafield><qti_metadatafield><fieldlabel>qmd_displayid</fieldlabel><fieldentry>IDL2021_S1_MASTER_2013_20160524113513-50</fieldentry></qti_metadatafield></qtimetadata></itemmetadata><itemproc_extension><d2l_2p0:difficulty>0</d2l_2p0:difficulty><d2l_2p0:isbonus>no</d2l_2p0:isbonus><d2l_2p0:ismandatory>yes</d2l_2p0:ismandatory></itemproc_extension><presentation><flow><material><mattext texttype="text/html">Do the pair of fractions form a proportion?&lt;div&gt;&lt;br /&gt;&lt;/div&gt;&lt;div&gt;&lt;span class="Apple-style-span" style="text-decoration: underline; "&gt;32&lt;/span&gt; =&lt;span class="Apple-style-span" style="text-decoration: underline; "&gt; 20&lt;/span&gt;&lt;/div&gt;&lt;div&gt;20    12&lt;/div&gt;</mattext></material><response_extension><d2l_2p0:display_style>2</d2l_2p0:display_style><d2l_2p0:enumeration>1</d2l_2p0:enumeration><d2l_2p0:grading_type>0</d2l_2p0:grading_type></response_extension><response_lid ident="QUES_12377_12391_LID" rcardinality="Single"><render_choice shuffle="no"><flow_label class="Block"><response_label ident="QUES_12377_12391_A42719"><flow_mat><material><mattext texttype="text/plain">True</mattext></material></flow_mat></response_label></flow_label><flow_label class="Block"><response_label ident="QUES_12377_12391_A42720"><flow_mat><material><mattext texttype="text/plain">False</mattext></material></flow_mat></response_label></flow_label></render_choice></response_lid></flow></presentation><resprocessing><respcondition title="Response Condition 1"><conditionvar><varequal respident="QUES_12377_12391_LID">QUES_12377_12391_A42719</varequal></conditionvar><setvar action="Set">0.000000000</setvar><displayfeedback feedbacktype="Response" linkrefid="QUES_12377_12391_IF42719" /></respcondition><respcondition title="Response Condition 2"><conditionvar><varequal respident="QUES_12377_12391_LID">QUES_12377_12391_A42720</varequal></conditionvar><setvar action="Set">100.000000000</setvar><displayfeedback feedbacktype="Response" linkrefid="QUES_12377_12391_IF42720" /></respcondition></resprocessing><itemfeedback ident="QUES_12377_12391_IF42719"><material><mattext texttype="text/plain" /></material></itemfeedback><itemfeedback ident="QUES_12377_12391_IF42720"><material><mattext texttype="text/plain" /></material></itemfeedback></item><item ident="OBJ_120841" label="QUES_327797_328956" d2l_2p0:page="1"><itemmetadata><qtimetadata><qti_metadatafield><fieldlabel>qmd_computerscored</fieldlabel><fieldentry>yes</fieldentry></qti_metadatafield><qti_metadatafield><fieldlabel>qmd_questiontype</fieldlabel><fieldentry>Short Answer</fieldentry></qti_metadatafield><qti_metadatafield><fieldlabel>qmd_weighting</fieldlabel><fieldentry>2.000000000</fieldentry></qti_metadatafield><qti_metadatafield><fieldlabel>qmd_globalid</fieldlabel><fieldentry>687a8d22-2105-467f-b9bb-78d692de3403</fieldentry></qti_metadatafield><qti_metadatafield><fieldlabel>qmd_displayid</fieldlabel><fieldentry>IDL2021_S1_MASTER_2013_20160524113513-228</fieldentry></qti_metadatafield></qtimetadata></itemmetadata><itemproc_extension><d2l_2p0:difficulty>1</d2l_2p0:difficulty><d2l_2p0:isbonus>no</d2l_2p0:isbonus><d2l_2p0:ismandatory>no</d2l_2p0:ismandatory></itemproc_extension><presentation><flow><material><mattext texttype="text/html">&lt;p&gt;Solve&lt;/p&gt;
&lt;p&gt;&lt;math title=""  xmlns="http://www.w3.org/1998/Math/MathML" display="inline"&gt;&lt;semantics&gt;&lt;mstyle&gt;&lt;mfrac&gt;&lt;mi&gt;x&lt;/mi&gt;&lt;mn&gt;9&lt;/mn&gt;&lt;/mfrac&gt;&lt;mo&gt;=&lt;/mo&gt;&lt;mfrac&gt;&lt;mn&gt;4&lt;/mn&gt;&lt;mn&gt;6&lt;/mn&gt;&lt;/mfrac&gt;&lt;/mstyle&gt;&lt;annotation encoding="wiris"&gt;{"version":"1.1","math":"&amp;lt;math xmlns=&amp;quot;http://www.w3.org/1998/Math/MathML&amp;quot;&amp;gt;&amp;lt;mfrac&amp;gt;&amp;lt;mi&amp;gt;x&amp;lt;/mi&amp;gt;&amp;lt;mn&amp;gt;9&amp;lt;/mn&amp;gt;&amp;lt;/mfrac&amp;gt;&amp;lt;mo&amp;gt;=&amp;lt;/mo&amp;gt;&amp;lt;mfrac&amp;gt;&amp;lt;mn&amp;gt;4&amp;lt;/mn&amp;gt;&amp;lt;mn&amp;gt;6&amp;lt;/mn&amp;gt;&amp;lt;/mfrac&amp;gt;&amp;lt;/math&amp;gt;"}&lt;/annotation&gt;&lt;/semantics&gt;&lt;/math&gt;&lt;/p&gt;</mattext></material><response_extension><d2l_2p0:grading_type>0</d2l_2p0:grading_type></response_extension><response_str ident="QUES_327797_328956_A1188535_STR" rcardinality="Single"><render_fib rows="3" columns="60" prompt="Box" fibtype="String"><response_label ident="QUES_327797_328956_A1188535_ANS" /></render_fib></response_str></flow></presentation><resprocessing><outcomes><decvar vartype="Integer" minvalue="0" maxvalue="100" varname="Blank_1" /></outcomes><respcondition><conditionvar><varequal respident="QUES_327797_328956_A1188535_ANS" case="no">6</varequal></conditionvar><setvar action="Set">100.000000000</setvar></respcondition><respcondition><conditionvar><other /></conditionvar><setvar varname="que_score" action="Set">D2L_Correct</setvar></respcondition></resprocessing></item><item ident="OBJ_120842" label="QUES_327798_328957" d2l_2p0:page="1"><itemmetadata><qtimetadata><qti_metadatafield><fieldlabel>qmd_computerscored</fieldlabel><fieldentry>yes</fieldentry></qti_metadatafield><qti_metadatafield><fieldlabel>qmd_questiontype</fieldlabel><fieldentry>Short Answer</fieldentry></qti_metadatafield><qti_metadatafield><fieldlabel>qmd_weighting</fieldlabel><fieldentry>2.000000000</fieldentry></qti_metadatafield><qti_metadatafield><fieldlabel>qmd_globalid</fieldlabel><fieldentry>cde65701-bfe8-401c-8e1f-460611b8ffbf</fieldentry></qti_metadatafield><qti_metadatafield><fieldlabel>qmd_displayid</fieldlabel><fieldentry>IDL2021_S1_MASTER_2013_20160524113513-229</fieldentry></qti_metadatafield></qtimetadata></itemmetadata><itemproc_extension><d2l_2p0:difficulty>1</d2l_2p0:difficulty><d2l_2p0:isbonus>no</d2l_2p0:isbonus><d2l_2p0:ismandatory>no</d2l_2p0:ismandatory></itemproc_extension><presentation><flow><material><mattext texttype="text/html">&lt;p&gt;Solve&lt;/p&gt;
&lt;p&gt;&lt;math title=""  xmlns="http://www.w3.org/1998/Math/MathML" display="inline"&gt;&lt;semantics&gt;&lt;mstyle&gt;&lt;mfrac&gt;&lt;mn&gt;4&lt;/mn&gt;&lt;mn&gt;5&lt;/mn&gt;&lt;/mfrac&gt;&lt;mo&gt;=&lt;/mo&gt;&lt;mfrac&gt;&lt;mi&gt;y&lt;/mi&gt;&lt;mn&gt;55&lt;/mn&gt;&lt;/mfrac&gt;&lt;/mstyle&gt;&lt;annotation encoding="wiris"&gt;{"version":"1.1","math":"&amp;lt;math xmlns=&amp;quot;http://www.w3.org/1998/Math/MathML&amp;quot;&amp;gt;&amp;lt;mfrac&amp;gt;&amp;lt;mn&amp;gt;4&amp;lt;/mn&amp;gt;&amp;lt;mn&amp;gt;5&amp;lt;/mn&amp;gt;&amp;lt;/mfrac&amp;gt;&amp;lt;mo&amp;gt;=&amp;lt;/mo&amp;gt;&amp;lt;mfrac&amp;gt;&amp;lt;mi&amp;gt;y&amp;lt;/mi&amp;gt;&amp;lt;mn&amp;gt;55&amp;lt;/mn&amp;gt;&amp;lt;/mfrac&amp;gt;&amp;lt;/math&amp;gt;"}&lt;/annotation&gt;&lt;/semantics&gt;&lt;/math&gt;&lt;/p&gt;</mattext></material><response_extension><d2l_2p0:grading_type>0</d2l_2p0:grading_type></response_extension><response_str ident="QUES_327798_328957_A1188536_STR" rcardinality="Single"><render_fib rows="3" columns="60" prompt="Box" fibtype="String"><response_label ident="QUES_327798_328957_A1188536_ANS" /></render_fib></response_str></flow></presentation><resprocessing><outcomes><decvar vartype="Integer" minvalue="0" maxvalue="100" varname="Blank_1" /></outcomes><respcondition><conditionvar><varequal respident="QUES_327798_328957_A1188536_ANS" case="no">44</varequal></conditionvar><setvar action="Set">100.000000000</setvar></respcondition><respcondition><conditionvar><other /></conditionvar><setvar varname="que_score" action="Set">D2L_Correct</setvar></respcondition></resprocessing></item><item ident="OBJ_120843" label="QUES_327799_328958" d2l_2p0:page="1"><itemmetadata><qtimetadata><qti_metadatafield><fieldlabel>qmd_computerscored</fieldlabel><fieldentry>yes</fieldentry></qti_metadatafield><qti_metadatafield><fieldlabel>qmd_questiontype</fieldlabel><fieldentry>Short Answer</fieldentry></qti_metadatafield><qti_metadatafield><fieldlabel>qmd_weighting</fieldlabel><fieldentry>2.000000000</fieldentry></qti_metadatafield><qti_metadatafield><fieldlabel>qmd_globalid</fieldlabel><fieldentry>c37e9997-60bd-4731-8d6a-1fc893ed5231</fieldentry></qti_metadatafield><qti_metadatafield><fieldlabel>qmd_displayid</fieldlabel><fieldentry>IDL2021_S1_MASTER_2013_20160524113513-230</fieldentry></qti_metadatafield></qtimetadata></itemmetadata><itemproc_extension><d2l_2p0:difficulty>1</d2l_2p0:difficulty><d2l_2p0:isbonus>no</d2l_2p0:isbonus><d2l_2p0:ismandatory>no</d2l_2p0:ismandatory></itemproc_extension><presentation><flow><material><mattext texttype="text/html">&lt;p&gt;Solve&lt;/p&gt;
&lt;p&gt;&lt;math title=""  xmlns="http://www.w3.org/1998/Math/MathML" display="inline"&gt;&lt;semantics&gt;&lt;mstyle&gt;&lt;mfrac&gt;&lt;mrow&gt;&lt;mo&gt;-&lt;/mo&gt;&lt;mn&gt;4&lt;/mn&gt;&lt;/mrow&gt;&lt;mn&gt;3&lt;/mn&gt;&lt;/mfrac&gt;&lt;mo&gt;=&lt;/mo&gt;&lt;mfrac&gt;&lt;mi&gt;m&lt;/mi&gt;&lt;mn&gt;21&lt;/mn&gt;&lt;/mfrac&gt;&lt;/mstyle&gt;&lt;annotation encoding="wiris"&gt;{"version":"1.1","math":"&amp;lt;math xmlns=&amp;quot;http://www.w3.org/1998/Math/MathML&amp;quot;&amp;gt;&amp;lt;mfrac&amp;gt;&amp;lt;mrow&amp;gt;&amp;lt;mo&amp;gt;-&amp;lt;/mo&amp;gt;&amp;lt;mn&amp;gt;4&amp;lt;/mn&amp;gt;&amp;lt;/mrow&amp;gt;&amp;lt;mn&amp;gt;3&amp;lt;/mn&amp;gt;&amp;lt;/mfrac&amp;gt;&amp;lt;mo&amp;gt;=&amp;lt;/mo&amp;gt;&amp;lt;mfrac&amp;gt;&amp;lt;mi&amp;gt;m&amp;lt;/mi&amp;gt;&amp;lt;mn&amp;gt;21&amp;lt;/mn&amp;gt;&amp;lt;/mfrac&amp;gt;&amp;lt;/math&amp;gt;"}&lt;/annotation&gt;&lt;/semantics&gt;&lt;/math&gt;&lt;/p&gt;</mattext></material><response_extension><d2l_2p0:grading_type>0</d2l_2p0:grading_type></response_extension><response_str ident="QUES_327799_328958_A1188537_STR" rcardinality="Single"><render_fib rows="3" columns="60" prompt="Box" fibtype="String"><response_label ident="QUES_327799_328958_A1188537_ANS" /></render_fib></response_str></flow></presentation><resprocessing><outcomes><decvar vartype="Integer" minvalue="0" maxvalue="100" varname="Blank_1" /></outcomes><respcondition><conditionvar><varequal respident="QUES_327799_328958_A1188537_ANS" case="no">-28</varequal></conditionvar><setvar action="Set">100.000000000</setvar></respcondition><respcondition><conditionvar><other /></conditionvar><setvar varname="que_score" action="Set">D2L_Correct</setvar></respcondition></resprocessing></item><item ident="OBJ_120844" label="QUES_327800_328959" d2l_2p0:page="1"><itemmetadata><qtimetadata><qti_metadatafield><fieldlabel>qmd_computerscored</fieldlabel><fieldentry>yes</fieldentry></qti_metadatafield><qti_metadatafield><fieldlabel>qmd_questiontype</fieldlabel><fieldentry>Short Answer</fieldentry></qti_metadatafield><qti_metadatafield><fieldlabel>qmd_weighting</fieldlabel><fieldentry>2.000000000</fieldentry></qti_metadatafield><qti_metadatafield><fieldlabel>qmd_globalid</fieldlabel><fieldentry>ed8da02e-e1d7-4a41-bf56-b71ea84654a0</fieldentry></qti_metadatafield><qti_metadatafield><fieldlabel>qmd_displayid</fieldlabel><fieldentry>IDL2021_S1_MASTER_2013_20160524113513-231</fieldentry></qti_metadatafield></qtimetadata></itemmetadata><itemproc_extension><d2l_2p0:difficulty>1</d2l_2p0:difficulty><d2l_2p0:isbonus>no</d2l_2p0:isbonus><d2l_2p0:ismandatory>no</d2l_2p0:ismandatory></itemproc_extension><presentation><flow><material><mattext texttype="text/html">&lt;p&gt;Solve&lt;/p&gt;
&lt;p&gt;&lt;math title=""  xmlns="http://www.w3.org/1998/Math/MathML" display="inline"&gt;&lt;semantics&gt;&lt;mstyle&gt;&lt;mfrac&gt;&lt;mn&gt;6&lt;/mn&gt;&lt;mn&gt;5&lt;/mn&gt;&lt;/mfrac&gt;&lt;mo&gt;=&lt;/mo&gt;&lt;mfrac&gt;&lt;mn&gt;32&lt;/mn&gt;&lt;mi&gt;p&lt;/mi&gt;&lt;/mfrac&gt;&lt;/mstyle&gt;&lt;annotation encoding="wiris"&gt;{"version":"1.1","math":"&amp;lt;math xmlns=&amp;quot;http://www.w3.org/1998/Math/MathML&amp;quot;&amp;gt;&amp;lt;mfrac&amp;gt;&amp;lt;mn&amp;gt;6&amp;lt;/mn&amp;gt;&amp;lt;mn&amp;gt;5&amp;lt;/mn&amp;gt;&amp;lt;/mfrac&amp;gt;&amp;lt;mo&amp;gt;=&amp;lt;/mo&amp;gt;&amp;lt;mfrac&amp;gt;&amp;lt;mn&amp;gt;32&amp;lt;/mn&amp;gt;&amp;lt;mi&amp;gt;p&amp;lt;/mi&amp;gt;&amp;lt;/mfrac&amp;gt;&amp;lt;/math&amp;gt;"}&lt;/annotation&gt;&lt;/semantics&gt;&lt;/math&gt;&lt;/p&gt;</mattext></material><response_extension><d2l_2p0:grading_type>0</d2l_2p0:grading_type></response_extension><response_str ident="QUES_327800_328959_A1188538_STR" rcardinality="Single"><render_fib rows="3" columns="60" prompt="Box" fibtype="String"><response_label ident="QUES_327800_328959_A1188538_ANS" /></render_fib></response_str></flow></presentation><resprocessing><outcomes><decvar vartype="Integer" minvalue="0" maxvalue="100" varname="Blank_1" /></outcomes><respcondition><conditionvar><varequal respident="QUES_327800_328959_A1188538_ANS" case="no">26.7</varequal></conditionvar><setvar action="Set">100.000000000</setvar></respcondition><respcondition><conditionvar><other /></conditionvar><setvar varname="que_score" action="Set">D2L_Correct</setvar></respcondition></resprocessing></item><item ident="OBJ_120845" label="QUES_327801_328960" d2l_2p0:page="1"><itemmetadata><qtimetadata><qti_metadatafield><fieldlabel>qmd_computerscored</fieldlabel><fieldentry>yes</fieldentry></qti_metadatafield><qti_metadatafield><fieldlabel>qmd_questiontype</fieldlabel><fieldentry>Short Answer</fieldentry></qti_metadatafield><qti_metadatafield><fieldlabel>qmd_weighting</fieldlabel><fieldentry>2.000000000</fieldentry></qti_metadatafield><qti_metadatafield><fieldlabel>qmd_globalid</fieldlabel><fieldentry>f1ec5906-89ca-4391-a089-d8bf2e7696a2</fieldentry></qti_metadatafield><qti_metadatafield><fieldlabel>qmd_displayid</fieldlabel><fieldentry>IDL2021_S1_MASTER_2013_20160524113513-232</fieldentry></qti_metadatafield></qtimetadata></itemmetadata><itemproc_extension><d2l_2p0:difficulty>1</d2l_2p0:difficulty><d2l_2p0:isbonus>no</d2l_2p0:isbonus><d2l_2p0:ismandatory>no</d2l_2p0:ismandatory></itemproc_extension><presentation><flow><material><mattext texttype="text/html">&lt;p&gt;Solve&lt;/p&gt;
&lt;p&gt;&lt;math title=""  xmlns="http://www.w3.org/1998/Math/MathML" display="inline"&gt;&lt;semantics&gt;&lt;mstyle&gt;&lt;mfrac&gt;&lt;mn&gt;13&lt;/mn&gt;&lt;mi&gt;g&lt;/mi&gt;&lt;/mfrac&gt;&lt;mo&gt;=&lt;/mo&gt;&lt;mfrac&gt;&lt;mn&gt;52&lt;/mn&gt;&lt;mn&gt;80&lt;/mn&gt;&lt;/mfrac&gt;&lt;/mstyle&gt;&lt;annotation encoding="wiris"&gt;{"version":"1.1","math":"&amp;lt;math xmlns=&amp;quot;http://www.w3.org/1998/Math/MathML&amp;quot;&amp;gt;&amp;lt;mfrac&amp;gt;&amp;lt;mn&amp;gt;13&amp;lt;/mn&amp;gt;&amp;lt;mi&amp;gt;g&amp;lt;/mi&amp;gt;&amp;lt;/mfrac&amp;gt;&amp;lt;mo&amp;gt;=&amp;lt;/mo&amp;gt;&amp;lt;mfrac&amp;gt;&amp;lt;mn&amp;gt;52&amp;lt;/mn&amp;gt;&amp;lt;mn&amp;gt;80&amp;lt;/mn&amp;gt;&amp;lt;/mfrac&amp;gt;&amp;lt;/math&amp;gt;"}&lt;/annotation&gt;&lt;/semantics&gt;&lt;/math&gt;&lt;/p&gt;</mattext></material><response_extension><d2l_2p0:grading_type>0</d2l_2p0:grading_type></response_extension><response_str ident="QUES_327801_328960_A1188539_STR" rcardinality="Single"><render_fib rows="3" columns="60" prompt="Box" fibtype="String"><response_label ident="QUES_327801_328960_A1188539_ANS" /></render_fib></response_str></flow></presentation><resprocessing><outcomes><decvar vartype="Integer" minvalue="0" maxvalue="100" varname="Blank_1" /></outcomes><respcondition><conditionvar><varequal respident="QUES_327801_328960_A1188539_ANS" case="no">20</varequal></conditionvar><setvar action="Set">100.000000000</setvar></respcondition><respcondition><conditionvar><other /></conditionvar><setvar varname="que_score" action="Set">D2L_Correct</setvar></respcondition></resprocessing></item><item ident="OBJ_120846" label="QUES_327802_328961" d2l_2p0:page="1"><itemmetadata><qtimetadata><qti_metadatafield><fieldlabel>qmd_computerscored</fieldlabel><fieldentry>yes</fieldentry></qti_metadatafield><qti_metadatafield><fieldlabel>qmd_questiontype</fieldlabel><fieldentry>Short Answer</fieldentry></qti_metadatafield><qti_metadatafield><fieldlabel>qmd_weighting</fieldlabel><fieldentry>2.000000000</fieldentry></qti_metadatafield><qti_metadatafield><fieldlabel>qmd_globalid</fieldlabel><fieldentry>49b53f37-48e9-4e25-ad65-901c1701ccc2</fieldentry></qti_metadatafield><qti_metadatafield><fieldlabel>qmd_displayid</fieldlabel><fieldentry>IDL2021_S1_MASTER_2013_20160524113513-233</fieldentry></qti_metadatafield></qtimetadata></itemmetadata><itemproc_extension><d2l_2p0:difficulty>1</d2l_2p0:difficulty><d2l_2p0:isbonus>no</d2l_2p0:isbonus><d2l_2p0:ismandatory>no</d2l_2p0:ismandatory></itemproc_extension><presentation><flow><material><mattext texttype="text/html">&lt;p class="p1"&gt;&lt;span class="s1"&gt;Write a proportion for the following and solve. &amp;nbsp;Input the final number answer into the box.&lt;/span&gt;&lt;/p&gt;
&lt;p class="p3"&gt;&lt;span class="s2"&gt;If four books cost $26.40, how many books can you buy for $59.40?&lt;/span&gt;&lt;/p&gt;</mattext></material><response_extension><d2l_2p0:grading_type>0</d2l_2p0:grading_type></response_extension><response_str ident="QUES_327802_328961_A1188540_STR" rcardinality="Single"><render_fib rows="3" columns="60" prompt="Box" fibtype="String"><response_label ident="QUES_327802_328961_A1188540_ANS" /></render_fib></response_str></flow></presentation><resprocessing><outcomes><decvar vartype="Integer" minvalue="0" maxvalue="100" varname="Blank_1" /></outcomes><respcondition><conditionvar><varequal respident="QUES_327802_328961_A1188540_ANS" case="no">9</varequal></conditionvar><setvar action="Set">100.000000000</setvar></respcondition><respcondition><conditionvar><other /></conditionvar><setvar varname="que_score" action="Set">D2L_Correct</setvar></respcondition></resprocessing></item><item ident="OBJ_120847" label="QUES_327803_328962" d2l_2p0:page="1"><itemmetadata><qtimetadata><qti_metadatafield><fieldlabel>qmd_computerscored</fieldlabel><fieldentry>yes</fieldentry></qti_metadatafield><qti_metadatafield><fieldlabel>qmd_questiontype</fieldlabel><fieldentry>Short Answer</fieldentry></qti_metadatafield><qti_metadatafield><fieldlabel>qmd_weighting</fieldlabel><fieldentry>2.000000000</fieldentry></qti_metadatafield><qti_metadatafield><fieldlabel>qmd_globalid</fieldlabel><fieldentry>2e6267fb-8b53-433f-99f0-25f1eddd5a8e</fieldentry></qti_metadatafield><qti_metadatafield><fieldlabel>qmd_displayid</fieldlabel><fieldentry>IDL2021_S1_MASTER_2013_20160524113513-234</fieldentry></qti_metadatafield></qtimetadata></itemmetadata><itemproc_extension><d2l_2p0:difficulty>1</d2l_2p0:difficulty><d2l_2p0:isbonus>no</d2l_2p0:isbonus><d2l_2p0:ismandatory>no</d2l_2p0:ismandatory></itemproc_extension><presentation><flow><material><mattext texttype="text/html">&lt;p class="p1"&gt;&lt;span class="s1"&gt;Write a proportion and solve. &amp;nbsp;Input the final number only (no units) into the answer box.&lt;/span&gt;&lt;/p&gt;
&lt;p class="p3"&gt;&lt;span class="s2"&gt;At the Mail Shoppe John made 26 copies for $1.56. &amp;nbsp;If Mary needs 40 copies, how much will she spend?&lt;/span&gt;&lt;/p&gt;</mattext></material><response_extension><d2l_2p0:grading_type>0</d2l_2p0:grading_type></response_extension><response_str ident="QUES_327803_328962_A1188541_STR" rcardinality="Single"><render_fib rows="3" columns="60" prompt="Box" fibtype="String"><response_label ident="QUES_327803_328962_A1188541_ANS" /></render_fib></response_str></flow></presentation><resprocessing><outcomes><decvar vartype="Integer" minvalue="0" maxvalue="100" varname="Blank_1" /></outcomes><respcondition><conditionvar><varequal respident="QUES_327803_328962_A1188541_ANS" case="no">2.4</varequal></conditionvar><setvar action="Set">100.000000000</setvar></respcondition><respcondition><conditionvar><other /></conditionvar><setvar varname="que_score" action="Set">D2L_Correct</setvar></respcondition></resprocessing></item><item ident="OBJ_120848" label="QUES_327804_328963" d2l_2p0:page="1"><itemmetadata><qtimetadata><qti_metadatafield><fieldlabel>qmd_computerscored</fieldlabel><fieldentry>yes</fieldentry></qti_metadatafield><qti_metadatafield><fieldlabel>qmd_questiontype</fieldlabel><fieldentry>Short Answer</fieldentry></qti_metadatafield><qti_metadatafield><fieldlabel>qmd_weighting</fieldlabel><fieldentry>2.000000000</fieldentry></qti_metadatafield><qti_metadatafield><fieldlabel>qmd_globalid</fieldlabel><fieldentry>c2e30087-a4c2-4bca-9f28-ff88b667868a</fieldentry></qti_metadatafield><qti_metadatafield><fieldlabel>qmd_displayid</fieldlabel><fieldentry>IDL2021_S1_MASTER_2013_20160524113513-235</fieldentry></qti_metadatafield></qtimetadata></itemmetadata><itemproc_extension><d2l_2p0:difficulty>1</d2l_2p0:difficulty><d2l_2p0:isbonus>no</d2l_2p0:isbonus><d2l_2p0:ismandatory>no</d2l_2p0:ismandatory></itemproc_extension><presentation><flow><material><mattext texttype="text/html">&lt;p&gt;Solve.&lt;/p&gt;
&lt;p&gt;&lt;math title=""  xmlns="http://www.w3.org/1998/Math/MathML" display="inline"&gt;&lt;semantics&gt;&lt;mstyle&gt;&lt;mfrac&gt;&lt;mn&gt;4&lt;/mn&gt;&lt;mn&gt;9&lt;/mn&gt;&lt;/mfrac&gt;&lt;mo&gt;=&lt;/mo&gt;&lt;mfrac&gt;&lt;mi&gt;z&lt;/mi&gt;&lt;mn&gt;15&lt;/mn&gt;&lt;/mfrac&gt;&lt;/mstyle&gt;&lt;annotation encoding="wiris"&gt;{"version":"1.1","math":"&amp;lt;math xmlns=&amp;quot;http://www.w3.org/1998/Math/MathML&amp;quot;&amp;gt;&amp;lt;mfrac&amp;gt;&amp;lt;mn&amp;gt;4&amp;lt;/mn&amp;gt;&amp;lt;mn&amp;gt;9&amp;lt;/mn&amp;gt;&amp;lt;/mfrac&amp;gt;&amp;lt;mo&amp;gt;=&amp;lt;/mo&amp;gt;&amp;lt;mfrac&amp;gt;&amp;lt;mi&amp;gt;z&amp;lt;/mi&amp;gt;&amp;lt;mn&amp;gt;15&amp;lt;/mn&amp;gt;&amp;lt;/mfrac&amp;gt;&amp;lt;/math&amp;gt;"}&lt;/annotation&gt;&lt;/semantics&gt;&lt;/math&gt;&lt;/p&gt;</mattext></material><response_extension><d2l_2p0:grading_type>0</d2l_2p0:grading_type></response_extension><response_str ident="QUES_327804_328963_A1188542_STR" rcardinality="Single"><render_fib rows="3" columns="60" prompt="Box" fibtype="String"><response_label ident="QUES_327804_328963_A1188542_ANS" /></render_fib></response_str></flow></presentation><resprocessing><outcomes><decvar vartype="Integer" minvalue="0" maxvalue="100" varname="Blank_1" /></outcomes><respcondition><conditionvar><varequal respident="QUES_327804_328963_A1188542_ANS" case="no">6.7</varequal></conditionvar><setvar action="Set">100.000000000</setvar></respcondition><respcondition><conditionvar><other /></conditionvar><setvar varname="que_score" action="Set">D2L_Correct</setvar></respcondition></resprocessing></item></section></assessment></questestinterop>