﻿<?xml version="1.0" encoding="UTF-8"?><questestinterop xmlns:d2l_2p0="http://desire2learn.com/xsd/d2lcp_v2p0"><assessment d2l_2p0:id="240" title="1.7a  Unit 1 Test-Operations With Integers" ident="res_quiz_816" d2l_2p0:resource_code="659a1453-a95d-4b3f-a0a5-f2e9b5110411"><rubric><flow_mat><material><mattext d2l_2p0:isdisplayed="yes" texttype="text/html" /></material></flow_mat></rubric><assessmentcontrol hintswitch="yes" solutionswitch="yes" feedbackswitch="no" /><presentation_material><flow_mat><material label="page header"><mattext d2l_2p0:isdisplayed="yes" texttype="text/plain" /></material><material label="page footer"><mattext d2l_2p0:isdisplayed="yes" texttype="text/plain" /></material></flow_mat></presentation_material><assess_procextension><d2l_2p0:intro_message d2l_2p0:isdisplayed="yes" texttype="text/html">&lt;p&gt;Have a pencil, paper, and calculator ready. Complete each problem on paper before you select your multiple choice answer. This test has 20 questions worth 5 points each for a total of 100 points. You will only have one chance to take the test and you must complete it once you have started. Do your best!&lt;/p&gt;</d2l_2p0:intro_message><grade_item d2l_2p0:is_autoexport="yes" resource_code="b45b5212-c86e-424a-8e4e-d955f70e0de0">2404</grade_item><d2l_2p0:disable_right_click>yes</d2l_2p0:disable_right_click><d2l_2p0:disable_pager_access>yes</d2l_2p0:disable_pager_access><is_active>yes</is_active><d2l_2p0:date_start /><d2l_2p0:date_end /><d2l_2p0:has_schedule_event>no</d2l_2p0:has_schedule_event><d2l_2p0:is_attempt_Rldb>no</d2l_2p0:is_attempt_Rldb><d2l_2p0:is_subview_Rldb>no</d2l_2p0:is_subview_Rldb><d2l_2p0:time_limit>120</d2l_2p0:time_limit><d2l_2p0:show_clock>yes</d2l_2p0:show_clock><d2l_2p0:enforce_time_limit>yes</d2l_2p0:enforce_time_limit><d2l_2p0:grace_period>5</d2l_2p0:grace_period><d2l_2p0:late_limit>1</d2l_2p0:late_limit><d2l_2p0:attempts_allowed>1</d2l_2p0:attempts_allowed><d2l_2p0:attempt_restrictions /><d2l_2p0:mark_calculation_type>1</d2l_2p0:mark_calculation_type><d2l_2p0:is_forward_only>no</d2l_2p0:is_forward_only></assess_procextension><section ident="CONTAINER_SECTION"><item ident="OBJ_12470" label="QUES_12356_12370" d2l_2p0:page="1"><itemmetadata><qtimetadata><qti_metadatafield><fieldlabel>qmd_computerscored</fieldlabel><fieldentry>yes</fieldentry></qti_metadatafield><qti_metadatafield><fieldlabel>qmd_questiontype</fieldlabel><fieldentry>Multiple Choice</fieldentry></qti_metadatafield><qti_metadatafield><fieldlabel>qmd_weighting</fieldlabel><fieldentry>5.000000000</fieldentry></qti_metadatafield><qti_metadatafield><fieldlabel>qmd_globalid</fieldlabel><fieldentry>1ff1191d-ddf1-4dab-8daf-d674d07f0b46</fieldentry></qti_metadatafield><qti_metadatafield><fieldlabel>qmd_displayid</fieldlabel><fieldentry>IDL2021_S1_MASTER_2013_20160524113513-29</fieldentry></qti_metadatafield></qtimetadata></itemmetadata><itemproc_extension><d2l_2p0:difficulty>0</d2l_2p0:difficulty><d2l_2p0:isbonus>no</d2l_2p0:isbonus><d2l_2p0:ismandatory>yes</d2l_2p0:ismandatory></itemproc_extension><presentation><flow><material><mattext texttype="text/html">-2 + -3&lt;br /&gt;</mattext></material><response_extension><d2l_2p0:display_style>2</d2l_2p0:display_style><d2l_2p0:enumeration>0</d2l_2p0:enumeration><d2l_2p0:grading_type>0</d2l_2p0:grading_type></response_extension><response_lid ident="QUES_12356_12370_LID" rcardinality="Single"><render_choice shuffle="no"><flow_label class="Block"><response_label ident="QUES_12356_12370_A42643"><flow_mat><material><mattext texttype="text/html">5</mattext></material></flow_mat></response_label></flow_label><flow_label class="Block"><response_label ident="QUES_12356_12370_A42644"><flow_mat><material><mattext texttype="text/html">-5</mattext></material></flow_mat></response_label></flow_label><flow_label class="Block"><response_label ident="QUES_12356_12370_A42645"><flow_mat><material><mattext texttype="text/html">6</mattext></material></flow_mat></response_label></flow_label><flow_label class="Block"><response_label ident="QUES_12356_12370_A42646"><flow_mat><material><mattext texttype="text/html">1</mattext></material></flow_mat></response_label></flow_label></render_choice></response_lid></flow></presentation><resprocessing><respcondition title="Response Condition 1"><conditionvar><varequal respident="QUES_12356_12370_LID">QUES_12356_12370_A42643</varequal></conditionvar><setvar action="Set">0.000000000</setvar><displayfeedback feedbacktype="Response" linkrefid="QUES_12356_12370_IF42643" /></respcondition><respcondition title="Response Condition 2"><conditionvar><varequal respident="QUES_12356_12370_LID">QUES_12356_12370_A42644</varequal></conditionvar><setvar action="Set">100.000000000</setvar><displayfeedback feedbacktype="Response" linkrefid="QUES_12356_12370_IF42644" /></respcondition><respcondition title="Response Condition 3"><conditionvar><varequal respident="QUES_12356_12370_LID">QUES_12356_12370_A42645</varequal></conditionvar><setvar action="Set">0.000000000</setvar><displayfeedback feedbacktype="Response" linkrefid="QUES_12356_12370_IF42645" /></respcondition><respcondition title="Response Condition 4"><conditionvar><varequal respident="QUES_12356_12370_LID">QUES_12356_12370_A42646</varequal></conditionvar><setvar action="Set">0.000000000</setvar><displayfeedback feedbacktype="Response" linkrefid="QUES_12356_12370_IF42646" /></respcondition></resprocessing><itemfeedback ident="QUES_12356_12370_IF42643"><material><mattext texttype="text/plain" /></material></itemfeedback><itemfeedback ident="QUES_12356_12370_IF42644"><material><mattext texttype="text/plain" /></material></itemfeedback><itemfeedback ident="QUES_12356_12370_IF42645"><material><mattext texttype="text/plain" /></material></itemfeedback><itemfeedback ident="QUES_12356_12370_IF42646"><material><mattext texttype="text/plain" /></material></itemfeedback></item><item ident="OBJ_12471" label="QUES_12357_12371" d2l_2p0:page="1"><itemmetadata><qtimetadata><qti_metadatafield><fieldlabel>qmd_computerscored</fieldlabel><fieldentry>yes</fieldentry></qti_metadatafield><qti_metadatafield><fieldlabel>qmd_questiontype</fieldlabel><fieldentry>Multiple Choice</fieldentry></qti_metadatafield><qti_metadatafield><fieldlabel>qmd_weighting</fieldlabel><fieldentry>5.000000000</fieldentry></qti_metadatafield><qti_metadatafield><fieldlabel>qmd_globalid</fieldlabel><fieldentry>746aa2e1-a859-4dfb-b63f-a241f708321a</fieldentry></qti_metadatafield><qti_metadatafield><fieldlabel>qmd_displayid</fieldlabel><fieldentry>IDL2021_S1_MASTER_2013_20160524113513-30</fieldentry></qti_metadatafield></qtimetadata></itemmetadata><itemproc_extension><d2l_2p0:difficulty>0</d2l_2p0:difficulty><d2l_2p0:isbonus>no</d2l_2p0:isbonus><d2l_2p0:ismandatory>yes</d2l_2p0:ismandatory></itemproc_extension><presentation><flow><material><mattext texttype="text/html">Write an integer to express the value:  45 degress below zero.&lt;br /&gt;</mattext></material><response_extension><d2l_2p0:display_style>2</d2l_2p0:display_style><d2l_2p0:enumeration>0</d2l_2p0:enumeration><d2l_2p0:grading_type>0</d2l_2p0:grading_type></response_extension><response_lid ident="QUES_12357_12371_LID" rcardinality="Single"><render_choice shuffle="no"><flow_label class="Block"><response_label ident="QUES_12357_12371_A42647"><flow_mat><material><mattext texttype="text/html">-45</mattext></material></flow_mat></response_label></flow_label><flow_label class="Block"><response_label ident="QUES_12357_12371_A42648"><flow_mat><material><mattext texttype="text/html">0</mattext></material></flow_mat></response_label></flow_label><flow_label class="Block"><response_label ident="QUES_12357_12371_A42649"><flow_mat><material><mattext texttype="text/html">45</mattext></material></flow_mat></response_label></flow_label><flow_label class="Block"><response_label ident="QUES_12357_12371_A42650"><flow_mat><material><mattext texttype="text/html">75</mattext></material></flow_mat></response_label></flow_label></render_choice></response_lid></flow></presentation><resprocessing><respcondition title="Response Condition 1"><conditionvar><varequal respident="QUES_12357_12371_LID">QUES_12357_12371_A42647</varequal></conditionvar><setvar action="Set">100.000000000</setvar><displayfeedback feedbacktype="Response" linkrefid="QUES_12357_12371_IF42647" /></respcondition><respcondition title="Response Condition 2"><conditionvar><varequal respident="QUES_12357_12371_LID">QUES_12357_12371_A42648</varequal></conditionvar><setvar action="Set">0.000000000</setvar><displayfeedback feedbacktype="Response" linkrefid="QUES_12357_12371_IF42648" /></respcondition><respcondition title="Response Condition 3"><conditionvar><varequal respident="QUES_12357_12371_LID">QUES_12357_12371_A42649</varequal></conditionvar><setvar action="Set">0.000000000</setvar><displayfeedback feedbacktype="Response" linkrefid="QUES_12357_12371_IF42649" /></respcondition><respcondition title="Response Condition 4"><conditionvar><varequal respident="QUES_12357_12371_LID">QUES_12357_12371_A42650</varequal></conditionvar><setvar action="Set">0.000000000</setvar><displayfeedback feedbacktype="Response" linkrefid="QUES_12357_12371_IF42650" /></respcondition></resprocessing><itemfeedback ident="QUES_12357_12371_IF42647"><material><mattext texttype="text/plain" /></material></itemfeedback><itemfeedback ident="QUES_12357_12371_IF42648"><material><mattext texttype="text/plain" /></material></itemfeedback><itemfeedback ident="QUES_12357_12371_IF42649"><material><mattext texttype="text/plain" /></material></itemfeedback><itemfeedback ident="QUES_12357_12371_IF42650"><material><mattext texttype="text/plain" /></material></itemfeedback></item><item ident="OBJ_12472" label="QUES_12358_12372" d2l_2p0:page="1"><itemmetadata><qtimetadata><qti_metadatafield><fieldlabel>qmd_computerscored</fieldlabel><fieldentry>yes</fieldentry></qti_metadatafield><qti_metadatafield><fieldlabel>qmd_questiontype</fieldlabel><fieldentry>Multiple Choice</fieldentry></qti_metadatafield><qti_metadatafield><fieldlabel>qmd_weighting</fieldlabel><fieldentry>5.000000000</fieldentry></qti_metadatafield><qti_metadatafield><fieldlabel>qmd_globalid</fieldlabel><fieldentry>b499faff-ba8a-43d0-b365-1b0a3b13be9d</fieldentry></qti_metadatafield><qti_metadatafield><fieldlabel>qmd_displayid</fieldlabel><fieldentry>IDL2021_S1_MASTER_2013_20160524113513-31</fieldentry></qti_metadatafield></qtimetadata></itemmetadata><itemproc_extension><d2l_2p0:difficulty>0</d2l_2p0:difficulty><d2l_2p0:isbonus>no</d2l_2p0:isbonus><d2l_2p0:ismandatory>yes</d2l_2p0:ismandatory></itemproc_extension><presentation><flow><material><mattext texttype="text/html">(-30)(-5)&lt;br /&gt;</mattext></material><response_extension><d2l_2p0:display_style>2</d2l_2p0:display_style><d2l_2p0:enumeration>0</d2l_2p0:enumeration><d2l_2p0:grading_type>0</d2l_2p0:grading_type></response_extension><response_lid ident="QUES_12358_12372_LID" rcardinality="Single"><render_choice shuffle="no"><flow_label class="Block"><response_label ident="QUES_12358_12372_A42651"><flow_mat><material><mattext texttype="text/html">35</mattext></material></flow_mat></response_label></flow_label><flow_label class="Block"><response_label ident="QUES_12358_12372_A42652"><flow_mat><material><mattext texttype="text/html">-35</mattext></material></flow_mat></response_label></flow_label><flow_label class="Block"><response_label ident="QUES_12358_12372_A42653"><flow_mat><material><mattext texttype="text/html">-150</mattext></material></flow_mat></response_label></flow_label><flow_label class="Block"><response_label ident="QUES_12358_12372_A42654"><flow_mat><material><mattext texttype="text/html">150</mattext></material></flow_mat></response_label></flow_label></render_choice></response_lid></flow></presentation><resprocessing><respcondition title="Response Condition 1"><conditionvar><varequal respident="QUES_12358_12372_LID">QUES_12358_12372_A42651</varequal></conditionvar><setvar action="Set">0.000000000</setvar><displayfeedback feedbacktype="Response" linkrefid="QUES_12358_12372_IF42651" /></respcondition><respcondition title="Response Condition 2"><conditionvar><varequal respident="QUES_12358_12372_LID">QUES_12358_12372_A42652</varequal></conditionvar><setvar action="Set">0.000000000</setvar><displayfeedback feedbacktype="Response" linkrefid="QUES_12358_12372_IF42652" /></respcondition><respcondition title="Response Condition 3"><conditionvar><varequal respident="QUES_12358_12372_LID">QUES_12358_12372_A42653</varequal></conditionvar><setvar action="Set">0.000000000</setvar><displayfeedback feedbacktype="Response" linkrefid="QUES_12358_12372_IF42653" /></respcondition><respcondition title="Response Condition 4"><conditionvar><varequal respident="QUES_12358_12372_LID">QUES_12358_12372_A42654</varequal></conditionvar><setvar action="Set">100.000000000</setvar><displayfeedback feedbacktype="Response" linkrefid="QUES_12358_12372_IF42654" /></respcondition></resprocessing><itemfeedback ident="QUES_12358_12372_IF42651"><material><mattext texttype="text/plain" /></material></itemfeedback><itemfeedback ident="QUES_12358_12372_IF42652"><material><mattext texttype="text/plain" /></material></itemfeedback><itemfeedback ident="QUES_12358_12372_IF42653"><material><mattext texttype="text/plain" /></material></itemfeedback><itemfeedback ident="QUES_12358_12372_IF42654"><material><mattext texttype="text/plain" /></material></itemfeedback></item><item ident="OBJ_12473" label="QUES_12359_12373" d2l_2p0:page="1"><itemmetadata><qtimetadata><qti_metadatafield><fieldlabel>qmd_computerscored</fieldlabel><fieldentry>yes</fieldentry></qti_metadatafield><qti_metadatafield><fieldlabel>qmd_questiontype</fieldlabel><fieldentry>Multiple Choice</fieldentry></qti_metadatafield><qti_metadatafield><fieldlabel>qmd_weighting</fieldlabel><fieldentry>5.000000000</fieldentry></qti_metadatafield><qti_metadatafield><fieldlabel>qmd_globalid</fieldlabel><fieldentry>f8ae5e7f-cf31-4a0e-b611-df386a697ed0</fieldentry></qti_metadatafield><qti_metadatafield><fieldlabel>qmd_displayid</fieldlabel><fieldentry>IDL2021_S1_MASTER_2013_20160524113513-32</fieldentry></qti_metadatafield></qtimetadata></itemmetadata><itemproc_extension><d2l_2p0:difficulty>0</d2l_2p0:difficulty><d2l_2p0:isbonus>no</d2l_2p0:isbonus><d2l_2p0:ismandatory>yes</d2l_2p0:ismandatory></itemproc_extension><presentation><flow><material><mattext texttype="text/html">The opposite of -12&lt;br /&gt;</mattext></material><response_extension><d2l_2p0:display_style>2</d2l_2p0:display_style><d2l_2p0:enumeration>0</d2l_2p0:enumeration><d2l_2p0:grading_type>0</d2l_2p0:grading_type></response_extension><response_lid ident="QUES_12359_12373_LID" rcardinality="Single"><render_choice shuffle="no"><flow_label class="Block"><response_label ident="QUES_12359_12373_A42655"><flow_mat><material><mattext texttype="text/html">-12</mattext></material></flow_mat></response_label></flow_label><flow_label class="Block"><response_label ident="QUES_12359_12373_A42656"><flow_mat><material><mattext texttype="text/html">0</mattext></material></flow_mat></response_label></flow_label><flow_label class="Block"><response_label ident="QUES_12359_12373_A42657"><flow_mat><material><mattext texttype="text/html">12</mattext></material></flow_mat></response_label></flow_label><flow_label class="Block"><response_label ident="QUES_12359_12373_A42658"><flow_mat><material><mattext texttype="text/html">112</mattext></material></flow_mat></response_label></flow_label></render_choice></response_lid></flow></presentation><resprocessing><respcondition title="Response Condition 1"><conditionvar><varequal respident="QUES_12359_12373_LID">QUES_12359_12373_A42655</varequal></conditionvar><setvar action="Set">0.000000000</setvar><displayfeedback feedbacktype="Response" linkrefid="QUES_12359_12373_IF42655" /></respcondition><respcondition title="Response Condition 2"><conditionvar><varequal respident="QUES_12359_12373_LID">QUES_12359_12373_A42656</varequal></conditionvar><setvar action="Set">0.000000000</setvar><displayfeedback feedbacktype="Response" linkrefid="QUES_12359_12373_IF42656" /></respcondition><respcondition title="Response Condition 3"><conditionvar><varequal respident="QUES_12359_12373_LID">QUES_12359_12373_A42657</varequal></conditionvar><setvar action="Set">100.000000000</setvar><displayfeedback feedbacktype="Response" linkrefid="QUES_12359_12373_IF42657" /></respcondition><respcondition title="Response Condition 4"><conditionvar><varequal respident="QUES_12359_12373_LID">QUES_12359_12373_A42658</varequal></conditionvar><setvar action="Set">0.000000000</setvar><displayfeedback feedbacktype="Response" linkrefid="QUES_12359_12373_IF42658" /></respcondition></resprocessing><itemfeedback ident="QUES_12359_12373_IF42655"><material><mattext texttype="text/plain" /></material></itemfeedback><itemfeedback ident="QUES_12359_12373_IF42656"><material><mattext texttype="text/plain" /></material></itemfeedback><itemfeedback ident="QUES_12359_12373_IF42657"><material><mattext texttype="text/plain" /></material></itemfeedback><itemfeedback ident="QUES_12359_12373_IF42658"><material><mattext texttype="text/plain" /></material></itemfeedback></item><item ident="OBJ_12474" label="QUES_12360_12374" d2l_2p0:page="1"><itemmetadata><qtimetadata><qti_metadatafield><fieldlabel>qmd_computerscored</fieldlabel><fieldentry>yes</fieldentry></qti_metadatafield><qti_metadatafield><fieldlabel>qmd_questiontype</fieldlabel><fieldentry>Multiple Choice</fieldentry></qti_metadatafield><qti_metadatafield><fieldlabel>qmd_weighting</fieldlabel><fieldentry>5.000000000</fieldentry></qti_metadatafield><qti_metadatafield><fieldlabel>qmd_globalid</fieldlabel><fieldentry>c42f82a7-69fe-479f-8c01-c6c66f62d8e0</fieldentry></qti_metadatafield><qti_metadatafield><fieldlabel>qmd_displayid</fieldlabel><fieldentry>IDL2021_S1_MASTER_2013_20160524113513-33</fieldentry></qti_metadatafield></qtimetadata></itemmetadata><itemproc_extension><d2l_2p0:difficulty>0</d2l_2p0:difficulty><d2l_2p0:isbonus>no</d2l_2p0:isbonus><d2l_2p0:ismandatory>yes</d2l_2p0:ismandatory></itemproc_extension><presentation><flow><material><mattext texttype="text/html">Simplify:      |5|</mattext></material><response_extension><d2l_2p0:display_style>2</d2l_2p0:display_style><d2l_2p0:enumeration>0</d2l_2p0:enumeration><d2l_2p0:grading_type>0</d2l_2p0:grading_type></response_extension><response_lid ident="QUES_12360_12374_LID" rcardinality="Single"><render_choice shuffle="no"><flow_label class="Block"><response_label ident="QUES_12360_12374_A42659"><flow_mat><material><mattext texttype="text/html">-5</mattext></material></flow_mat></response_label></flow_label><flow_label class="Block"><response_label ident="QUES_12360_12374_A42660"><flow_mat><material><mattext texttype="text/html">25</mattext></material></flow_mat></response_label></flow_label><flow_label class="Block"><response_label ident="QUES_12360_12374_A42661"><flow_mat><material><mattext texttype="text/html">2</mattext></material></flow_mat></response_label></flow_label><flow_label class="Block"><response_label ident="QUES_12360_12374_A42662"><flow_mat><material><mattext texttype="text/html">5</mattext></material></flow_mat></response_label></flow_label></render_choice></response_lid></flow></presentation><resprocessing><respcondition title="Response Condition 1"><conditionvar><varequal respident="QUES_12360_12374_LID">QUES_12360_12374_A42659</varequal></conditionvar><setvar action="Set">0.000000000</setvar><displayfeedback feedbacktype="Response" linkrefid="QUES_12360_12374_IF42659" /></respcondition><respcondition title="Response Condition 2"><conditionvar><varequal respident="QUES_12360_12374_LID">QUES_12360_12374_A42660</varequal></conditionvar><setvar action="Set">0.000000000</setvar><displayfeedback feedbacktype="Response" linkrefid="QUES_12360_12374_IF42660" /></respcondition><respcondition title="Response Condition 3"><conditionvar><varequal respident="QUES_12360_12374_LID">QUES_12360_12374_A42661</varequal></conditionvar><setvar action="Set">0.000000000</setvar><displayfeedback feedbacktype="Response" linkrefid="QUES_12360_12374_IF42661" /></respcondition><respcondition title="Response Condition 4"><conditionvar><varequal respident="QUES_12360_12374_LID">QUES_12360_12374_A42662</varequal></conditionvar><setvar action="Set">100.000000000</setvar><displayfeedback feedbacktype="Response" linkrefid="QUES_12360_12374_IF42662" /></respcondition></resprocessing><itemfeedback ident="QUES_12360_12374_IF42659"><material><mattext texttype="text/plain" /></material></itemfeedback><itemfeedback ident="QUES_12360_12374_IF42660"><material><mattext texttype="text/plain" /></material></itemfeedback><itemfeedback ident="QUES_12360_12374_IF42661"><material><mattext texttype="text/plain" /></material></itemfeedback><itemfeedback ident="QUES_12360_12374_IF42662"><material><mattext texttype="text/plain" /></material></itemfeedback></item><item ident="OBJ_12475" label="QUES_12361_12375" d2l_2p0:page="1"><itemmetadata><qtimetadata><qti_metadatafield><fieldlabel>qmd_computerscored</fieldlabel><fieldentry>yes</fieldentry></qti_metadatafield><qti_metadatafield><fieldlabel>qmd_questiontype</fieldlabel><fieldentry>Multiple Choice</fieldentry></qti_metadatafield><qti_metadatafield><fieldlabel>qmd_weighting</fieldlabel><fieldentry>5.000000000</fieldentry></qti_metadatafield><qti_metadatafield><fieldlabel>qmd_globalid</fieldlabel><fieldentry>4a74fb83-4af0-47b4-86b7-031319857f7c</fieldentry></qti_metadatafield><qti_metadatafield><fieldlabel>qmd_displayid</fieldlabel><fieldentry>IDL2021_S1_MASTER_2013_20160524113513-34</fieldentry></qti_metadatafield></qtimetadata></itemmetadata><itemproc_extension><d2l_2p0:difficulty>0</d2l_2p0:difficulty><d2l_2p0:isbonus>no</d2l_2p0:isbonus><d2l_2p0:ismandatory>yes</d2l_2p0:ismandatory></itemproc_extension><presentation><flow><material><mattext texttype="text/html">-16 - (-9)</mattext></material><response_extension><d2l_2p0:display_style>2</d2l_2p0:display_style><d2l_2p0:enumeration>0</d2l_2p0:enumeration><d2l_2p0:grading_type>0</d2l_2p0:grading_type></response_extension><response_lid ident="QUES_12361_12375_LID" rcardinality="Single"><render_choice shuffle="no"><flow_label class="Block"><response_label ident="QUES_12361_12375_A42663"><flow_mat><material><mattext texttype="text/html">-7</mattext></material></flow_mat></response_label></flow_label><flow_label class="Block"><response_label ident="QUES_12361_12375_A42664"><flow_mat><material><mattext texttype="text/html">26</mattext></material></flow_mat></response_label></flow_label><flow_label class="Block"><response_label ident="QUES_12361_12375_A42665"><flow_mat><material><mattext texttype="text/html">-26</mattext></material></flow_mat></response_label></flow_label><flow_label class="Block"><response_label ident="QUES_12361_12375_A42666"><flow_mat><material><mattext texttype="text/html">7</mattext></material></flow_mat></response_label></flow_label></render_choice></response_lid></flow></presentation><resprocessing><respcondition title="Response Condition 1"><conditionvar><varequal respident="QUES_12361_12375_LID">QUES_12361_12375_A42663</varequal></conditionvar><setvar action="Set">100.000000000</setvar><displayfeedback feedbacktype="Response" linkrefid="QUES_12361_12375_IF42663" /></respcondition><respcondition title="Response Condition 2"><conditionvar><varequal respident="QUES_12361_12375_LID">QUES_12361_12375_A42664</varequal></conditionvar><setvar action="Set">0.000000000</setvar><displayfeedback feedbacktype="Response" linkrefid="QUES_12361_12375_IF42664" /></respcondition><respcondition title="Response Condition 3"><conditionvar><varequal respident="QUES_12361_12375_LID">QUES_12361_12375_A42665</varequal></conditionvar><setvar action="Set">0.000000000</setvar><displayfeedback feedbacktype="Response" linkrefid="QUES_12361_12375_IF42665" /></respcondition><respcondition title="Response Condition 4"><conditionvar><varequal respident="QUES_12361_12375_LID">QUES_12361_12375_A42666</varequal></conditionvar><setvar action="Set">0.000000000</setvar><displayfeedback feedbacktype="Response" linkrefid="QUES_12361_12375_IF42666" /></respcondition></resprocessing><itemfeedback ident="QUES_12361_12375_IF42663"><material><mattext texttype="text/plain" /></material></itemfeedback><itemfeedback ident="QUES_12361_12375_IF42664"><material><mattext texttype="text/plain" /></material></itemfeedback><itemfeedback ident="QUES_12361_12375_IF42665"><material><mattext texttype="text/plain" /></material></itemfeedback><itemfeedback ident="QUES_12361_12375_IF42666"><material><mattext texttype="text/plain" /></material></itemfeedback></item><item ident="OBJ_12476" label="QUES_12362_12376" d2l_2p0:page="1"><itemmetadata><qtimetadata><qti_metadatafield><fieldlabel>qmd_computerscored</fieldlabel><fieldentry>yes</fieldentry></qti_metadatafield><qti_metadatafield><fieldlabel>qmd_questiontype</fieldlabel><fieldentry>Multiple Choice</fieldentry></qti_metadatafield><qti_metadatafield><fieldlabel>qmd_weighting</fieldlabel><fieldentry>5.000000000</fieldentry></qti_metadatafield><qti_metadatafield><fieldlabel>qmd_globalid</fieldlabel><fieldentry>4eb112a8-ed3c-4bae-952f-51426c1319ea</fieldentry></qti_metadatafield><qti_metadatafield><fieldlabel>qmd_displayid</fieldlabel><fieldentry>IDL2021_S1_MASTER_2013_20160524113513-35</fieldentry></qti_metadatafield></qtimetadata></itemmetadata><itemproc_extension><d2l_2p0:difficulty>0</d2l_2p0:difficulty><d2l_2p0:isbonus>no</d2l_2p0:isbonus><d2l_2p0:ismandatory>yes</d2l_2p0:ismandatory></itemproc_extension><presentation><flow><material><mattext texttype="text/html">(-7) + 7&lt;br /&gt;</mattext></material><response_extension><d2l_2p0:display_style>2</d2l_2p0:display_style><d2l_2p0:enumeration>0</d2l_2p0:enumeration><d2l_2p0:grading_type>0</d2l_2p0:grading_type></response_extension><response_lid ident="QUES_12362_12376_LID" rcardinality="Single"><render_choice shuffle="no"><flow_label class="Block"><response_label ident="QUES_12362_12376_A42667"><flow_mat><material><mattext texttype="text/html">0</mattext></material></flow_mat></response_label></flow_label><flow_label class="Block"><response_label ident="QUES_12362_12376_A42668"><flow_mat><material><mattext texttype="text/html">-7</mattext></material></flow_mat></response_label></flow_label><flow_label class="Block"><response_label ident="QUES_12362_12376_A42669"><flow_mat><material><mattext texttype="text/html">14</mattext></material></flow_mat></response_label></flow_label><flow_label class="Block"><response_label ident="QUES_12362_12376_A42670"><flow_mat><material><mattext texttype="text/html">-14</mattext></material></flow_mat></response_label></flow_label></render_choice></response_lid></flow></presentation><resprocessing><respcondition title="Response Condition 1"><conditionvar><varequal respident="QUES_12362_12376_LID">QUES_12362_12376_A42667</varequal></conditionvar><setvar action="Set">100.000000000</setvar><displayfeedback feedbacktype="Response" linkrefid="QUES_12362_12376_IF42667" /></respcondition><respcondition title="Response Condition 2"><conditionvar><varequal respident="QUES_12362_12376_LID">QUES_12362_12376_A42668</varequal></conditionvar><setvar action="Set">0.000000000</setvar><displayfeedback feedbacktype="Response" linkrefid="QUES_12362_12376_IF42668" /></respcondition><respcondition title="Response Condition 3"><conditionvar><varequal respident="QUES_12362_12376_LID">QUES_12362_12376_A42669</varequal></conditionvar><setvar action="Set">0.000000000</setvar><displayfeedback feedbacktype="Response" linkrefid="QUES_12362_12376_IF42669" /></respcondition><respcondition title="Response Condition 4"><conditionvar><varequal respident="QUES_12362_12376_LID">QUES_12362_12376_A42670</varequal></conditionvar><setvar action="Set">0.000000000</setvar><displayfeedback feedbacktype="Response" linkrefid="QUES_12362_12376_IF42670" /></respcondition></resprocessing><itemfeedback ident="QUES_12362_12376_IF42667"><material><mattext texttype="text/plain" /></material></itemfeedback><itemfeedback ident="QUES_12362_12376_IF42668"><material><mattext texttype="text/plain" /></material></itemfeedback><itemfeedback ident="QUES_12362_12376_IF42669"><material><mattext texttype="text/plain" /></material></itemfeedback><itemfeedback ident="QUES_12362_12376_IF42670"><material><mattext texttype="text/plain" /></material></itemfeedback></item><item ident="OBJ_12477" label="QUES_12363_12377" d2l_2p0:page="1"><itemmetadata><qtimetadata><qti_metadatafield><fieldlabel>qmd_computerscored</fieldlabel><fieldentry>yes</fieldentry></qti_metadatafield><qti_metadatafield><fieldlabel>qmd_questiontype</fieldlabel><fieldentry>Multiple Choice</fieldentry></qti_metadatafield><qti_metadatafield><fieldlabel>qmd_weighting</fieldlabel><fieldentry>5.000000000</fieldentry></qti_metadatafield><qti_metadatafield><fieldlabel>qmd_globalid</fieldlabel><fieldentry>1c6597f7-870f-4227-908e-09138aa4e365</fieldentry></qti_metadatafield><qti_metadatafield><fieldlabel>qmd_displayid</fieldlabel><fieldentry>IDL2021_S1_MASTER_2013_20160524113513-36</fieldentry></qti_metadatafield></qtimetadata></itemmetadata><itemproc_extension><d2l_2p0:difficulty>0</d2l_2p0:difficulty><d2l_2p0:isbonus>no</d2l_2p0:isbonus><d2l_2p0:ismandatory>yes</d2l_2p0:ismandatory></itemproc_extension><presentation><flow><material><mattext texttype="text/html">-13 - 5&lt;br /&gt;</mattext></material><response_extension><d2l_2p0:display_style>2</d2l_2p0:display_style><d2l_2p0:enumeration>0</d2l_2p0:enumeration><d2l_2p0:grading_type>0</d2l_2p0:grading_type></response_extension><response_lid ident="QUES_12363_12377_LID" rcardinality="Single"><render_choice shuffle="no"><flow_label class="Block"><response_label ident="QUES_12363_12377_A42671"><flow_mat><material><mattext texttype="text/html">5</mattext></material></flow_mat></response_label></flow_label><flow_label class="Block"><response_label ident="QUES_12363_12377_A42672"><flow_mat><material><mattext texttype="text/html">8</mattext></material></flow_mat></response_label></flow_label><flow_label class="Block"><response_label ident="QUES_12363_12377_A42673"><flow_mat><material><mattext texttype="text/html">-18</mattext></material></flow_mat></response_label></flow_label><flow_label class="Block"><response_label ident="QUES_12363_12377_A42674"><flow_mat><material><mattext texttype="text/html">18</mattext></material></flow_mat></response_label></flow_label></render_choice></response_lid></flow></presentation><resprocessing><respcondition title="Response Condition 1"><conditionvar><varequal respident="QUES_12363_12377_LID">QUES_12363_12377_A42671</varequal></conditionvar><setvar action="Set">0.000000000</setvar><displayfeedback feedbacktype="Response" linkrefid="QUES_12363_12377_IF42671" /></respcondition><respcondition title="Response Condition 2"><conditionvar><varequal respident="QUES_12363_12377_LID">QUES_12363_12377_A42672</varequal></conditionvar><setvar action="Set">0.000000000</setvar><displayfeedback feedbacktype="Response" linkrefid="QUES_12363_12377_IF42672" /></respcondition><respcondition title="Response Condition 3"><conditionvar><varequal respident="QUES_12363_12377_LID">QUES_12363_12377_A42673</varequal></conditionvar><setvar action="Set">100.000000000</setvar><displayfeedback feedbacktype="Response" linkrefid="QUES_12363_12377_IF42673" /></respcondition><respcondition title="Response Condition 4"><conditionvar><varequal respident="QUES_12363_12377_LID">QUES_12363_12377_A42674</varequal></conditionvar><setvar action="Set">0.000000000</setvar><displayfeedback feedbacktype="Response" linkrefid="QUES_12363_12377_IF42674" /></respcondition></resprocessing><itemfeedback ident="QUES_12363_12377_IF42671"><material><mattext texttype="text/plain" /></material></itemfeedback><itemfeedback ident="QUES_12363_12377_IF42672"><material><mattext texttype="text/plain" /></material></itemfeedback><itemfeedback ident="QUES_12363_12377_IF42673"><material><mattext texttype="text/plain" /></material></itemfeedback><itemfeedback ident="QUES_12363_12377_IF42674"><material><mattext texttype="text/plain" /></material></itemfeedback></item><item ident="OBJ_12478" label="QUES_12364_12378" d2l_2p0:page="1"><itemmetadata><qtimetadata><qti_metadatafield><fieldlabel>qmd_computerscored</fieldlabel><fieldentry>yes</fieldentry></qti_metadatafield><qti_metadatafield><fieldlabel>qmd_questiontype</fieldlabel><fieldentry>Multiple Choice</fieldentry></qti_metadatafield><qti_metadatafield><fieldlabel>qmd_weighting</fieldlabel><fieldentry>5.000000000</fieldentry></qti_metadatafield><qti_metadatafield><fieldlabel>qmd_globalid</fieldlabel><fieldentry>e90009a3-bb90-4268-973d-4092a6f2f750</fieldentry></qti_metadatafield><qti_metadatafield><fieldlabel>qmd_displayid</fieldlabel><fieldentry>IDL2021_S1_MASTER_2013_20160524113513-37</fieldentry></qti_metadatafield></qtimetadata></itemmetadata><itemproc_extension><d2l_2p0:difficulty>0</d2l_2p0:difficulty><d2l_2p0:isbonus>no</d2l_2p0:isbonus><d2l_2p0:ismandatory>yes</d2l_2p0:ismandatory></itemproc_extension><presentation><flow><material><mattext texttype="text/html">100 - (-30)&lt;br /&gt;</mattext></material><response_extension><d2l_2p0:display_style>2</d2l_2p0:display_style><d2l_2p0:enumeration>0</d2l_2p0:enumeration><d2l_2p0:grading_type>0</d2l_2p0:grading_type></response_extension><response_lid ident="QUES_12364_12378_LID" rcardinality="Single"><render_choice shuffle="no"><flow_label class="Block"><response_label ident="QUES_12364_12378_A42675"><flow_mat><material><mattext texttype="text/html">70</mattext></material></flow_mat></response_label></flow_label><flow_label class="Block"><response_label ident="QUES_12364_12378_A42676"><flow_mat><material><mattext texttype="text/html">-70</mattext></material></flow_mat></response_label></flow_label><flow_label class="Block"><response_label ident="QUES_12364_12378_A42677"><flow_mat><material><mattext texttype="text/html">-130</mattext></material></flow_mat></response_label></flow_label><flow_label class="Block"><response_label ident="QUES_12364_12378_A42678"><flow_mat><material><mattext texttype="text/html">130</mattext></material></flow_mat></response_label></flow_label></render_choice></response_lid></flow></presentation><resprocessing><respcondition title="Response Condition 1"><conditionvar><varequal respident="QUES_12364_12378_LID">QUES_12364_12378_A42675</varequal></conditionvar><setvar action="Set">0.000000000</setvar><displayfeedback feedbacktype="Response" linkrefid="QUES_12364_12378_IF42675" /></respcondition><respcondition title="Response Condition 2"><conditionvar><varequal respident="QUES_12364_12378_LID">QUES_12364_12378_A42676</varequal></conditionvar><setvar action="Set">0.000000000</setvar><displayfeedback feedbacktype="Response" linkrefid="QUES_12364_12378_IF42676" /></respcondition><respcondition title="Response Condition 3"><conditionvar><varequal respident="QUES_12364_12378_LID">QUES_12364_12378_A42677</varequal></conditionvar><setvar action="Set">0.000000000</setvar><displayfeedback feedbacktype="Response" linkrefid="QUES_12364_12378_IF42677" /></respcondition><respcondition title="Response Condition 4"><conditionvar><varequal respident="QUES_12364_12378_LID">QUES_12364_12378_A42678</varequal></conditionvar><setvar action="Set">100.000000000</setvar><displayfeedback feedbacktype="Response" linkrefid="QUES_12364_12378_IF42678" /></respcondition></resprocessing><itemfeedback ident="QUES_12364_12378_IF42675"><material><mattext texttype="text/plain" /></material></itemfeedback><itemfeedback ident="QUES_12364_12378_IF42676"><material><mattext texttype="text/plain" /></material></itemfeedback><itemfeedback ident="QUES_12364_12378_IF42677"><material><mattext texttype="text/plain" /></material></itemfeedback><itemfeedback ident="QUES_12364_12378_IF42678"><material><mattext texttype="text/plain" /></material></itemfeedback></item><item ident="OBJ_12479" label="QUES_12365_12379" d2l_2p0:page="1"><itemmetadata><qtimetadata><qti_metadatafield><fieldlabel>qmd_computerscored</fieldlabel><fieldentry>yes</fieldentry></qti_metadatafield><qti_metadatafield><fieldlabel>qmd_questiontype</fieldlabel><fieldentry>Multiple Choice</fieldentry></qti_metadatafield><qti_metadatafield><fieldlabel>qmd_weighting</fieldlabel><fieldentry>5.000000000</fieldentry></qti_metadatafield><qti_metadatafield><fieldlabel>qmd_globalid</fieldlabel><fieldentry>1d5eb8d6-386a-46e2-a960-d364f6a34b46</fieldentry></qti_metadatafield><qti_metadatafield><fieldlabel>qmd_displayid</fieldlabel><fieldentry>IDL2021_S1_MASTER_2013_20160524113513-38</fieldentry></qti_metadatafield></qtimetadata></itemmetadata><itemproc_extension><d2l_2p0:difficulty>0</d2l_2p0:difficulty><d2l_2p0:isbonus>no</d2l_2p0:isbonus><d2l_2p0:ismandatory>yes</d2l_2p0:ismandatory></itemproc_extension><presentation><flow><material><mattext texttype="text/html">&lt;span style="text-decoration: underline; "&gt; 50&lt;br /&gt;&lt;/span&gt;               (-2)&lt;span style="text-decoration: underline; "&gt;&lt;br type="_moz" /&gt;&lt;/span&gt;</mattext></material><response_extension><d2l_2p0:display_style>2</d2l_2p0:display_style><d2l_2p0:enumeration>0</d2l_2p0:enumeration><d2l_2p0:grading_type>0</d2l_2p0:grading_type></response_extension><response_lid ident="QUES_12365_12379_LID" rcardinality="Single"><render_choice shuffle="no"><flow_label class="Block"><response_label ident="QUES_12365_12379_A42679"><flow_mat><material><mattext texttype="text/html">52</mattext></material></flow_mat></response_label></flow_label><flow_label class="Block"><response_label ident="QUES_12365_12379_A42680"><flow_mat><material><mattext texttype="text/html">100</mattext></material></flow_mat></response_label></flow_label><flow_label class="Block"><response_label ident="QUES_12365_12379_A42681"><flow_mat><material><mattext texttype="text/html">-25</mattext></material></flow_mat></response_label></flow_label><flow_label class="Block"><response_label ident="QUES_12365_12379_A42682"><flow_mat><material><mattext texttype="text/html">25</mattext></material></flow_mat></response_label></flow_label></render_choice></response_lid></flow></presentation><resprocessing><respcondition title="Response Condition 1"><conditionvar><varequal respident="QUES_12365_12379_LID">QUES_12365_12379_A42679</varequal></conditionvar><setvar action="Set">0.000000000</setvar><displayfeedback feedbacktype="Response" linkrefid="QUES_12365_12379_IF42679" /></respcondition><respcondition title="Response Condition 2"><conditionvar><varequal respident="QUES_12365_12379_LID">QUES_12365_12379_A42680</varequal></conditionvar><setvar action="Set">0.000000000</setvar><displayfeedback feedbacktype="Response" linkrefid="QUES_12365_12379_IF42680" /></respcondition><respcondition title="Response Condition 3"><conditionvar><varequal respident="QUES_12365_12379_LID">QUES_12365_12379_A42681</varequal></conditionvar><setvar action="Set">100.000000000</setvar><displayfeedback feedbacktype="Response" linkrefid="QUES_12365_12379_IF42681" /></respcondition><respcondition title="Response Condition 4"><conditionvar><varequal respident="QUES_12365_12379_LID">QUES_12365_12379_A42682</varequal></conditionvar><setvar action="Set">0.000000000</setvar><displayfeedback feedbacktype="Response" linkrefid="QUES_12365_12379_IF42682" /></respcondition></resprocessing><itemfeedback ident="QUES_12365_12379_IF42679"><material><mattext texttype="text/plain" /></material></itemfeedback><itemfeedback ident="QUES_12365_12379_IF42680"><material><mattext texttype="text/plain" /></material></itemfeedback><itemfeedback ident="QUES_12365_12379_IF42681"><material><mattext texttype="text/plain" /></material></itemfeedback><itemfeedback ident="QUES_12365_12379_IF42682"><material><mattext texttype="text/plain" /></material></itemfeedback></item><item ident="OBJ_12480" label="QUES_12366_12380" d2l_2p0:page="1"><itemmetadata><qtimetadata><qti_metadatafield><fieldlabel>qmd_computerscored</fieldlabel><fieldentry>yes</fieldentry></qti_metadatafield><qti_metadatafield><fieldlabel>qmd_questiontype</fieldlabel><fieldentry>Multiple Choice</fieldentry></qti_metadatafield><qti_metadatafield><fieldlabel>qmd_weighting</fieldlabel><fieldentry>5.000000000</fieldentry></qti_metadatafield><qti_metadatafield><fieldlabel>qmd_globalid</fieldlabel><fieldentry>4eecc330-edc1-4cf6-87b5-1bd7cce607ce</fieldentry></qti_metadatafield><qti_metadatafield><fieldlabel>qmd_displayid</fieldlabel><fieldentry>IDL2021_S1_MASTER_2013_20160524113513-39</fieldentry></qti_metadatafield></qtimetadata></itemmetadata><itemproc_extension><d2l_2p0:difficulty>0</d2l_2p0:difficulty><d2l_2p0:isbonus>no</d2l_2p0:isbonus><d2l_2p0:ismandatory>yes</d2l_2p0:ismandatory></itemproc_extension><presentation><flow><material><mattext texttype="text/html">-5 + (-10) + 25&lt;br /&gt;</mattext></material><response_extension><d2l_2p0:display_style>2</d2l_2p0:display_style><d2l_2p0:enumeration>0</d2l_2p0:enumeration><d2l_2p0:grading_type>0</d2l_2p0:grading_type></response_extension><response_lid ident="QUES_12366_12380_LID" rcardinality="Single"><render_choice shuffle="no"><flow_label class="Block"><response_label ident="QUES_12366_12380_A42683"><flow_mat><material><mattext texttype="text/html">10</mattext></material></flow_mat></response_label></flow_label><flow_label class="Block"><response_label ident="QUES_12366_12380_A42684"><flow_mat><material><mattext texttype="text/html">15</mattext></material></flow_mat></response_label></flow_label><flow_label class="Block"><response_label ident="QUES_12366_12380_A42685"><flow_mat><material><mattext texttype="text/html">5</mattext></material></flow_mat></response_label></flow_label><flow_label class="Block"><response_label ident="QUES_12366_12380_A42686"><flow_mat><material><mattext texttype="text/html">-10</mattext></material></flow_mat></response_label></flow_label></render_choice></response_lid></flow></presentation><resprocessing><respcondition title="Response Condition 1"><conditionvar><varequal respident="QUES_12366_12380_LID">QUES_12366_12380_A42683</varequal></conditionvar><setvar action="Set">100.000000000</setvar><displayfeedback feedbacktype="Response" linkrefid="QUES_12366_12380_IF42683" /></respcondition><respcondition title="Response Condition 2"><conditionvar><varequal respident="QUES_12366_12380_LID">QUES_12366_12380_A42684</varequal></conditionvar><setvar action="Set">0.000000000</setvar><displayfeedback feedbacktype="Response" linkrefid="QUES_12366_12380_IF42684" /></respcondition><respcondition title="Response Condition 3"><conditionvar><varequal respident="QUES_12366_12380_LID">QUES_12366_12380_A42685</varequal></conditionvar><setvar action="Set">0.000000000</setvar><displayfeedback feedbacktype="Response" linkrefid="QUES_12366_12380_IF42685" /></respcondition><respcondition title="Response Condition 4"><conditionvar><varequal respident="QUES_12366_12380_LID">QUES_12366_12380_A42686</varequal></conditionvar><setvar action="Set">0.000000000</setvar><displayfeedback feedbacktype="Response" linkrefid="QUES_12366_12380_IF42686" /></respcondition></resprocessing><itemfeedback ident="QUES_12366_12380_IF42683"><material><mattext texttype="text/plain" /></material></itemfeedback><itemfeedback ident="QUES_12366_12380_IF42684"><material><mattext texttype="text/plain" /></material></itemfeedback><itemfeedback ident="QUES_12366_12380_IF42685"><material><mattext texttype="text/plain" /></material></itemfeedback><itemfeedback ident="QUES_12366_12380_IF42686"><material><mattext texttype="text/plain" /></material></itemfeedback></item><item ident="OBJ_12481" label="QUES_12367_12381" d2l_2p0:page="1"><itemmetadata><qtimetadata><qti_metadatafield><fieldlabel>qmd_computerscored</fieldlabel><fieldentry>yes</fieldentry></qti_metadatafield><qti_metadatafield><fieldlabel>qmd_questiontype</fieldlabel><fieldentry>Multiple Choice</fieldentry></qti_metadatafield><qti_metadatafield><fieldlabel>qmd_weighting</fieldlabel><fieldentry>5.000000000</fieldentry></qti_metadatafield><qti_metadatafield><fieldlabel>qmd_globalid</fieldlabel><fieldentry>1c786b29-22f9-4db4-81e0-8d3397976004</fieldentry></qti_metadatafield><qti_metadatafield><fieldlabel>qmd_displayid</fieldlabel><fieldentry>IDL2021_S1_MASTER_2013_20160524113513-40</fieldentry></qti_metadatafield></qtimetadata></itemmetadata><itemproc_extension><d2l_2p0:difficulty>0</d2l_2p0:difficulty><d2l_2p0:isbonus>no</d2l_2p0:isbonus><d2l_2p0:ismandatory>yes</d2l_2p0:ismandatory></itemproc_extension><presentation><flow><material><mattext texttype="text/html">(-22)(-2)</mattext></material><response_extension><d2l_2p0:display_style>2</d2l_2p0:display_style><d2l_2p0:enumeration>0</d2l_2p0:enumeration><d2l_2p0:grading_type>0</d2l_2p0:grading_type></response_extension><response_lid ident="QUES_12367_12381_LID" rcardinality="Single"><render_choice shuffle="no"><flow_label class="Block"><response_label ident="QUES_12367_12381_A42687"><flow_mat><material><mattext texttype="text/html">-44</mattext></material></flow_mat></response_label></flow_label><flow_label class="Block"><response_label ident="QUES_12367_12381_A42688"><flow_mat><material><mattext texttype="text/html">24</mattext></material></flow_mat></response_label></flow_label><flow_label class="Block"><response_label ident="QUES_12367_12381_A42689"><flow_mat><material><mattext texttype="text/html">-26</mattext></material></flow_mat></response_label></flow_label><flow_label class="Block"><response_label ident="QUES_12367_12381_A42690"><flow_mat><material><mattext texttype="text/html">44</mattext></material></flow_mat></response_label></flow_label></render_choice></response_lid></flow></presentation><resprocessing><respcondition title="Response Condition 1"><conditionvar><varequal respident="QUES_12367_12381_LID">QUES_12367_12381_A42687</varequal></conditionvar><setvar action="Set">0.000000000</setvar><displayfeedback feedbacktype="Response" linkrefid="QUES_12367_12381_IF42687" /></respcondition><respcondition title="Response Condition 2"><conditionvar><varequal respident="QUES_12367_12381_LID">QUES_12367_12381_A42688</varequal></conditionvar><setvar action="Set">0.000000000</setvar><displayfeedback feedbacktype="Response" linkrefid="QUES_12367_12381_IF42688" /></respcondition><respcondition title="Response Condition 3"><conditionvar><varequal respident="QUES_12367_12381_LID">QUES_12367_12381_A42689</varequal></conditionvar><setvar action="Set">0.000000000</setvar><displayfeedback feedbacktype="Response" linkrefid="QUES_12367_12381_IF42689" /></respcondition><respcondition title="Response Condition 4"><conditionvar><varequal respident="QUES_12367_12381_LID">QUES_12367_12381_A42690</varequal></conditionvar><setvar action="Set">100.000000000</setvar><displayfeedback feedbacktype="Response" linkrefid="QUES_12367_12381_IF42690" /></respcondition></resprocessing><itemfeedback ident="QUES_12367_12381_IF42687"><material><mattext texttype="text/plain" /></material></itemfeedback><itemfeedback ident="QUES_12367_12381_IF42688"><material><mattext texttype="text/plain" /></material></itemfeedback><itemfeedback ident="QUES_12367_12381_IF42689"><material><mattext texttype="text/plain" /></material></itemfeedback><itemfeedback ident="QUES_12367_12381_IF42690"><material><mattext texttype="text/plain" /></material></itemfeedback></item><item ident="OBJ_12482" label="QUES_12368_12382" d2l_2p0:page="1"><itemmetadata><qtimetadata><qti_metadatafield><fieldlabel>qmd_computerscored</fieldlabel><fieldentry>yes</fieldentry></qti_metadatafield><qti_metadatafield><fieldlabel>qmd_questiontype</fieldlabel><fieldentry>Multiple Choice</fieldentry></qti_metadatafield><qti_metadatafield><fieldlabel>qmd_weighting</fieldlabel><fieldentry>5.000000000</fieldentry></qti_metadatafield><qti_metadatafield><fieldlabel>qmd_globalid</fieldlabel><fieldentry>274710c3-a6ee-4450-a607-3ab4692dbc45</fieldentry></qti_metadatafield><qti_metadatafield><fieldlabel>qmd_displayid</fieldlabel><fieldentry>IDL2021_S1_MASTER_2013_20160524113513-41</fieldentry></qti_metadatafield></qtimetadata></itemmetadata><itemproc_extension><d2l_2p0:difficulty>0</d2l_2p0:difficulty><d2l_2p0:isbonus>no</d2l_2p0:isbonus><d2l_2p0:ismandatory>yes</d2l_2p0:ismandatory></itemproc_extension><presentation><flow><material><mattext texttype="text/html">15 - 45</mattext></material><response_extension><d2l_2p0:display_style>2</d2l_2p0:display_style><d2l_2p0:enumeration>0</d2l_2p0:enumeration><d2l_2p0:grading_type>0</d2l_2p0:grading_type></response_extension><response_lid ident="QUES_12368_12382_LID" rcardinality="Single"><render_choice shuffle="no"><flow_label class="Block"><response_label ident="QUES_12368_12382_A42691"><flow_mat><material><mattext texttype="text/html">60</mattext></material></flow_mat></response_label></flow_label><flow_label class="Block"><response_label ident="QUES_12368_12382_A42692"><flow_mat><material><mattext texttype="text/html">-30</mattext></material></flow_mat></response_label></flow_label><flow_label class="Block"><response_label ident="QUES_12368_12382_A42693"><flow_mat><material><mattext texttype="text/html">-50</mattext></material></flow_mat></response_label></flow_label><flow_label class="Block"><response_label ident="QUES_12368_12382_A42694"><flow_mat><material><mattext texttype="text/html">55</mattext></material></flow_mat></response_label></flow_label></render_choice></response_lid></flow></presentation><resprocessing><respcondition title="Response Condition 1"><conditionvar><varequal respident="QUES_12368_12382_LID">QUES_12368_12382_A42691</varequal></conditionvar><setvar action="Set">0.000000000</setvar><displayfeedback feedbacktype="Response" linkrefid="QUES_12368_12382_IF42691" /></respcondition><respcondition title="Response Condition 2"><conditionvar><varequal respident="QUES_12368_12382_LID">QUES_12368_12382_A42692</varequal></conditionvar><setvar action="Set">100.000000000</setvar><displayfeedback feedbacktype="Response" linkrefid="QUES_12368_12382_IF42692" /></respcondition><respcondition title="Response Condition 3"><conditionvar><varequal respident="QUES_12368_12382_LID">QUES_12368_12382_A42693</varequal></conditionvar><setvar action="Set">0.000000000</setvar><displayfeedback feedbacktype="Response" linkrefid="QUES_12368_12382_IF42693" /></respcondition><respcondition title="Response Condition 4"><conditionvar><varequal respident="QUES_12368_12382_LID">QUES_12368_12382_A42694</varequal></conditionvar><setvar action="Set">0.000000000</setvar><displayfeedback feedbacktype="Response" linkrefid="QUES_12368_12382_IF42694" /></respcondition></resprocessing><itemfeedback ident="QUES_12368_12382_IF42691"><material><mattext texttype="text/plain" /></material></itemfeedback><itemfeedback ident="QUES_12368_12382_IF42692"><material><mattext texttype="text/plain" /></material></itemfeedback><itemfeedback ident="QUES_12368_12382_IF42693"><material><mattext texttype="text/plain" /></material></itemfeedback><itemfeedback ident="QUES_12368_12382_IF42694"><material><mattext texttype="text/plain" /></material></itemfeedback></item><item ident="OBJ_12483" label="QUES_12369_12383" d2l_2p0:page="1"><itemmetadata><qtimetadata><qti_metadatafield><fieldlabel>qmd_computerscored</fieldlabel><fieldentry>yes</fieldentry></qti_metadatafield><qti_metadatafield><fieldlabel>qmd_questiontype</fieldlabel><fieldentry>Multiple Choice</fieldentry></qti_metadatafield><qti_metadatafield><fieldlabel>qmd_weighting</fieldlabel><fieldentry>5.000000000</fieldentry></qti_metadatafield><qti_metadatafield><fieldlabel>qmd_globalid</fieldlabel><fieldentry>c543c64c-044f-46fa-92e4-1c04069d9423</fieldentry></qti_metadatafield><qti_metadatafield><fieldlabel>qmd_displayid</fieldlabel><fieldentry>IDL2021_S1_MASTER_2013_20160524113513-42</fieldentry></qti_metadatafield></qtimetadata></itemmetadata><itemproc_extension><d2l_2p0:difficulty>0</d2l_2p0:difficulty><d2l_2p0:isbonus>no</d2l_2p0:isbonus><d2l_2p0:ismandatory>yes</d2l_2p0:ismandatory></itemproc_extension><presentation><flow><material><mattext texttype="text/html">-47 + (-21)&lt;br /&gt;</mattext></material><response_extension><d2l_2p0:display_style>2</d2l_2p0:display_style><d2l_2p0:enumeration>0</d2l_2p0:enumeration><d2l_2p0:grading_type>0</d2l_2p0:grading_type></response_extension><response_lid ident="QUES_12369_12383_LID" rcardinality="Single"><render_choice shuffle="no"><flow_label class="Block"><response_label ident="QUES_12369_12383_A42695"><flow_mat><material><mattext texttype="text/html">-68</mattext></material></flow_mat></response_label></flow_label><flow_label class="Block"><response_label ident="QUES_12369_12383_A42696"><flow_mat><material><mattext texttype="text/html">26</mattext></material></flow_mat></response_label></flow_label><flow_label class="Block"><response_label ident="QUES_12369_12383_A42697"><flow_mat><material><mattext texttype="text/html">-26</mattext></material></flow_mat></response_label></flow_label><flow_label class="Block"><response_label ident="QUES_12369_12383_A42698"><flow_mat><material><mattext texttype="text/html">26</mattext></material></flow_mat></response_label></flow_label></render_choice></response_lid></flow></presentation><resprocessing><respcondition title="Response Condition 1"><conditionvar><varequal respident="QUES_12369_12383_LID">QUES_12369_12383_A42695</varequal></conditionvar><setvar action="Set">100.000000000</setvar><displayfeedback feedbacktype="Response" linkrefid="QUES_12369_12383_IF42695" /></respcondition><respcondition title="Response Condition 2"><conditionvar><varequal respident="QUES_12369_12383_LID">QUES_12369_12383_A42696</varequal></conditionvar><setvar action="Set">0.000000000</setvar><displayfeedback feedbacktype="Response" linkrefid="QUES_12369_12383_IF42696" /></respcondition><respcondition title="Response Condition 3"><conditionvar><varequal respident="QUES_12369_12383_LID">QUES_12369_12383_A42697</varequal></conditionvar><setvar action="Set">0.000000000</setvar><displayfeedback feedbacktype="Response" linkrefid="QUES_12369_12383_IF42697" /></respcondition><respcondition title="Response Condition 4"><conditionvar><varequal respident="QUES_12369_12383_LID">QUES_12369_12383_A42698</varequal></conditionvar><setvar action="Set">0.000000000</setvar><displayfeedback feedbacktype="Response" linkrefid="QUES_12369_12383_IF42698" /></respcondition></resprocessing><itemfeedback ident="QUES_12369_12383_IF42695"><material><mattext texttype="text/plain" /></material></itemfeedback><itemfeedback ident="QUES_12369_12383_IF42696"><material><mattext texttype="text/plain" /></material></itemfeedback><itemfeedback ident="QUES_12369_12383_IF42697"><material><mattext texttype="text/plain" /></material></itemfeedback><itemfeedback ident="QUES_12369_12383_IF42698"><material><mattext texttype="text/plain" /></material></itemfeedback></item><item ident="OBJ_12484" label="QUES_12370_12384" d2l_2p0:page="1"><itemmetadata><qtimetadata><qti_metadatafield><fieldlabel>qmd_computerscored</fieldlabel><fieldentry>yes</fieldentry></qti_metadatafield><qti_metadatafield><fieldlabel>qmd_questiontype</fieldlabel><fieldentry>Multiple Choice</fieldentry></qti_metadatafield><qti_metadatafield><fieldlabel>qmd_weighting</fieldlabel><fieldentry>5.000000000</fieldentry></qti_metadatafield><qti_metadatafield><fieldlabel>qmd_globalid</fieldlabel><fieldentry>91f23af7-81f2-4176-b71e-d5e512714682</fieldentry></qti_metadatafield><qti_metadatafield><fieldlabel>qmd_displayid</fieldlabel><fieldentry>IDL2021_S1_MASTER_2013_20160524113513-43</fieldentry></qti_metadatafield></qtimetadata></itemmetadata><itemproc_extension><d2l_2p0:difficulty>0</d2l_2p0:difficulty><d2l_2p0:isbonus>no</d2l_2p0:isbonus><d2l_2p0:ismandatory>yes</d2l_2p0:ismandatory></itemproc_extension><presentation><flow><material><mattext texttype="text/html">4 + 7 x 2 + 8&lt;br /&gt;</mattext></material><response_extension><d2l_2p0:display_style>2</d2l_2p0:display_style><d2l_2p0:enumeration>0</d2l_2p0:enumeration><d2l_2p0:grading_type>0</d2l_2p0:grading_type></response_extension><response_lid ident="QUES_12370_12384_LID" rcardinality="Single"><render_choice shuffle="no"><flow_label class="Block"><response_label ident="QUES_12370_12384_A42699"><flow_mat><material><mattext texttype="text/html">110</mattext></material></flow_mat></response_label></flow_label><flow_label class="Block"><response_label ident="QUES_12370_12384_A42700"><flow_mat><material><mattext texttype="text/html">74</mattext></material></flow_mat></response_label></flow_label><flow_label class="Block"><response_label ident="QUES_12370_12384_A42701"><flow_mat><material><mattext texttype="text/html">26</mattext></material></flow_mat></response_label></flow_label><flow_label class="Block"><response_label ident="QUES_12370_12384_A42702"><flow_mat><material><mattext texttype="text/html">21</mattext></material></flow_mat></response_label></flow_label></render_choice></response_lid></flow></presentation><resprocessing><respcondition title="Response Condition 1"><conditionvar><varequal respident="QUES_12370_12384_LID">QUES_12370_12384_A42699</varequal></conditionvar><setvar action="Set">0.000000000</setvar><displayfeedback feedbacktype="Response" linkrefid="QUES_12370_12384_IF42699" /></respcondition><respcondition title="Response Condition 2"><conditionvar><varequal respident="QUES_12370_12384_LID">QUES_12370_12384_A42700</varequal></conditionvar><setvar action="Set">0.000000000</setvar><displayfeedback feedbacktype="Response" linkrefid="QUES_12370_12384_IF42700" /></respcondition><respcondition title="Response Condition 3"><conditionvar><varequal respident="QUES_12370_12384_LID">QUES_12370_12384_A42701</varequal></conditionvar><setvar action="Set">100.000000000</setvar><displayfeedback feedbacktype="Response" linkrefid="QUES_12370_12384_IF42701" /></respcondition><respcondition title="Response Condition 4"><conditionvar><varequal respident="QUES_12370_12384_LID">QUES_12370_12384_A42702</varequal></conditionvar><setvar action="Set">0.000000000</setvar><displayfeedback feedbacktype="Response" linkrefid="QUES_12370_12384_IF42702" /></respcondition></resprocessing><itemfeedback ident="QUES_12370_12384_IF42699"><material><mattext texttype="text/plain" /></material></itemfeedback><itemfeedback ident="QUES_12370_12384_IF42700"><material><mattext texttype="text/plain" /></material></itemfeedback><itemfeedback ident="QUES_12370_12384_IF42701"><material><mattext texttype="text/plain" /></material></itemfeedback><itemfeedback ident="QUES_12370_12384_IF42702"><material><mattext texttype="text/plain" /></material></itemfeedback></item><item ident="OBJ_12485" label="QUES_12371_12385" d2l_2p0:page="1"><itemmetadata><qtimetadata><qti_metadatafield><fieldlabel>qmd_computerscored</fieldlabel><fieldentry>yes</fieldentry></qti_metadatafield><qti_metadatafield><fieldlabel>qmd_questiontype</fieldlabel><fieldentry>Multiple Choice</fieldentry></qti_metadatafield><qti_metadatafield><fieldlabel>qmd_weighting</fieldlabel><fieldentry>5.000000000</fieldentry></qti_metadatafield><qti_metadatafield><fieldlabel>qmd_globalid</fieldlabel><fieldentry>bfefb9ff-80d2-4e34-b3be-588f4bdfd89f</fieldentry></qti_metadatafield><qti_metadatafield><fieldlabel>qmd_displayid</fieldlabel><fieldentry>IDL2021_S1_MASTER_2013_20160524113513-44</fieldentry></qti_metadatafield></qtimetadata></itemmetadata><itemproc_extension><d2l_2p0:difficulty>0</d2l_2p0:difficulty><d2l_2p0:isbonus>no</d2l_2p0:isbonus><d2l_2p0:ismandatory>yes</d2l_2p0:ismandatory></itemproc_extension><presentation><flow><material><mattext texttype="text/html">When we graph (-2, 3), start at (0, 0) and move:&lt;br /&gt;</mattext></material><response_extension><d2l_2p0:display_style>2</d2l_2p0:display_style><d2l_2p0:enumeration>0</d2l_2p0:enumeration><d2l_2p0:grading_type>0</d2l_2p0:grading_type></response_extension><response_lid ident="QUES_12371_12385_LID" rcardinality="Single"><render_choice shuffle="no"><flow_label class="Block"><response_label ident="QUES_12371_12385_A42703"><flow_mat><material><mattext texttype="text/html">2 left and 3 up&lt;br /&gt;</mattext></material></flow_mat></response_label></flow_label><flow_label class="Block"><response_label ident="QUES_12371_12385_A42704"><flow_mat><material><mattext texttype="text/html">2 up and 3 up&lt;br /&gt;</mattext></material></flow_mat></response_label></flow_label><flow_label class="Block"><response_label ident="QUES_12371_12385_A42705"><flow_mat><material><mattext texttype="text/html">2 up and 3 left</mattext></material></flow_mat></response_label></flow_label><flow_label class="Block"><response_label ident="QUES_12371_12385_A42706"><flow_mat><material><mattext texttype="text/html">3 right and 2 up&lt;br /&gt;</mattext></material></flow_mat></response_label></flow_label></render_choice></response_lid></flow></presentation><resprocessing><respcondition title="Response Condition 1"><conditionvar><varequal respident="QUES_12371_12385_LID">QUES_12371_12385_A42703</varequal></conditionvar><setvar action="Set">100.000000000</setvar><displayfeedback feedbacktype="Response" linkrefid="QUES_12371_12385_IF42703" /></respcondition><respcondition title="Response Condition 2"><conditionvar><varequal respident="QUES_12371_12385_LID">QUES_12371_12385_A42704</varequal></conditionvar><setvar action="Set">0.000000000</setvar><displayfeedback feedbacktype="Response" linkrefid="QUES_12371_12385_IF42704" /></respcondition><respcondition title="Response Condition 3"><conditionvar><varequal respident="QUES_12371_12385_LID">QUES_12371_12385_A42705</varequal></conditionvar><setvar action="Set">0.000000000</setvar><displayfeedback feedbacktype="Response" linkrefid="QUES_12371_12385_IF42705" /></respcondition><respcondition title="Response Condition 4"><conditionvar><varequal respident="QUES_12371_12385_LID">QUES_12371_12385_A42706</varequal></conditionvar><setvar action="Set">0.000000000</setvar><displayfeedback feedbacktype="Response" linkrefid="QUES_12371_12385_IF42706" /></respcondition></resprocessing><itemfeedback ident="QUES_12371_12385_IF42703"><material><mattext texttype="text/plain" /></material></itemfeedback><itemfeedback ident="QUES_12371_12385_IF42704"><material><mattext texttype="text/plain" /></material></itemfeedback><itemfeedback ident="QUES_12371_12385_IF42705"><material><mattext texttype="text/plain" /></material></itemfeedback><itemfeedback ident="QUES_12371_12385_IF42706"><material><mattext texttype="text/plain" /></material></itemfeedback></item><item ident="OBJ_12486" label="QUES_12372_12386" d2l_2p0:page="1"><itemmetadata><qtimetadata><qti_metadatafield><fieldlabel>qmd_computerscored</fieldlabel><fieldentry>yes</fieldentry></qti_metadatafield><qti_metadatafield><fieldlabel>qmd_questiontype</fieldlabel><fieldentry>Multiple Choice</fieldentry></qti_metadatafield><qti_metadatafield><fieldlabel>qmd_weighting</fieldlabel><fieldentry>5.000000000</fieldentry></qti_metadatafield><qti_metadatafield><fieldlabel>qmd_globalid</fieldlabel><fieldentry>6a8d6a9a-76bd-4523-8541-5e18b2f2cb92</fieldentry></qti_metadatafield><qti_metadatafield><fieldlabel>qmd_displayid</fieldlabel><fieldentry>IDL2021_S1_MASTER_2013_20160524113513-45</fieldentry></qti_metadatafield></qtimetadata></itemmetadata><itemproc_extension><d2l_2p0:difficulty>0</d2l_2p0:difficulty><d2l_2p0:isbonus>no</d2l_2p0:isbonus><d2l_2p0:ismandatory>yes</d2l_2p0:ismandatory></itemproc_extension><presentation><flow><material><mattext texttype="text/html">The point (-4, -5) is in what Quadrant?&lt;br /&gt;</mattext></material><response_extension><d2l_2p0:display_style>2</d2l_2p0:display_style><d2l_2p0:enumeration>0</d2l_2p0:enumeration><d2l_2p0:grading_type>0</d2l_2p0:grading_type></response_extension><response_lid ident="QUES_12372_12386_LID" rcardinality="Single"><render_choice shuffle="no"><flow_label class="Block"><response_label ident="QUES_12372_12386_A42707"><flow_mat><material><mattext texttype="text/html">I</mattext></material></flow_mat></response_label></flow_label><flow_label class="Block"><response_label ident="QUES_12372_12386_A42708"><flow_mat><material><mattext texttype="text/html">II</mattext></material></flow_mat></response_label></flow_label><flow_label class="Block"><response_label ident="QUES_12372_12386_A42709"><flow_mat><material><mattext texttype="text/html">III</mattext></material></flow_mat></response_label></flow_label><flow_label class="Block"><response_label ident="QUES_12372_12386_A42710"><flow_mat><material><mattext texttype="text/html">IV</mattext></material></flow_mat></response_label></flow_label></render_choice></response_lid></flow></presentation><resprocessing><respcondition title="Response Condition 1"><conditionvar><varequal respident="QUES_12372_12386_LID">QUES_12372_12386_A42707</varequal></conditionvar><setvar action="Set">0.000000000</setvar><displayfeedback feedbacktype="Response" linkrefid="QUES_12372_12386_IF42707" /></respcondition><respcondition title="Response Condition 2"><conditionvar><varequal respident="QUES_12372_12386_LID">QUES_12372_12386_A42708</varequal></conditionvar><setvar action="Set">0.000000000</setvar><displayfeedback feedbacktype="Response" linkrefid="QUES_12372_12386_IF42708" /></respcondition><respcondition title="Response Condition 3"><conditionvar><varequal respident="QUES_12372_12386_LID">QUES_12372_12386_A42709</varequal></conditionvar><setvar action="Set">100.000000000</setvar><displayfeedback feedbacktype="Response" linkrefid="QUES_12372_12386_IF42709" /></respcondition><respcondition title="Response Condition 4"><conditionvar><varequal respident="QUES_12372_12386_LID">QUES_12372_12386_A42710</varequal></conditionvar><setvar action="Set">0.000000000</setvar><displayfeedback feedbacktype="Response" linkrefid="QUES_12372_12386_IF42710" /></respcondition></resprocessing><itemfeedback ident="QUES_12372_12386_IF42707"><material><mattext texttype="text/plain" /></material></itemfeedback><itemfeedback ident="QUES_12372_12386_IF42708"><material><mattext texttype="text/plain" /></material></itemfeedback><itemfeedback ident="QUES_12372_12386_IF42709"><material><mattext texttype="text/plain" /></material></itemfeedback><itemfeedback ident="QUES_12372_12386_IF42710"><material><mattext texttype="text/plain" /></material></itemfeedback></item><item ident="OBJ_12487" label="QUES_12373_12387" d2l_2p0:page="1"><itemmetadata><qtimetadata><qti_metadatafield><fieldlabel>qmd_computerscored</fieldlabel><fieldentry>yes</fieldentry></qti_metadatafield><qti_metadatafield><fieldlabel>qmd_questiontype</fieldlabel><fieldentry>Multiple Choice</fieldentry></qti_metadatafield><qti_metadatafield><fieldlabel>qmd_weighting</fieldlabel><fieldentry>5.000000000</fieldentry></qti_metadatafield><qti_metadatafield><fieldlabel>qmd_globalid</fieldlabel><fieldentry>14dc2949-7f4e-4a9a-98c5-46c87b7bca68</fieldentry></qti_metadatafield><qti_metadatafield><fieldlabel>qmd_displayid</fieldlabel><fieldentry>IDL2021_S1_MASTER_2013_20160524113513-46</fieldentry></qti_metadatafield></qtimetadata></itemmetadata><itemproc_extension><d2l_2p0:difficulty>0</d2l_2p0:difficulty><d2l_2p0:isbonus>no</d2l_2p0:isbonus><d2l_2p0:ismandatory>yes</d2l_2p0:ismandatory></itemproc_extension><presentation><flow><material><mattext texttype="text/html">-9(-7)</mattext></material><response_extension><d2l_2p0:display_style>2</d2l_2p0:display_style><d2l_2p0:enumeration>0</d2l_2p0:enumeration><d2l_2p0:grading_type>0</d2l_2p0:grading_type></response_extension><response_lid ident="QUES_12373_12387_LID" rcardinality="Single"><render_choice shuffle="no"><flow_label class="Block"><response_label ident="QUES_12373_12387_A42711"><flow_mat><material><mattext texttype="text/html">-16</mattext></material></flow_mat></response_label></flow_label><flow_label class="Block"><response_label ident="QUES_12373_12387_A42712"><flow_mat><material><mattext texttype="text/html">16</mattext></material></flow_mat></response_label></flow_label><flow_label class="Block"><response_label ident="QUES_12373_12387_A42713"><flow_mat><material><mattext texttype="text/html">-63</mattext></material></flow_mat></response_label></flow_label><flow_label class="Block"><response_label ident="QUES_12373_12387_A42714"><flow_mat><material><mattext texttype="text/html">63</mattext></material></flow_mat></response_label></flow_label></render_choice></response_lid></flow></presentation><resprocessing><respcondition title="Response Condition 1"><conditionvar><varequal respident="QUES_12373_12387_LID">QUES_12373_12387_A42711</varequal></conditionvar><setvar action="Set">0.000000000</setvar><displayfeedback feedbacktype="Response" linkrefid="QUES_12373_12387_IF42711" /></respcondition><respcondition title="Response Condition 2"><conditionvar><varequal respident="QUES_12373_12387_LID">QUES_12373_12387_A42712</varequal></conditionvar><setvar action="Set">0.000000000</setvar><displayfeedback feedbacktype="Response" linkrefid="QUES_12373_12387_IF42712" /></respcondition><respcondition title="Response Condition 3"><conditionvar><varequal respident="QUES_12373_12387_LID">QUES_12373_12387_A42713</varequal></conditionvar><setvar action="Set">0.000000000</setvar><displayfeedback feedbacktype="Response" linkrefid="QUES_12373_12387_IF42713" /></respcondition><respcondition title="Response Condition 4"><conditionvar><varequal respident="QUES_12373_12387_LID">QUES_12373_12387_A42714</varequal></conditionvar><setvar action="Set">100.000000000</setvar><displayfeedback feedbacktype="Response" linkrefid="QUES_12373_12387_IF42714" /></respcondition></resprocessing><itemfeedback ident="QUES_12373_12387_IF42711"><material><mattext texttype="text/plain" /></material></itemfeedback><itemfeedback ident="QUES_12373_12387_IF42712"><material><mattext texttype="text/plain" /></material></itemfeedback><itemfeedback ident="QUES_12373_12387_IF42713"><material><mattext texttype="text/plain" /></material></itemfeedback><itemfeedback ident="QUES_12373_12387_IF42714"><material><mattext texttype="text/plain" /></material></itemfeedback></item><item ident="OBJ_12488" label="QUES_12374_12388" d2l_2p0:page="1"><itemmetadata><qtimetadata><qti_metadatafield><fieldlabel>qmd_computerscored</fieldlabel><fieldentry>yes</fieldentry></qti_metadatafield><qti_metadatafield><fieldlabel>qmd_questiontype</fieldlabel><fieldentry>Long Answer</fieldentry></qti_metadatafield><qti_metadatafield><fieldlabel>qmd_weighting</fieldlabel><fieldentry>5.000000000</fieldentry></qti_metadatafield><qti_metadatafield><fieldlabel>qmd_globalid</fieldlabel><fieldentry>2fc91f6c-84c3-49fb-8716-959076f40d6f</fieldentry></qti_metadatafield><qti_metadatafield><fieldlabel>qmd_displayid</fieldlabel><fieldentry>IDL2021_S1_MASTER_2013_20160524113513-47</fieldentry></qti_metadatafield></qtimetadata></itemmetadata><itemproc_extension><d2l_2p0:difficulty>0</d2l_2p0:difficulty><d2l_2p0:isbonus>no</d2l_2p0:isbonus><d2l_2p0:ismandatory>yes</d2l_2p0:ismandatory></itemproc_extension><presentation><flow><material><mattext texttype="text/html">The coordinate plane is like a map. If you are at point (-4, -3) on a large coordinate plane, give two different set of directions that will get you back to the origin.  Please use directions up/down and left/right when describing your moves.  Could you also use the directions north/south and east/west?</mattext></material><response_extension><d2l_2p0:has_signed_comments>no</d2l_2p0:has_signed_comments><d2l_2p0:has_htmleditor>yes</d2l_2p0:has_htmleditor></response_extension><response_str ident="QUES_12374_12388_STR" rcardinality="Multiple"><render_fib rows="0" columns="20" prompt="Box" fibtype="String"><response_label ident="QUES_12374_12388_LA"><material><mattext texttype="text/plain" /></material></response_label></render_fib></response_str></flow></presentation><answer_key><answer_key_material><flow_mat><material><mattext texttype="text/html">If you are at (-4, -3) you need to move 3 spaces up and then turn 90 degrees to the right and move 4 spaces to the right.  Or you can first move 4 spaces to the right and then turn 90 degrees to the left and move up 3 spaces.  Yes, you could also use north/south and east/west directions.  For example, start at (-4, -3).  Move 3 spaces north and then turn east and move 4 spaces.  Or move 4 spaces east and then turn north and move 3 spaces.</mattext></material></flow_mat></answer_key_material></answer_key></item><item ident="OBJ_12489" label="QUES_12375_12389" d2l_2p0:page="1"><itemmetadata><qtimetadata><qti_metadatafield><fieldlabel>qmd_computerscored</fieldlabel><fieldentry>yes</fieldentry></qti_metadatafield><qti_metadatafield><fieldlabel>qmd_questiontype</fieldlabel><fieldentry>Long Answer</fieldentry></qti_metadatafield><qti_metadatafield><fieldlabel>qmd_weighting</fieldlabel><fieldentry>5.000000000</fieldentry></qti_metadatafield><qti_metadatafield><fieldlabel>qmd_globalid</fieldlabel><fieldentry>efc4ce43-9f54-4329-ba41-bf1a63da7f6f</fieldentry></qti_metadatafield><qti_metadatafield><fieldlabel>qmd_displayid</fieldlabel><fieldentry>IDL2021_S1_MASTER_2013_20160524113513-48</fieldentry></qti_metadatafield></qtimetadata></itemmetadata><itemproc_extension><d2l_2p0:difficulty>0</d2l_2p0:difficulty><d2l_2p0:isbonus>no</d2l_2p0:isbonus><d2l_2p0:ismandatory>yes</d2l_2p0:ismandatory></itemproc_extension><presentation><flow><material><mattext texttype="text/html">John is in debt $45 right now.  He had owed more, but he has been paying $5 a month on his debt for the last 6 months. &lt;div&gt;&lt;br /&gt;&lt;/div&gt;&lt;div&gt;&lt;span class="Apple-tab-span" style="white-space: pre; "&gt;&amp;nbsp;&lt;/span&gt;1.  How much was his original debt?&lt;br /&gt;&lt;/div&gt;&lt;div&gt;&lt;span class="Apple-tab-span" style="white-space: pre; "&gt;&amp;nbsp;&lt;/span&gt;2.  If he continues paying at the current rate, how much longer &lt;/div&gt;&lt;div&gt;             will he have to pay on his debt?  Show your work and&lt;/div&gt;&lt;div&gt;             explain your reasoning.&lt;br /&gt;&lt;/div&gt;</mattext></material><response_extension><d2l_2p0:has_signed_comments>no</d2l_2p0:has_signed_comments><d2l_2p0:has_htmleditor>yes</d2l_2p0:has_htmleditor></response_extension><response_str ident="QUES_12375_12389_STR" rcardinality="Multiple"><render_fib rows="0" columns="20" prompt="Box" fibtype="String"><response_label ident="QUES_12375_12389_LA"><material><mattext texttype="text/plain" /></material></response_label></render_fib></response_str></flow></presentation><answer_key><answer_key_material><flow_mat><material><mattext texttype="text/html">1. John has paid on his debt for 6 months, so he has paid 6 x $5 for a total of $30.  I need to add this amount to the $45 that he still owes, 45 + 30 = 75.  John's original debt was 475.&lt;div&gt;&lt;br /&gt;&lt;/div&gt;&lt;div&gt;2.  Since John still owes $45, I need to divide that amount by the $5 payments.  45/5 = 9.  It will take John 9 more months to finish paying his debt.&lt;/div&gt;</mattext></material></flow_mat></answer_key_material></answer_key></item></section></assessment></questestinterop>