﻿<?xml version="1.0" encoding="UTF-8"?><questestinterop xmlns:d2l_2p0="http://desire2learn.com/xsd/d2lcp_v2p0"><assessment d2l_2p0:id="244" title="5.2.a  Writing Exponents" ident="res_quiz_820" d2l_2p0:resource_code="c5d33e62-79fb-4b51-a6aa-58aef70781ba"><rubric><flow_mat><material><mattext d2l_2p0:isdisplayed="yes" texttype="text/html">&lt;p&gt;There are 10 problems worth 2 points each for a total of 20 points.&lt;/p&gt;</mattext></material></flow_mat></rubric><assessmentcontrol hintswitch="yes" solutionswitch="yes" feedbackswitch="no" /><presentation_material><flow_mat><material label="page header"><mattext d2l_2p0:isdisplayed="yes" texttype="text/html" /></material><material label="page footer"><mattext d2l_2p0:isdisplayed="yes" texttype="text/html" /></material></flow_mat></presentation_material><assess_procextension><d2l_2p0:intro_message d2l_2p0:isdisplayed="yes" texttype="text/html">&lt;p&gt;Follow the directions for each problem.&lt;/p&gt;</d2l_2p0:intro_message><grade_item d2l_2p0:is_autoexport="yes" resource_code="68e6ebe3-1ab7-42c1-90c2-fea537ce92d2">2386</grade_item><d2l_2p0:disable_right_click>yes</d2l_2p0:disable_right_click><d2l_2p0:disable_pager_access>yes</d2l_2p0:disable_pager_access><is_active>yes</is_active><d2l_2p0:date_start /><d2l_2p0:date_end /><d2l_2p0:has_schedule_event>no</d2l_2p0:has_schedule_event><d2l_2p0:is_attempt_Rldb>no</d2l_2p0:is_attempt_Rldb><d2l_2p0:is_subview_Rldb>no</d2l_2p0:is_subview_Rldb><d2l_2p0:time_limit>120</d2l_2p0:time_limit><d2l_2p0:show_clock>yes</d2l_2p0:show_clock><d2l_2p0:enforce_time_limit>yes</d2l_2p0:enforce_time_limit><d2l_2p0:grace_period>5</d2l_2p0:grace_period><d2l_2p0:late_limit>1</d2l_2p0:late_limit><d2l_2p0:attempts_allowed>1</d2l_2p0:attempts_allowed><d2l_2p0:attempt_restrictions /><d2l_2p0:mark_calculation_type>1</d2l_2p0:mark_calculation_type><d2l_2p0:is_forward_only>no</d2l_2p0:is_forward_only></assess_procextension><section ident="CONTAINER_SECTION"><item ident="OBJ_12500" label="QUES_12386_12400" d2l_2p0:page="1"><itemmetadata><qtimetadata><qti_metadatafield><fieldlabel>qmd_computerscored</fieldlabel><fieldentry>yes</fieldentry></qti_metadatafield><qti_metadatafield><fieldlabel>qmd_questiontype</fieldlabel><fieldentry>Long Answer</fieldentry></qti_metadatafield><qti_metadatafield><fieldlabel>qmd_weighting</fieldlabel><fieldentry>2.000000000</fieldentry></qti_metadatafield><qti_metadatafield><fieldlabel>qmd_globalid</fieldlabel><fieldentry>2b3e44c9-84d6-403c-a77b-930b943b266c</fieldentry></qti_metadatafield><qti_metadatafield><fieldlabel>qmd_displayid</fieldlabel><fieldentry>IDL2021_S1_MASTER_2013_20160524113513-59</fieldentry></qti_metadatafield></qtimetadata></itemmetadata><itemproc_extension><d2l_2p0:difficulty>0</d2l_2p0:difficulty><d2l_2p0:isbonus>no</d2l_2p0:isbonus><d2l_2p0:ismandatory>yes</d2l_2p0:ismandatory></itemproc_extension><presentation><flow><material><mattext texttype="text/html">Write using exponents.&lt;div&gt;(9)(9)(9)(9)(9)&lt;/div&gt;</mattext></material><response_extension><d2l_2p0:has_signed_comments>no</d2l_2p0:has_signed_comments><d2l_2p0:has_htmleditor>yes</d2l_2p0:has_htmleditor></response_extension><response_str ident="QUES_12386_12400_STR" rcardinality="Multiple"><render_fib rows="0" columns="20" prompt="Box" fibtype="String"><response_label ident="QUES_12386_12400_LA"><material><mattext texttype="text/plain" /></material></response_label></render_fib></response_str></flow></presentation><answer_key><answer_key_material><flow_mat><material><mattext texttype="text/html">9^5</mattext></material></flow_mat></answer_key_material></answer_key></item><item ident="OBJ_12501" label="QUES_12387_12401" d2l_2p0:page="1"><itemmetadata><qtimetadata><qti_metadatafield><fieldlabel>qmd_computerscored</fieldlabel><fieldentry>yes</fieldentry></qti_metadatafield><qti_metadatafield><fieldlabel>qmd_questiontype</fieldlabel><fieldentry>Long Answer</fieldentry></qti_metadatafield><qti_metadatafield><fieldlabel>qmd_weighting</fieldlabel><fieldentry>2.000000000</fieldentry></qti_metadatafield><qti_metadatafield><fieldlabel>qmd_globalid</fieldlabel><fieldentry>38a76ab2-b0a1-4ed7-96e6-3e44612c45cd</fieldentry></qti_metadatafield><qti_metadatafield><fieldlabel>qmd_displayid</fieldlabel><fieldentry>IDL2021_S1_MASTER_2013_20160524113513-60</fieldentry></qti_metadatafield></qtimetadata></itemmetadata><itemproc_extension><d2l_2p0:difficulty>0</d2l_2p0:difficulty><d2l_2p0:isbonus>no</d2l_2p0:isbonus><d2l_2p0:ismandatory>yes</d2l_2p0:ismandatory></itemproc_extension><presentation><flow><material><mattext texttype="text/html">Write using exponents.&lt;div&gt;&lt;br /&gt;&lt;/div&gt;&lt;div&gt;5*x*x*y*x*y*(-4)*x&lt;/div&gt;</mattext></material><response_extension><d2l_2p0:has_signed_comments>no</d2l_2p0:has_signed_comments><d2l_2p0:has_htmleditor>yes</d2l_2p0:has_htmleditor></response_extension><response_str ident="QUES_12387_12401_STR" rcardinality="Multiple"><render_fib rows="0" columns="20" prompt="Box" fibtype="String"><response_label ident="QUES_12387_12401_LA"><material><mattext texttype="text/plain" /></material></response_label></render_fib></response_str></flow></presentation><answer_key><answer_key_material><flow_mat><material><mattext texttype="text/html">-20x^4y^2</mattext></material></flow_mat></answer_key_material></answer_key></item><item ident="OBJ_12502" label="QUES_12388_12402" d2l_2p0:page="1"><itemmetadata><qtimetadata><qti_metadatafield><fieldlabel>qmd_computerscored</fieldlabel><fieldentry>yes</fieldentry></qti_metadatafield><qti_metadatafield><fieldlabel>qmd_questiontype</fieldlabel><fieldentry>Long Answer</fieldentry></qti_metadatafield><qti_metadatafield><fieldlabel>qmd_weighting</fieldlabel><fieldentry>2.000000000</fieldentry></qti_metadatafield><qti_metadatafield><fieldlabel>qmd_globalid</fieldlabel><fieldentry>ac692ad8-080d-42b7-aae2-c2a5b2254bf4</fieldentry></qti_metadatafield><qti_metadatafield><fieldlabel>qmd_displayid</fieldlabel><fieldentry>IDL2021_S1_MASTER_2013_20160524113513-61</fieldentry></qti_metadatafield></qtimetadata></itemmetadata><itemproc_extension><d2l_2p0:difficulty>0</d2l_2p0:difficulty><d2l_2p0:isbonus>no</d2l_2p0:isbonus><d2l_2p0:ismandatory>yes</d2l_2p0:ismandatory></itemproc_extension><presentation><flow><material><mattext texttype="text/html">Write using exponents. &lt;div&gt;&lt;br /&gt;&lt;/div&gt;&lt;div&gt;(-3)(-3)(-3)&lt;/div&gt;</mattext></material><response_extension><d2l_2p0:has_signed_comments>no</d2l_2p0:has_signed_comments><d2l_2p0:has_htmleditor>yes</d2l_2p0:has_htmleditor></response_extension><response_str ident="QUES_12388_12402_STR" rcardinality="Multiple"><render_fib rows="0" columns="20" prompt="Box" fibtype="String"><response_label ident="QUES_12388_12402_LA"><material><mattext texttype="text/plain" /></material></response_label></render_fib></response_str></flow></presentation><answer_key><answer_key_material><flow_mat><material><mattext texttype="text/html">(-3)^3</mattext></material></flow_mat></answer_key_material></answer_key></item><item ident="OBJ_12503" label="QUES_12389_12403" d2l_2p0:page="1"><itemmetadata><qtimetadata><qti_metadatafield><fieldlabel>qmd_computerscored</fieldlabel><fieldentry>yes</fieldentry></qti_metadatafield><qti_metadatafield><fieldlabel>qmd_questiontype</fieldlabel><fieldentry>True/False</fieldentry></qti_metadatafield><qti_metadatafield><fieldlabel>qmd_weighting</fieldlabel><fieldentry>2.000000000</fieldentry></qti_metadatafield><qti_metadatafield><fieldlabel>qmd_globalid</fieldlabel><fieldentry>c3286ca0-bcfd-4bf8-bb10-8a73192fc889</fieldentry></qti_metadatafield><qti_metadatafield><fieldlabel>qmd_displayid</fieldlabel><fieldentry>IDL2021_S1_MASTER_2013_20160524113513-62</fieldentry></qti_metadatafield></qtimetadata></itemmetadata><itemproc_extension><d2l_2p0:difficulty>0</d2l_2p0:difficulty><d2l_2p0:isbonus>no</d2l_2p0:isbonus><d2l_2p0:ismandatory>yes</d2l_2p0:ismandatory></itemproc_extension><presentation><flow><material><mattext texttype="text/html">5^3 has the same value as 3^5</mattext></material><response_extension><d2l_2p0:display_style>2</d2l_2p0:display_style><d2l_2p0:enumeration>1</d2l_2p0:enumeration><d2l_2p0:grading_type>0</d2l_2p0:grading_type></response_extension><response_lid ident="QUES_12389_12403_LID" rcardinality="Single"><render_choice shuffle="no"><flow_label class="Block"><response_label ident="QUES_12389_12403_A42734"><flow_mat><material><mattext texttype="text/plain">True</mattext></material></flow_mat></response_label></flow_label><flow_label class="Block"><response_label ident="QUES_12389_12403_A42735"><flow_mat><material><mattext texttype="text/plain">False</mattext></material></flow_mat></response_label></flow_label></render_choice></response_lid></flow></presentation><resprocessing><respcondition title="Response Condition 1"><conditionvar><varequal respident="QUES_12389_12403_LID">QUES_12389_12403_A42734</varequal></conditionvar><setvar action="Set">0.000000000</setvar><displayfeedback feedbacktype="Response" linkrefid="QUES_12389_12403_IF42734" /></respcondition><respcondition title="Response Condition 2"><conditionvar><varequal respident="QUES_12389_12403_LID">QUES_12389_12403_A42735</varequal></conditionvar><setvar action="Set">100.000000000</setvar><displayfeedback feedbacktype="Response" linkrefid="QUES_12389_12403_IF42735" /></respcondition></resprocessing><itemfeedback ident="QUES_12389_12403_IF42734"><material><mattext texttype="text/plain" /></material></itemfeedback><itemfeedback ident="QUES_12389_12403_IF42735"><material><mattext texttype="text/html">No 5^3 = 125 and 3^5 = 243</mattext></material></itemfeedback></item><item ident="OBJ_12504" label="QUES_12390_12404" d2l_2p0:page="1"><itemmetadata><qtimetadata><qti_metadatafield><fieldlabel>qmd_computerscored</fieldlabel><fieldentry>yes</fieldentry></qti_metadatafield><qti_metadatafield><fieldlabel>qmd_questiontype</fieldlabel><fieldentry>Long Answer</fieldentry></qti_metadatafield><qti_metadatafield><fieldlabel>qmd_weighting</fieldlabel><fieldentry>2.000000000</fieldentry></qti_metadatafield><qti_metadatafield><fieldlabel>qmd_globalid</fieldlabel><fieldentry>449e92fb-1fe3-4596-96c0-9521e830cd9c</fieldentry></qti_metadatafield><qti_metadatafield><fieldlabel>qmd_displayid</fieldlabel><fieldentry>IDL2021_S1_MASTER_2013_20160524113513-63</fieldentry></qti_metadatafield></qtimetadata></itemmetadata><itemproc_extension><d2l_2p0:difficulty>0</d2l_2p0:difficulty><d2l_2p0:isbonus>no</d2l_2p0:isbonus><d2l_2p0:ismandatory>yes</d2l_2p0:ismandatory></itemproc_extension><presentation><flow><material><mattext texttype="text/html">In the expression 5x^7, which part is the base?</mattext></material><response_extension><d2l_2p0:has_signed_comments>no</d2l_2p0:has_signed_comments><d2l_2p0:has_htmleditor>yes</d2l_2p0:has_htmleditor></response_extension><response_str ident="QUES_12390_12404_STR" rcardinality="Multiple"><render_fib rows="0" columns="20" prompt="Box" fibtype="String"><response_label ident="QUES_12390_12404_LA"><material><mattext texttype="text/plain" /></material></response_label></render_fib></response_str></flow></presentation><answer_key><answer_key_material><flow_mat><material><mattext texttype="text/html">The base is the variable x in the expression.</mattext></material></flow_mat></answer_key_material></answer_key></item><item ident="OBJ_120530" label="QUES_327785_328944" d2l_2p0:page="1"><itemmetadata><qtimetadata><qti_metadatafield><fieldlabel>qmd_computerscored</fieldlabel><fieldentry>yes</fieldentry></qti_metadatafield><qti_metadatafield><fieldlabel>qmd_questiontype</fieldlabel><fieldentry>Short Answer</fieldentry></qti_metadatafield><qti_metadatafield><fieldlabel>qmd_weighting</fieldlabel><fieldentry>2.000000000</fieldentry></qti_metadatafield><qti_metadatafield><fieldlabel>qmd_globalid</fieldlabel><fieldentry>17f65da0-70b4-4e6f-859c-844962a579d7</fieldentry></qti_metadatafield><qti_metadatafield><fieldlabel>qmd_displayid</fieldlabel><fieldentry>IDL2021_S1_MASTER_2013_20160524113513-216</fieldentry></qti_metadatafield></qtimetadata></itemmetadata><itemproc_extension><d2l_2p0:difficulty>1</d2l_2p0:difficulty><d2l_2p0:isbonus>no</d2l_2p0:isbonus><d2l_2p0:ismandatory>no</d2l_2p0:ismandatory></itemproc_extension><presentation><flow><material><mattext texttype="text/html">&lt;p&gt;Simplify&amp;nbsp;&lt;math title=""  xmlns="http://www.w3.org/1998/Math/MathML" display="inline"&gt;&lt;semantics&gt;&lt;mstyle&gt;&lt;msup&gt;&lt;mn&gt;4&lt;/mn&gt;&lt;mn&gt;4&lt;/mn&gt;&lt;/msup&gt;&lt;/mstyle&gt;&lt;annotation encoding="wiris"&gt;{"version":"1.1","math":"&amp;lt;math xmlns=&amp;quot;http://www.w3.org/1998/Math/MathML&amp;quot;&amp;gt;&amp;lt;msup&amp;gt;&amp;lt;mn&amp;gt;4&amp;lt;/mn&amp;gt;&amp;lt;mn&amp;gt;4&amp;lt;/mn&amp;gt;&amp;lt;/msup&amp;gt;&amp;lt;/math&amp;gt;"}&lt;/annotation&gt;&lt;/semantics&gt;&lt;/math&gt;&lt;/p&gt;</mattext></material><response_extension><d2l_2p0:grading_type>0</d2l_2p0:grading_type></response_extension><response_str ident="QUES_327785_328944_A1188523_STR" rcardinality="Single"><render_fib rows="3" columns="60" prompt="Box" fibtype="String"><response_label ident="QUES_327785_328944_A1188523_ANS" /></render_fib></response_str></flow></presentation><resprocessing><outcomes><decvar vartype="Integer" minvalue="0" maxvalue="100" varname="Blank_1" /></outcomes><respcondition><conditionvar><varequal respident="QUES_327785_328944_A1188523_ANS" case="no">256</varequal></conditionvar><setvar action="Set">100.000000000</setvar></respcondition><respcondition><conditionvar><other /></conditionvar><setvar varname="que_score" action="Set">D2L_Correct</setvar></respcondition></resprocessing></item><item ident="OBJ_120531" label="QUES_327786_328945" d2l_2p0:page="1"><itemmetadata><qtimetadata><qti_metadatafield><fieldlabel>qmd_computerscored</fieldlabel><fieldentry>yes</fieldentry></qti_metadatafield><qti_metadatafield><fieldlabel>qmd_questiontype</fieldlabel><fieldentry>Short Answer</fieldentry></qti_metadatafield><qti_metadatafield><fieldlabel>qmd_weighting</fieldlabel><fieldentry>2.000000000</fieldentry></qti_metadatafield><qti_metadatafield><fieldlabel>qmd_globalid</fieldlabel><fieldentry>961d1a20-8752-4e32-9d1d-88ff62a60cf0</fieldentry></qti_metadatafield><qti_metadatafield><fieldlabel>qmd_displayid</fieldlabel><fieldentry>IDL2021_S1_MASTER_2013_20160524113513-217</fieldentry></qti_metadatafield></qtimetadata></itemmetadata><itemproc_extension><d2l_2p0:difficulty>1</d2l_2p0:difficulty><d2l_2p0:isbonus>no</d2l_2p0:isbonus><d2l_2p0:ismandatory>no</d2l_2p0:ismandatory></itemproc_extension><presentation><flow><material><mattext texttype="text/html">&lt;p&gt;Simplify&amp;nbsp;&lt;math title=""  xmlns="http://www.w3.org/1998/Math/MathML" display="inline"&gt;&lt;semantics&gt;&lt;mstyle&gt;&lt;mn&gt;15&lt;/mn&gt;&lt;mo&gt;&amp;#160;&lt;/mo&gt;&lt;mo&gt;+&lt;/mo&gt;&lt;mo&gt;&amp;#160;&lt;/mo&gt;&lt;mo&gt;(&lt;/mo&gt;&lt;mn&gt;4&lt;/mn&gt;&lt;mo&gt;+&lt;/mo&gt;&lt;mn&gt;6&lt;/mn&gt;&lt;msup&gt;&lt;mo&gt;)&lt;/mo&gt;&lt;mn&gt;2&lt;/mn&gt;&lt;/msup&gt;&lt;mo&gt;+&lt;/mo&gt;&lt;mn&gt;5&lt;/mn&gt;&lt;/mstyle&gt;&lt;annotation encoding="wiris"&gt;{"version":"1.1","math":"&amp;lt;math xmlns=&amp;quot;http://www.w3.org/1998/Math/MathML&amp;quot;&amp;gt;&amp;lt;mn&amp;gt;15&amp;lt;/mn&amp;gt;&amp;lt;mo&amp;gt;&amp;amp;#160;&amp;lt;/mo&amp;gt;&amp;lt;mo&amp;gt;+&amp;lt;/mo&amp;gt;&amp;lt;mo&amp;gt;&amp;amp;#160;&amp;lt;/mo&amp;gt;&amp;lt;mo&amp;gt;(&amp;lt;/mo&amp;gt;&amp;lt;mn&amp;gt;4&amp;lt;/mn&amp;gt;&amp;lt;mo&amp;gt;+&amp;lt;/mo&amp;gt;&amp;lt;mn&amp;gt;6&amp;lt;/mn&amp;gt;&amp;lt;msup&amp;gt;&amp;lt;mo&amp;gt;)&amp;lt;/mo&amp;gt;&amp;lt;mn&amp;gt;2&amp;lt;/mn&amp;gt;&amp;lt;/msup&amp;gt;&amp;lt;mo&amp;gt;+&amp;lt;/mo&amp;gt;&amp;lt;mn&amp;gt;5&amp;lt;/mn&amp;gt;&amp;lt;/math&amp;gt;"}&lt;/annotation&gt;&lt;/semantics&gt;&lt;/math&gt;&lt;/p&gt;</mattext></material><response_extension><d2l_2p0:grading_type>0</d2l_2p0:grading_type></response_extension><response_str ident="QUES_327786_328945_A1188524_STR" rcardinality="Single"><render_fib rows="3" columns="60" prompt="Box" fibtype="String"><response_label ident="QUES_327786_328945_A1188524_ANS" /></render_fib></response_str></flow></presentation><resprocessing><outcomes><decvar vartype="Integer" minvalue="0" maxvalue="100" varname="Blank_1" /></outcomes><respcondition><conditionvar><varequal respident="QUES_327786_328945_A1188524_ANS" case="no">120</varequal></conditionvar><setvar action="Set">100.000000000</setvar></respcondition><respcondition><conditionvar><other /></conditionvar><setvar varname="que_score" action="Set">D2L_Correct</setvar></respcondition></resprocessing></item><item ident="OBJ_120532" label="QUES_327787_328946" d2l_2p0:page="1"><itemmetadata><qtimetadata><qti_metadatafield><fieldlabel>qmd_computerscored</fieldlabel><fieldentry>yes</fieldentry></qti_metadatafield><qti_metadatafield><fieldlabel>qmd_questiontype</fieldlabel><fieldentry>Short Answer</fieldentry></qti_metadatafield><qti_metadatafield><fieldlabel>qmd_weighting</fieldlabel><fieldentry>2.000000000</fieldentry></qti_metadatafield><qti_metadatafield><fieldlabel>qmd_globalid</fieldlabel><fieldentry>e97363de-919f-44ba-b394-cc1b944ce8c9</fieldentry></qti_metadatafield><qti_metadatafield><fieldlabel>qmd_displayid</fieldlabel><fieldentry>IDL2021_S1_MASTER_2013_20160524113513-218</fieldentry></qti_metadatafield></qtimetadata></itemmetadata><itemproc_extension><d2l_2p0:difficulty>1</d2l_2p0:difficulty><d2l_2p0:isbonus>no</d2l_2p0:isbonus><d2l_2p0:ismandatory>no</d2l_2p0:ismandatory></itemproc_extension><presentation><flow><material><mattext texttype="text/html">&lt;p&gt;Evalua&lt;math title=""  xmlns="http://www.w3.org/1998/Math/MathML" display="inline"&gt;&lt;semantics&gt;&lt;mstyle&gt;&lt;msup&gt;&lt;mi&gt;c&lt;/mi&gt;&lt;mn&gt;3&lt;/mn&gt;&lt;/msup&gt;&lt;mo&gt;+&lt;/mo&gt;&lt;mo&gt;&amp;#160;&lt;/mo&gt;&lt;mn&gt;4&lt;/mn&gt;&lt;/mstyle&gt;&lt;annotation encoding="wiris"&gt;{"version":"1.1","math":"&amp;lt;math xmlns=&amp;quot;http://www.w3.org/1998/Math/MathML&amp;quot;&amp;gt;&amp;lt;msup&amp;gt;&amp;lt;mi&amp;gt;c&amp;lt;/mi&amp;gt;&amp;lt;mn&amp;gt;3&amp;lt;/mn&amp;gt;&amp;lt;/msup&amp;gt;&amp;lt;mo&amp;gt;+&amp;lt;/mo&amp;gt;&amp;lt;mo&amp;gt;&amp;amp;#160;&amp;lt;/mo&amp;gt;&amp;lt;mn&amp;gt;4&amp;lt;/mn&amp;gt;&amp;lt;/math&amp;gt;"}&lt;/annotation&gt;&lt;/semantics&gt;&lt;/math&gt;te for c = -6&lt;/p&gt;
&lt;p&gt;&lt;/p&gt;</mattext></material><response_extension><d2l_2p0:grading_type>0</d2l_2p0:grading_type></response_extension><response_str ident="QUES_327787_328946_A1188525_STR" rcardinality="Single"><render_fib rows="3" columns="60" prompt="Box" fibtype="String"><response_label ident="QUES_327787_328946_A1188525_ANS" /></render_fib></response_str></flow></presentation><resprocessing><outcomes><decvar vartype="Integer" minvalue="0" maxvalue="100" varname="Blank_1" /></outcomes><respcondition><conditionvar><varequal respident="QUES_327787_328946_A1188525_ANS" case="no">-212</varequal></conditionvar><setvar action="Set">100.000000000</setvar></respcondition><respcondition><conditionvar><other /></conditionvar><setvar varname="que_score" action="Set">D2L_Correct</setvar></respcondition></resprocessing></item><item ident="OBJ_120533" label="QUES_327788_328947" d2l_2p0:page="1"><itemmetadata><qtimetadata><qti_metadatafield><fieldlabel>qmd_computerscored</fieldlabel><fieldentry>yes</fieldentry></qti_metadatafield><qti_metadatafield><fieldlabel>qmd_questiontype</fieldlabel><fieldentry>Short Answer</fieldentry></qti_metadatafield><qti_metadatafield><fieldlabel>qmd_weighting</fieldlabel><fieldentry>2.000000000</fieldentry></qti_metadatafield><qti_metadatafield><fieldlabel>qmd_globalid</fieldlabel><fieldentry>78207919-9d89-480b-9919-f15551aa35e2</fieldentry></qti_metadatafield><qti_metadatafield><fieldlabel>qmd_displayid</fieldlabel><fieldentry>IDL2021_S1_MASTER_2013_20160524113513-219</fieldentry></qti_metadatafield></qtimetadata></itemmetadata><itemproc_extension><d2l_2p0:difficulty>1</d2l_2p0:difficulty><d2l_2p0:isbonus>no</d2l_2p0:isbonus><d2l_2p0:ismandatory>no</d2l_2p0:ismandatory></itemproc_extension><presentation><flow><material><mattext texttype="text/html">&lt;p&gt;Evaluate for x =3 and y = 5.&lt;/p&gt;
&lt;p&gt;&lt;math title=""  xmlns="http://www.w3.org/1998/Math/MathML" display="inline"&gt;&lt;semantics&gt;&lt;mstyle&gt;&lt;msup&gt;&lt;mi&gt;x&lt;/mi&gt;&lt;mn&gt;3&lt;/mn&gt;&lt;/msup&gt;&lt;msup&gt;&lt;mi&gt;y&lt;/mi&gt;&lt;mn&gt;2&lt;/mn&gt;&lt;/msup&gt;&lt;/mstyle&gt;&lt;annotation encoding="wiris"&gt;{"version":"1.1","math":"&amp;lt;math xmlns=&amp;quot;http://www.w3.org/1998/Math/MathML&amp;quot;&amp;gt;&amp;lt;msup&amp;gt;&amp;lt;mi&amp;gt;x&amp;lt;/mi&amp;gt;&amp;lt;mn&amp;gt;3&amp;lt;/mn&amp;gt;&amp;lt;/msup&amp;gt;&amp;lt;msup&amp;gt;&amp;lt;mi&amp;gt;y&amp;lt;/mi&amp;gt;&amp;lt;mn&amp;gt;2&amp;lt;/mn&amp;gt;&amp;lt;/msup&amp;gt;&amp;lt;/math&amp;gt;"}&lt;/annotation&gt;&lt;/semantics&gt;&lt;/math&gt;&lt;/p&gt;</mattext></material><response_extension><d2l_2p0:grading_type>0</d2l_2p0:grading_type></response_extension><response_str ident="QUES_327788_328947_A1188526_STR" rcardinality="Single"><render_fib rows="3" columns="60" prompt="Box" fibtype="String"><response_label ident="QUES_327788_328947_A1188526_ANS" /></render_fib></response_str></flow></presentation><resprocessing><outcomes><decvar vartype="Integer" minvalue="0" maxvalue="100" varname="Blank_1" /></outcomes><respcondition><conditionvar><varequal respident="QUES_327788_328947_A1188526_ANS" case="no">675</varequal></conditionvar><setvar action="Set">100.000000000</setvar></respcondition><respcondition><conditionvar><other /></conditionvar><setvar varname="que_score" action="Set">D2L_Correct</setvar></respcondition></resprocessing></item><item ident="OBJ_120534" label="QUES_327789_328948" d2l_2p0:page="1"><itemmetadata><qtimetadata><qti_metadatafield><fieldlabel>qmd_computerscored</fieldlabel><fieldentry>yes</fieldentry></qti_metadatafield><qti_metadatafield><fieldlabel>qmd_questiontype</fieldlabel><fieldentry>Short Answer</fieldentry></qti_metadatafield><qti_metadatafield><fieldlabel>qmd_weighting</fieldlabel><fieldentry>2.000000000</fieldentry></qti_metadatafield><qti_metadatafield><fieldlabel>qmd_globalid</fieldlabel><fieldentry>0d7e7b94-369f-4d90-87b3-47eb0d028f68</fieldentry></qti_metadatafield><qti_metadatafield><fieldlabel>qmd_displayid</fieldlabel><fieldentry>IDL2021_S1_MASTER_2013_20160524113513-220</fieldentry></qti_metadatafield></qtimetadata></itemmetadata><itemproc_extension><d2l_2p0:difficulty>1</d2l_2p0:difficulty><d2l_2p0:isbonus>no</d2l_2p0:isbonus><d2l_2p0:ismandatory>no</d2l_2p0:ismandatory></itemproc_extension><presentation><flow><material><mattext texttype="text/html">&lt;p&gt;Evaluate for m = 2&lt;/p&gt;
&lt;p&gt;&lt;math title=""  xmlns="http://www.w3.org/1998/Math/MathML" display="inline"&gt;&lt;semantics&gt;&lt;mstyle&gt;&lt;mn&gt;3&lt;/mn&gt;&lt;msup&gt;&lt;mfenced&gt;&lt;mrow&gt;&lt;mi&gt;m&lt;/mi&gt;&lt;mo&gt;+&lt;/mo&gt;&lt;mn&gt;5&lt;/mn&gt;&lt;/mrow&gt;&lt;/mfenced&gt;&lt;mn&gt;2&lt;/mn&gt;&lt;/msup&gt;&lt;/mstyle&gt;&lt;annotation encoding="wiris"&gt;{"version":"1.1","math":"&amp;lt;math xmlns=&amp;quot;http://www.w3.org/1998/Math/MathML&amp;quot;&amp;gt;&amp;lt;mn&amp;gt;3&amp;lt;/mn&amp;gt;&amp;lt;msup&amp;gt;&amp;lt;mfenced&amp;gt;&amp;lt;mrow&amp;gt;&amp;lt;mi&amp;gt;m&amp;lt;/mi&amp;gt;&amp;lt;mo&amp;gt;+&amp;lt;/mo&amp;gt;&amp;lt;mn&amp;gt;5&amp;lt;/mn&amp;gt;&amp;lt;/mrow&amp;gt;&amp;lt;/mfenced&amp;gt;&amp;lt;mn&amp;gt;2&amp;lt;/mn&amp;gt;&amp;lt;/msup&amp;gt;&amp;lt;/math&amp;gt;"}&lt;/annotation&gt;&lt;/semantics&gt;&lt;/math&gt;&lt;/p&gt;</mattext></material><response_extension><d2l_2p0:grading_type>0</d2l_2p0:grading_type></response_extension><response_str ident="QUES_327789_328948_A1188527_STR" rcardinality="Single"><render_fib rows="3" columns="60" prompt="Box" fibtype="String"><response_label ident="QUES_327789_328948_A1188527_ANS" /></render_fib></response_str></flow></presentation><resprocessing><outcomes><decvar vartype="Integer" minvalue="0" maxvalue="100" varname="Blank_1" /></outcomes><respcondition><conditionvar><varequal respident="QUES_327789_328948_A1188527_ANS" case="no">147</varequal></conditionvar><setvar action="Set">100.000000000</setvar></respcondition><respcondition><conditionvar><other /></conditionvar><setvar varname="que_score" action="Set">D2L_Correct</setvar></respcondition></resprocessing></item></section></assessment></questestinterop>