﻿<?xml version="1.0" encoding="UTF-8"?><questestinterop xmlns:d2l_2p0="http://desire2learn.com/xsd/d2lcp_v2p0"><assessment d2l_2p0:id="249" title="2.7a  Unit 2 Test: Variables and Expressions" ident="res_quiz_825" d2l_2p0:resource_code="fbc4e90e-9527-4d6b-82fc-4e2582a6f36d"><rubric><flow_mat><material><mattext d2l_2p0:isdisplayed="yes" texttype="text/html" /></material></flow_mat></rubric><assessmentcontrol hintswitch="yes" solutionswitch="yes" feedbackswitch="no" /><presentation_material><flow_mat><material label="page header"><mattext d2l_2p0:isdisplayed="yes" texttype="text/html" /></material><material label="page footer"><mattext d2l_2p0:isdisplayed="yes" texttype="text/html" /></material></flow_mat></presentation_material><assess_procextension><d2l_2p0:intro_message d2l_2p0:isdisplayed="yes" texttype="text/html">&lt;p&gt;Have a pencil, paper, and calculator ready. Complete each problem on paper before you select your multiple choice answer. This test has 20 questions worth 5 points each for a total of 100 points. You will only have one chance to take the test and you must complete it once you have started. Do your best!&lt;/p&gt;</d2l_2p0:intro_message><grade_item d2l_2p0:is_autoexport="yes" resource_code="bee5db9c-60b2-4669-8e9f-27702ff00a7f">2407</grade_item><d2l_2p0:disable_right_click>yes</d2l_2p0:disable_right_click><d2l_2p0:disable_pager_access>yes</d2l_2p0:disable_pager_access><is_active>yes</is_active><d2l_2p0:date_start /><d2l_2p0:date_end /><d2l_2p0:has_schedule_event>no</d2l_2p0:has_schedule_event><d2l_2p0:is_attempt_Rldb>no</d2l_2p0:is_attempt_Rldb><d2l_2p0:is_subview_Rldb>no</d2l_2p0:is_subview_Rldb><d2l_2p0:time_limit>120</d2l_2p0:time_limit><d2l_2p0:show_clock>yes</d2l_2p0:show_clock><d2l_2p0:enforce_time_limit>yes</d2l_2p0:enforce_time_limit><d2l_2p0:grace_period>5</d2l_2p0:grace_period><d2l_2p0:late_limit>1</d2l_2p0:late_limit><d2l_2p0:attempts_allowed>1</d2l_2p0:attempts_allowed><d2l_2p0:attempt_restrictions /><d2l_2p0:mark_calculation_type>1</d2l_2p0:mark_calculation_type><d2l_2p0:is_forward_only>no</d2l_2p0:is_forward_only></assess_procextension><section ident="CONTAINER_SECTION"><item ident="OBJ_12539" label="QUES_12425_12439" d2l_2p0:page="1"><itemmetadata><qtimetadata><qti_metadatafield><fieldlabel>qmd_computerscored</fieldlabel><fieldentry>yes</fieldentry></qti_metadatafield><qti_metadatafield><fieldlabel>qmd_questiontype</fieldlabel><fieldentry>Long Answer</fieldentry></qti_metadatafield><qti_metadatafield><fieldlabel>qmd_weighting</fieldlabel><fieldentry>5.000000000</fieldentry></qti_metadatafield><qti_metadatafield><fieldlabel>qmd_globalid</fieldlabel><fieldentry>531c077f-e5be-4c31-a149-60c123e6704d</fieldentry></qti_metadatafield><qti_metadatafield><fieldlabel>qmd_displayid</fieldlabel><fieldentry>IDL2021_S1_MASTER_2013_20160524113513-98</fieldentry></qti_metadatafield></qtimetadata></itemmetadata><itemproc_extension><d2l_2p0:difficulty>0</d2l_2p0:difficulty><d2l_2p0:isbonus>no</d2l_2p0:isbonus><d2l_2p0:ismandatory>yes</d2l_2p0:ismandatory></itemproc_extension><presentation><flow><material><mattext texttype="text/html">Write a variable expression for nine more than a number y.&lt;br /&gt;</mattext></material><response_extension><d2l_2p0:has_signed_comments>no</d2l_2p0:has_signed_comments><d2l_2p0:has_htmleditor>yes</d2l_2p0:has_htmleditor></response_extension><response_str ident="QUES_12425_12439_STR" rcardinality="Multiple"><render_fib rows="0" columns="20" prompt="Box" fibtype="String"><response_label ident="QUES_12425_12439_LA"><material><mattext texttype="text/plain" /></material></response_label></render_fib></response_str></flow></presentation><answer_key><answer_key_material><flow_mat><material><mattext texttype="text/html">y + 9&lt;br /&gt;</mattext></material></flow_mat></answer_key_material></answer_key></item><item ident="OBJ_12540" label="QUES_12426_12440" d2l_2p0:page="1"><itemmetadata><qtimetadata><qti_metadatafield><fieldlabel>qmd_computerscored</fieldlabel><fieldentry>yes</fieldentry></qti_metadatafield><qti_metadatafield><fieldlabel>qmd_questiontype</fieldlabel><fieldentry>Long Answer</fieldentry></qti_metadatafield><qti_metadatafield><fieldlabel>qmd_weighting</fieldlabel><fieldentry>5.000000000</fieldentry></qti_metadatafield><qti_metadatafield><fieldlabel>qmd_globalid</fieldlabel><fieldentry>fd0cea02-642e-44cd-a007-b2bf169b2f78</fieldentry></qti_metadatafield><qti_metadatafield><fieldlabel>qmd_displayid</fieldlabel><fieldentry>IDL2021_S1_MASTER_2013_20160524113513-99</fieldentry></qti_metadatafield></qtimetadata></itemmetadata><itemproc_extension><d2l_2p0:difficulty>0</d2l_2p0:difficulty><d2l_2p0:isbonus>no</d2l_2p0:isbonus><d2l_2p0:ismandatory>yes</d2l_2p0:ismandatory></itemproc_extension><presentation><flow><material><mattext texttype="text/html">Write a variable expression of five less than a number x.&lt;br /&gt;</mattext></material><response_extension><d2l_2p0:has_signed_comments>no</d2l_2p0:has_signed_comments><d2l_2p0:has_htmleditor>yes</d2l_2p0:has_htmleditor></response_extension><response_str ident="QUES_12426_12440_STR" rcardinality="Multiple"><render_fib rows="0" columns="20" prompt="Box" fibtype="String"><response_label ident="QUES_12426_12440_LA"><material><mattext texttype="text/plain" /></material></response_label></render_fib></response_str></flow></presentation><answer_key><answer_key_material><flow_mat><material><mattext texttype="text/html">x - 5&lt;br /&gt;</mattext></material></flow_mat></answer_key_material></answer_key></item><item ident="OBJ_12541" label="QUES_12427_12441" d2l_2p0:page="1"><itemmetadata><qtimetadata><qti_metadatafield><fieldlabel>qmd_computerscored</fieldlabel><fieldentry>yes</fieldentry></qti_metadatafield><qti_metadatafield><fieldlabel>qmd_questiontype</fieldlabel><fieldentry>Long Answer</fieldentry></qti_metadatafield><qti_metadatafield><fieldlabel>qmd_weighting</fieldlabel><fieldentry>5.000000000</fieldentry></qti_metadatafield><qti_metadatafield><fieldlabel>qmd_globalid</fieldlabel><fieldentry>452bf87d-f5df-4172-87de-c638cca5e20c</fieldentry></qti_metadatafield><qti_metadatafield><fieldlabel>qmd_displayid</fieldlabel><fieldentry>IDL2021_S1_MASTER_2013_20160524113513-100</fieldentry></qti_metadatafield></qtimetadata></itemmetadata><itemproc_extension><d2l_2p0:difficulty>0</d2l_2p0:difficulty><d2l_2p0:isbonus>no</d2l_2p0:isbonus><d2l_2p0:ismandatory>yes</d2l_2p0:ismandatory></itemproc_extension><presentation><flow><material><mattext texttype="text/html">Write a variable expression for 6 times the quantity 7 plus a number w.&lt;br /&gt;</mattext></material><response_extension><d2l_2p0:has_signed_comments>no</d2l_2p0:has_signed_comments><d2l_2p0:has_htmleditor>yes</d2l_2p0:has_htmleditor></response_extension><response_str ident="QUES_12427_12441_STR" rcardinality="Multiple"><render_fib rows="0" columns="20" prompt="Box" fibtype="String"><response_label ident="QUES_12427_12441_LA"><material><mattext texttype="text/plain" /></material></response_label></render_fib></response_str></flow></presentation><answer_key><answer_key_material><flow_mat><material><mattext texttype="text/html">6(7 + w)&lt;br /&gt;</mattext></material></flow_mat></answer_key_material></answer_key></item><item ident="OBJ_12542" label="QUES_12428_12442" d2l_2p0:page="1"><itemmetadata><qtimetadata><qti_metadatafield><fieldlabel>qmd_computerscored</fieldlabel><fieldentry>yes</fieldentry></qti_metadatafield><qti_metadatafield><fieldlabel>qmd_questiontype</fieldlabel><fieldentry>Long Answer</fieldentry></qti_metadatafield><qti_metadatafield><fieldlabel>qmd_weighting</fieldlabel><fieldentry>5.000000000</fieldentry></qti_metadatafield><qti_metadatafield><fieldlabel>qmd_globalid</fieldlabel><fieldentry>067917fa-8ef4-432f-8619-73875f910557</fieldentry></qti_metadatafield><qti_metadatafield><fieldlabel>qmd_displayid</fieldlabel><fieldentry>IDL2021_S1_MASTER_2013_20160524113513-101</fieldentry></qti_metadatafield></qtimetadata></itemmetadata><itemproc_extension><d2l_2p0:difficulty>0</d2l_2p0:difficulty><d2l_2p0:isbonus>no</d2l_2p0:isbonus><d2l_2p0:ismandatory>yes</d2l_2p0:ismandatory></itemproc_extension><presentation><flow><material><mattext texttype="text/html">Rewrite the problem to make each sentence true by inserting grouping symbols (parentheses).&lt;br /&gt;&lt;br /&gt;                             7 + 4 * 6 = 66&lt;br /&gt;</mattext></material><response_extension><d2l_2p0:has_signed_comments>no</d2l_2p0:has_signed_comments><d2l_2p0:has_htmleditor>yes</d2l_2p0:has_htmleditor></response_extension><response_str ident="QUES_12428_12442_STR" rcardinality="Multiple"><render_fib rows="0" columns="20" prompt="Box" fibtype="String"><response_label ident="QUES_12428_12442_LA"><material><mattext texttype="text/plain" /></material></response_label></render_fib></response_str></flow></presentation><answer_key><answer_key_material><flow_mat><material><mattext texttype="text/html">(7 + 4) * 6 = 66&lt;br /&gt;</mattext></material></flow_mat></answer_key_material></answer_key></item><item ident="OBJ_120473" label="QUES_327728_328880" d2l_2p0:page="1"><itemmetadata><qtimetadata><qti_metadatafield><fieldlabel>qmd_computerscored</fieldlabel><fieldentry>yes</fieldentry></qti_metadatafield><qti_metadatafield><fieldlabel>qmd_questiontype</fieldlabel><fieldentry>True/False</fieldentry></qti_metadatafield><qti_metadatafield><fieldlabel>qmd_weighting</fieldlabel><fieldentry>5.000000000</fieldentry></qti_metadatafield><qti_metadatafield><fieldlabel>qmd_globalid</fieldlabel><fieldentry>59dc1a67-e677-48a3-af93-8c19c26055e4</fieldentry></qti_metadatafield><qti_metadatafield><fieldlabel>qmd_displayid</fieldlabel><fieldentry>IDL2021_S1_MASTER_2013_20160524113513-159</fieldentry></qti_metadatafield></qtimetadata></itemmetadata><itemproc_extension><d2l_2p0:difficulty>1</d2l_2p0:difficulty><d2l_2p0:isbonus>no</d2l_2p0:isbonus><d2l_2p0:ismandatory>yes</d2l_2p0:ismandatory></itemproc_extension><presentation><flow><material><mattext texttype="text/html">&lt;p class="p1"&gt;&lt;span class="s1"&gt;Is 7x + 12 a&amp;nbsp; variable expression?&lt;/span&gt;&lt;/p&gt;</mattext></material><response_extension><d2l_2p0:display_style>2</d2l_2p0:display_style><d2l_2p0:enumeration>6</d2l_2p0:enumeration><d2l_2p0:grading_type>0</d2l_2p0:grading_type></response_extension><response_lid ident="QUES_327728_328880_LID" rcardinality="Single"><render_choice shuffle="no"><flow_label class="Block"><response_label ident="QUES_327728_328880_A1188428"><flow_mat><material><mattext texttype="text/plain">True</mattext></material></flow_mat></response_label></flow_label><flow_label class="Block"><response_label ident="QUES_327728_328880_A1188429"><flow_mat><material><mattext texttype="text/plain">False</mattext></material></flow_mat></response_label></flow_label></render_choice></response_lid></flow></presentation><resprocessing><respcondition title="Response Condition 1"><conditionvar><varequal respident="QUES_327728_328880_LID">QUES_327728_328880_A1188428</varequal></conditionvar><setvar action="Set">100.000000000</setvar><displayfeedback feedbacktype="Response" linkrefid="QUES_327728_328880_IF1188428" /></respcondition><respcondition title="Response Condition 2"><conditionvar><varequal respident="QUES_327728_328880_LID">QUES_327728_328880_A1188429</varequal></conditionvar><setvar action="Set">0.000000000</setvar><displayfeedback feedbacktype="Response" linkrefid="QUES_327728_328880_IF1188429" /></respcondition></resprocessing><itemfeedback ident="QUES_327728_328880_IF1188428"><material><mattext texttype="text/html" /></material></itemfeedback><itemfeedback ident="QUES_327728_328880_IF1188429"><material><mattext texttype="text/html" /></material></itemfeedback></item><item ident="OBJ_120474" label="QUES_327729_328881" d2l_2p0:page="1"><itemmetadata><qtimetadata><qti_metadatafield><fieldlabel>qmd_computerscored</fieldlabel><fieldentry>yes</fieldentry></qti_metadatafield><qti_metadatafield><fieldlabel>qmd_questiontype</fieldlabel><fieldentry>True/False</fieldentry></qti_metadatafield><qti_metadatafield><fieldlabel>qmd_weighting</fieldlabel><fieldentry>5.000000000</fieldentry></qti_metadatafield><qti_metadatafield><fieldlabel>qmd_globalid</fieldlabel><fieldentry>88e143c6-4e96-41f6-8fa9-cd215ba68d44</fieldentry></qti_metadatafield><qti_metadatafield><fieldlabel>qmd_displayid</fieldlabel><fieldentry>IDL2021_S1_MASTER_2013_20160524113513-160</fieldentry></qti_metadatafield></qtimetadata></itemmetadata><itemproc_extension><d2l_2p0:difficulty>1</d2l_2p0:difficulty><d2l_2p0:isbonus>no</d2l_2p0:isbonus><d2l_2p0:ismandatory>yes</d2l_2p0:ismandatory></itemproc_extension><presentation><flow><material><mattext texttype="text/html">&lt;p class="p1"&gt;&lt;span class="s1"&gt;Is 5(15) + 21 a variable expression?&lt;/span&gt;&lt;/p&gt;</mattext></material><response_extension><d2l_2p0:display_style>2</d2l_2p0:display_style><d2l_2p0:enumeration>6</d2l_2p0:enumeration><d2l_2p0:grading_type>0</d2l_2p0:grading_type></response_extension><response_lid ident="QUES_327729_328881_LID" rcardinality="Single"><render_choice shuffle="no"><flow_label class="Block"><response_label ident="QUES_327729_328881_A1188430"><flow_mat><material><mattext texttype="text/plain">True</mattext></material></flow_mat></response_label></flow_label><flow_label class="Block"><response_label ident="QUES_327729_328881_A1188431"><flow_mat><material><mattext texttype="text/plain">False</mattext></material></flow_mat></response_label></flow_label></render_choice></response_lid></flow></presentation><resprocessing><respcondition title="Response Condition 1"><conditionvar><varequal respident="QUES_327729_328881_LID">QUES_327729_328881_A1188430</varequal></conditionvar><setvar action="Set">0.000000000</setvar><displayfeedback feedbacktype="Response" linkrefid="QUES_327729_328881_IF1188430" /></respcondition><respcondition title="Response Condition 2"><conditionvar><varequal respident="QUES_327729_328881_LID">QUES_327729_328881_A1188431</varequal></conditionvar><setvar action="Set">100.000000000</setvar><displayfeedback feedbacktype="Response" linkrefid="QUES_327729_328881_IF1188431" /></respcondition></resprocessing><itemfeedback ident="QUES_327729_328881_IF1188430"><material><mattext texttype="text/html" /></material></itemfeedback><itemfeedback ident="QUES_327729_328881_IF1188431"><material><mattext texttype="text/html" /></material></itemfeedback></item><item ident="OBJ_120475" label="QUES_327730_328882" d2l_2p0:page="1"><itemmetadata><qtimetadata><qti_metadatafield><fieldlabel>qmd_computerscored</fieldlabel><fieldentry>yes</fieldentry></qti_metadatafield><qti_metadatafield><fieldlabel>qmd_questiontype</fieldlabel><fieldentry>Short Answer</fieldentry></qti_metadatafield><qti_metadatafield><fieldlabel>qmd_weighting</fieldlabel><fieldentry>5.000000000</fieldentry></qti_metadatafield><qti_metadatafield><fieldlabel>qmd_globalid</fieldlabel><fieldentry>7d38435a-5e20-4b05-ba5c-d570ee5caaba</fieldentry></qti_metadatafield><qti_metadatafield><fieldlabel>qmd_displayid</fieldlabel><fieldentry>IDL2021_S1_MASTER_2013_20160524113513-161</fieldentry></qti_metadatafield></qtimetadata></itemmetadata><itemproc_extension><d2l_2p0:difficulty>1</d2l_2p0:difficulty><d2l_2p0:isbonus>no</d2l_2p0:isbonus><d2l_2p0:ismandatory>yes</d2l_2p0:ismandatory></itemproc_extension><presentation><flow><material><mattext texttype="text/html">&lt;p class="p1"&gt;&lt;span class="s1"&gt;Evaluate 10w - 4, for w = (-2).&lt;/span&gt;&lt;/p&gt;</mattext></material><response_extension><d2l_2p0:grading_type>0</d2l_2p0:grading_type></response_extension><response_str ident="QUES_327730_328882_A1188432_STR" rcardinality="Single"><render_fib rows="3" columns="60" prompt="Box" fibtype="String"><response_label ident="QUES_327730_328882_A1188432_ANS" /></render_fib></response_str></flow></presentation><resprocessing><outcomes><decvar vartype="Integer" minvalue="0" maxvalue="100" varname="Blank_1" /></outcomes><respcondition><conditionvar><varequal respident="QUES_327730_328882_A1188432_ANS" case="no">-24</varequal></conditionvar><setvar action="Set">100.000000000</setvar></respcondition><respcondition><conditionvar><other /></conditionvar><setvar varname="que_score" action="Set">D2L_Correct</setvar></respcondition></resprocessing></item><item ident="OBJ_120476" label="QUES_327731_328883" d2l_2p0:page="1"><itemmetadata><qtimetadata><qti_metadatafield><fieldlabel>qmd_computerscored</fieldlabel><fieldentry>yes</fieldentry></qti_metadatafield><qti_metadatafield><fieldlabel>qmd_questiontype</fieldlabel><fieldentry>Short Answer</fieldentry></qti_metadatafield><qti_metadatafield><fieldlabel>qmd_weighting</fieldlabel><fieldentry>5.000000000</fieldentry></qti_metadatafield><qti_metadatafield><fieldlabel>qmd_globalid</fieldlabel><fieldentry>d1d90e76-66e4-4b0c-9711-6628c209568a</fieldentry></qti_metadatafield><qti_metadatafield><fieldlabel>qmd_displayid</fieldlabel><fieldentry>IDL2021_S1_MASTER_2013_20160524113513-162</fieldentry></qti_metadatafield></qtimetadata></itemmetadata><itemproc_extension><d2l_2p0:difficulty>1</d2l_2p0:difficulty><d2l_2p0:isbonus>no</d2l_2p0:isbonus><d2l_2p0:ismandatory>yes</d2l_2p0:ismandatory></itemproc_extension><presentation><flow><material><mattext texttype="text/html">&lt;p class="p1"&gt;&lt;span class="s1"&gt;Evaluate 25 - 4x, x = 7&lt;/span&gt;&lt;/p&gt;</mattext></material><response_extension><d2l_2p0:grading_type>0</d2l_2p0:grading_type></response_extension><response_str ident="QUES_327731_328883_A1188433_STR" rcardinality="Single"><render_fib rows="3" columns="60" prompt="Box" fibtype="String"><response_label ident="QUES_327731_328883_A1188433_ANS" /></render_fib></response_str></flow></presentation><resprocessing><outcomes><decvar vartype="Integer" minvalue="0" maxvalue="100" varname="Blank_1" /></outcomes><respcondition><conditionvar><varequal respident="QUES_327731_328883_A1188433_ANS" case="no">-3</varequal></conditionvar><setvar action="Set">100.000000000</setvar></respcondition><respcondition><conditionvar><other /></conditionvar><setvar varname="que_score" action="Set">D2L_Correct</setvar></respcondition></resprocessing></item><item ident="OBJ_120477" label="QUES_327732_328884" d2l_2p0:page="1"><itemmetadata><qtimetadata><qti_metadatafield><fieldlabel>qmd_computerscored</fieldlabel><fieldentry>yes</fieldentry></qti_metadatafield><qti_metadatafield><fieldlabel>qmd_questiontype</fieldlabel><fieldentry>Short Answer</fieldentry></qti_metadatafield><qti_metadatafield><fieldlabel>qmd_weighting</fieldlabel><fieldentry>5.000000000</fieldentry></qti_metadatafield><qti_metadatafield><fieldlabel>qmd_globalid</fieldlabel><fieldentry>80b59c26-fefd-4e37-9701-7289e3e8caad</fieldentry></qti_metadatafield><qti_metadatafield><fieldlabel>qmd_displayid</fieldlabel><fieldentry>IDL2021_S1_MASTER_2013_20160524113513-163</fieldentry></qti_metadatafield></qtimetadata></itemmetadata><itemproc_extension><d2l_2p0:difficulty>1</d2l_2p0:difficulty><d2l_2p0:isbonus>no</d2l_2p0:isbonus><d2l_2p0:ismandatory>yes</d2l_2p0:ismandatory></itemproc_extension><presentation><flow><material><mattext texttype="text/html">&lt;p class="p1"&gt;&lt;span class="s1"&gt;valuate 3ab + &lt;/span&gt;&lt;span class="s2"&gt;c/2&lt;/span&gt;&lt;span class="s1"&gt;, for a = 2, b = 5, c = 10&lt;/span&gt;&lt;/p&gt;
&lt;p class="p1"&gt;&lt;span class="s1"&gt;&amp;nbsp; &amp;nbsp; &amp;nbsp; &amp;nbsp; &amp;nbsp; &amp;nbsp; &amp;nbsp; &amp;nbsp; &amp;nbsp; &amp;nbsp; &amp;nbsp; &amp;nbsp; &amp;nbsp; &amp;nbsp; &amp;nbsp; &amp;nbsp; &amp;nbsp; &amp;nbsp; &amp;nbsp;&lt;/span&gt;&lt;/p&gt;
&lt;p class="p2"&gt;&lt;span class="s3"&gt;&lt;/span&gt;&lt;/p&gt;</mattext></material><response_extension><d2l_2p0:grading_type>0</d2l_2p0:grading_type></response_extension><response_str ident="QUES_327732_328884_A1188434_STR" rcardinality="Single"><render_fib rows="3" columns="60" prompt="Box" fibtype="String"><response_label ident="QUES_327732_328884_A1188434_ANS" /></render_fib></response_str></flow></presentation><resprocessing><outcomes><decvar vartype="Integer" minvalue="0" maxvalue="100" varname="Blank_1" /></outcomes><respcondition><conditionvar><varequal respident="QUES_327732_328884_A1188434_ANS" case="no">35</varequal></conditionvar><setvar action="Set">100.000000000</setvar></respcondition><respcondition><conditionvar><other /></conditionvar><setvar varname="que_score" action="Set">D2L_Correct</setvar></respcondition></resprocessing></item><item ident="OBJ_120478" label="QUES_327733_328885" d2l_2p0:page="1"><itemmetadata><qtimetadata><qti_metadatafield><fieldlabel>qmd_computerscored</fieldlabel><fieldentry>yes</fieldentry></qti_metadatafield><qti_metadatafield><fieldlabel>qmd_questiontype</fieldlabel><fieldentry>Short Answer</fieldentry></qti_metadatafield><qti_metadatafield><fieldlabel>qmd_weighting</fieldlabel><fieldentry>5.000000000</fieldentry></qti_metadatafield><qti_metadatafield><fieldlabel>qmd_globalid</fieldlabel><fieldentry>71a4ee32-2866-4ee1-83ca-4f15ccaa9f4b</fieldentry></qti_metadatafield><qti_metadatafield><fieldlabel>qmd_displayid</fieldlabel><fieldentry>IDL2021_S1_MASTER_2013_20160524113513-164</fieldentry></qti_metadatafield></qtimetadata></itemmetadata><itemproc_extension><d2l_2p0:difficulty>1</d2l_2p0:difficulty><d2l_2p0:isbonus>no</d2l_2p0:isbonus><d2l_2p0:ismandatory>yes</d2l_2p0:ismandatory></itemproc_extension><presentation><flow><material><mattext texttype="text/html">&lt;p class="p1"&gt;&lt;span class="s1"&gt;Evaluate 19 - (y - 4), for a = 8&lt;/span&gt;&lt;/p&gt;</mattext></material><response_extension><d2l_2p0:grading_type>0</d2l_2p0:grading_type></response_extension><response_str ident="QUES_327733_328885_A1188435_STR" rcardinality="Single"><render_fib rows="3" columns="60" prompt="Box" fibtype="String"><response_label ident="QUES_327733_328885_A1188435_ANS" /></render_fib></response_str></flow></presentation><resprocessing><outcomes><decvar vartype="Integer" minvalue="0" maxvalue="100" varname="Blank_1" /></outcomes><respcondition><conditionvar><varequal respident="QUES_327733_328885_A1188435_ANS" case="no">15</varequal></conditionvar><setvar action="Set">100.000000000</setvar></respcondition><respcondition><conditionvar><other /></conditionvar><setvar varname="que_score" action="Set">D2L_Correct</setvar></respcondition></resprocessing></item><item ident="OBJ_120479" label="QUES_327734_328886" d2l_2p0:page="1"><itemmetadata><qtimetadata><qti_metadatafield><fieldlabel>qmd_computerscored</fieldlabel><fieldentry>yes</fieldentry></qti_metadatafield><qti_metadatafield><fieldlabel>qmd_questiontype</fieldlabel><fieldentry>Short Answer</fieldentry></qti_metadatafield><qti_metadatafield><fieldlabel>qmd_weighting</fieldlabel><fieldentry>5.000000000</fieldentry></qti_metadatafield><qti_metadatafield><fieldlabel>qmd_globalid</fieldlabel><fieldentry>334f1e09-0e43-44e0-b7b3-407ea7c70082</fieldentry></qti_metadatafield><qti_metadatafield><fieldlabel>qmd_displayid</fieldlabel><fieldentry>IDL2021_S1_MASTER_2013_20160524113513-165</fieldentry></qti_metadatafield></qtimetadata></itemmetadata><itemproc_extension><d2l_2p0:difficulty>1</d2l_2p0:difficulty><d2l_2p0:isbonus>no</d2l_2p0:isbonus><d2l_2p0:ismandatory>yes</d2l_2p0:ismandatory></itemproc_extension><presentation><flow><material><mattext texttype="text/html">&lt;p class="p1"&gt;&lt;span class="s1"&gt;Evaluate abc for a =&amp;nbsp; 3, b = 2, c = -5&lt;/span&gt;&lt;/p&gt;</mattext></material><response_extension><d2l_2p0:grading_type>0</d2l_2p0:grading_type></response_extension><response_str ident="QUES_327734_328886_A1188436_STR" rcardinality="Single"><render_fib rows="3" columns="60" prompt="Box" fibtype="String"><response_label ident="QUES_327734_328886_A1188436_ANS" /></render_fib></response_str></flow></presentation><resprocessing><outcomes><decvar vartype="Integer" minvalue="0" maxvalue="100" varname="Blank_1" /></outcomes><respcondition><conditionvar><varequal respident="QUES_327734_328886_A1188436_ANS" case="no">-30</varequal></conditionvar><setvar action="Set">100.000000000</setvar></respcondition><respcondition><conditionvar><other /></conditionvar><setvar varname="que_score" action="Set">D2L_Correct</setvar></respcondition></resprocessing></item><item ident="OBJ_120480" label="QUES_327735_328887" d2l_2p0:page="1"><itemmetadata><qtimetadata><qti_metadatafield><fieldlabel>qmd_computerscored</fieldlabel><fieldentry>yes</fieldentry></qti_metadatafield><qti_metadatafield><fieldlabel>qmd_questiontype</fieldlabel><fieldentry>Short Answer</fieldentry></qti_metadatafield><qti_metadatafield><fieldlabel>qmd_weighting</fieldlabel><fieldentry>5.000000000</fieldentry></qti_metadatafield><qti_metadatafield><fieldlabel>qmd_globalid</fieldlabel><fieldentry>0d2a298c-5ea9-4c4a-a87f-b53bf1571887</fieldentry></qti_metadatafield><qti_metadatafield><fieldlabel>qmd_displayid</fieldlabel><fieldentry>IDL2021_S1_MASTER_2013_20160524113513-166</fieldentry></qti_metadatafield></qtimetadata></itemmetadata><itemproc_extension><d2l_2p0:difficulty>1</d2l_2p0:difficulty><d2l_2p0:isbonus>no</d2l_2p0:isbonus><d2l_2p0:ismandatory>yes</d2l_2p0:ismandatory></itemproc_extension><presentation><flow><material><mattext texttype="text/html">&lt;p class="p1"&gt;&lt;span class="s1"&gt;Simplify.&amp;nbsp;&amp;nbsp;&amp;nbsp; 14 + 5 * 2&lt;/span&gt;&lt;/p&gt;</mattext></material><response_extension><d2l_2p0:grading_type>0</d2l_2p0:grading_type></response_extension><response_str ident="QUES_327735_328887_A1188437_STR" rcardinality="Single"><render_fib rows="3" columns="60" prompt="Box" fibtype="String"><response_label ident="QUES_327735_328887_A1188437_ANS" /></render_fib></response_str></flow></presentation><resprocessing><outcomes><decvar vartype="Integer" minvalue="0" maxvalue="100" varname="Blank_1" /></outcomes><respcondition><conditionvar><varequal respident="QUES_327735_328887_A1188437_ANS" case="no">24</varequal></conditionvar><setvar action="Set">100.000000000</setvar></respcondition><respcondition><conditionvar><other /></conditionvar><setvar varname="que_score" action="Set">D2L_Correct</setvar></respcondition></resprocessing></item><item ident="OBJ_120481" label="QUES_327736_328888" d2l_2p0:page="1"><itemmetadata><qtimetadata><qti_metadatafield><fieldlabel>qmd_computerscored</fieldlabel><fieldentry>yes</fieldentry></qti_metadatafield><qti_metadatafield><fieldlabel>qmd_questiontype</fieldlabel><fieldentry>Short Answer</fieldentry></qti_metadatafield><qti_metadatafield><fieldlabel>qmd_weighting</fieldlabel><fieldentry>5.000000000</fieldentry></qti_metadatafield><qti_metadatafield><fieldlabel>qmd_globalid</fieldlabel><fieldentry>4745658b-d8f8-4803-9ffc-7e7542a89f7d</fieldentry></qti_metadatafield><qti_metadatafield><fieldlabel>qmd_displayid</fieldlabel><fieldentry>IDL2021_S1_MASTER_2013_20160524113513-167</fieldentry></qti_metadatafield></qtimetadata></itemmetadata><itemproc_extension><d2l_2p0:difficulty>1</d2l_2p0:difficulty><d2l_2p0:isbonus>no</d2l_2p0:isbonus><d2l_2p0:ismandatory>yes</d2l_2p0:ismandatory></itemproc_extension><presentation><flow><material><mattext texttype="text/html">&lt;p class="p1"&gt;&lt;span class="s1"&gt;Simplify.&amp;nbsp;&amp;nbsp; 2 * 2 + 0 * 4&lt;/span&gt;&lt;/p&gt;</mattext></material><response_extension><d2l_2p0:grading_type>0</d2l_2p0:grading_type></response_extension><response_str ident="QUES_327736_328888_A1188438_STR" rcardinality="Single"><render_fib rows="3" columns="60" prompt="Box" fibtype="String"><response_label ident="QUES_327736_328888_A1188438_ANS" /></render_fib></response_str></flow></presentation><resprocessing><outcomes><decvar vartype="Integer" minvalue="0" maxvalue="100" varname="Blank_1" /></outcomes><respcondition><conditionvar><varequal respident="QUES_327736_328888_A1188438_ANS" case="no">4</varequal></conditionvar><setvar action="Set">100.000000000</setvar></respcondition><respcondition><conditionvar><other /></conditionvar><setvar varname="que_score" action="Set">D2L_Correct</setvar></respcondition></resprocessing></item><item ident="OBJ_120482" label="QUES_327737_328889" d2l_2p0:page="1"><itemmetadata><qtimetadata><qti_metadatafield><fieldlabel>qmd_computerscored</fieldlabel><fieldentry>yes</fieldentry></qti_metadatafield><qti_metadatafield><fieldlabel>qmd_questiontype</fieldlabel><fieldentry>Short Answer</fieldentry></qti_metadatafield><qti_metadatafield><fieldlabel>qmd_weighting</fieldlabel><fieldentry>5.000000000</fieldentry></qti_metadatafield><qti_metadatafield><fieldlabel>qmd_globalid</fieldlabel><fieldentry>c284a826-a39f-45d2-affc-f13b4ec8a679</fieldentry></qti_metadatafield><qti_metadatafield><fieldlabel>qmd_displayid</fieldlabel><fieldentry>IDL2021_S1_MASTER_2013_20160524113513-168</fieldentry></qti_metadatafield></qtimetadata></itemmetadata><itemproc_extension><d2l_2p0:difficulty>1</d2l_2p0:difficulty><d2l_2p0:isbonus>no</d2l_2p0:isbonus><d2l_2p0:ismandatory>yes</d2l_2p0:ismandatory></itemproc_extension><presentation><flow><material><mattext texttype="text/html">&lt;p class="p1"&gt;&lt;span class="s1"&gt;Simplify.&amp;nbsp;&amp;nbsp; 2 + 3 * 20&lt;/span&gt;&lt;/p&gt;</mattext></material><response_extension><d2l_2p0:grading_type>0</d2l_2p0:grading_type></response_extension><response_str ident="QUES_327737_328889_A1188439_STR" rcardinality="Single"><render_fib rows="3" columns="60" prompt="Box" fibtype="String"><response_label ident="QUES_327737_328889_A1188439_ANS" /></render_fib></response_str></flow></presentation><resprocessing><outcomes><decvar vartype="Integer" minvalue="0" maxvalue="100" varname="Blank_1" /></outcomes><respcondition><conditionvar><varequal respident="QUES_327737_328889_A1188439_ANS" case="no">63</varequal></conditionvar><setvar action="Set">100.000000000</setvar></respcondition><respcondition><conditionvar><other /></conditionvar><setvar varname="que_score" action="Set">D2L_Correct</setvar></respcondition></resprocessing></item><item ident="OBJ_120483" label="QUES_327738_328890" d2l_2p0:page="1"><itemmetadata><qtimetadata><qti_metadatafield><fieldlabel>qmd_computerscored</fieldlabel><fieldentry>yes</fieldentry></qti_metadatafield><qti_metadatafield><fieldlabel>qmd_questiontype</fieldlabel><fieldentry>Short Answer</fieldentry></qti_metadatafield><qti_metadatafield><fieldlabel>qmd_weighting</fieldlabel><fieldentry>5.000000000</fieldentry></qti_metadatafield><qti_metadatafield><fieldlabel>qmd_globalid</fieldlabel><fieldentry>70c99a0e-816d-4080-83fd-e2c034811be1</fieldentry></qti_metadatafield><qti_metadatafield><fieldlabel>qmd_displayid</fieldlabel><fieldentry>IDL2021_S1_MASTER_2013_20160524113513-169</fieldentry></qti_metadatafield></qtimetadata></itemmetadata><itemproc_extension><d2l_2p0:difficulty>1</d2l_2p0:difficulty><d2l_2p0:isbonus>no</d2l_2p0:isbonus><d2l_2p0:ismandatory>yes</d2l_2p0:ismandatory></itemproc_extension><presentation><flow><material><mattext texttype="text/html">&lt;p class="p1"&gt;&lt;span class="s1"&gt;Simplify.&amp;nbsp;&amp;nbsp; &lt;/span&gt;&lt;span class="s2"&gt;&lt;/span&gt;&lt;span class="s3"&gt;&lt;/span&gt;&lt;math title=""  xmlns="http://www.w3.org/1998/Math/MathML" display="inline"&gt;&lt;semantics&gt;&lt;mstyle&gt;&lt;mfrac&gt;&lt;mrow&gt;&lt;mn&gt;21&lt;/mn&gt;&lt;mo&gt;+&lt;/mo&gt;&lt;mn&gt;15&lt;/mn&gt;&lt;/mrow&gt;&lt;mrow&gt;&lt;mn&gt;3&lt;/mn&gt;&lt;mo&gt;+&lt;/mo&gt;&lt;mn&gt;6&lt;/mn&gt;&lt;/mrow&gt;&lt;/mfrac&gt;&lt;/mstyle&gt;&lt;annotation encoding="wiris"&gt;{"version":"1.1","math":"&amp;lt;math xmlns=&amp;quot;http://www.w3.org/1998/Math/MathML&amp;quot;&amp;gt;&amp;lt;mfrac&amp;gt;&amp;lt;mrow&amp;gt;&amp;lt;mn&amp;gt;21&amp;lt;/mn&amp;gt;&amp;lt;mo&amp;gt;+&amp;lt;/mo&amp;gt;&amp;lt;mn&amp;gt;15&amp;lt;/mn&amp;gt;&amp;lt;/mrow&amp;gt;&amp;lt;mrow&amp;gt;&amp;lt;mn&amp;gt;3&amp;lt;/mn&amp;gt;&amp;lt;mo&amp;gt;+&amp;lt;/mo&amp;gt;&amp;lt;mn&amp;gt;6&amp;lt;/mn&amp;gt;&amp;lt;/mrow&amp;gt;&amp;lt;/mfrac&amp;gt;&amp;lt;/math&amp;gt;"}&lt;/annotation&gt;&lt;/semantics&gt;&lt;/math&gt;&lt;/p&gt;</mattext></material><response_extension><d2l_2p0:grading_type>0</d2l_2p0:grading_type></response_extension><response_str ident="QUES_327738_328890_A1188440_STR" rcardinality="Single"><render_fib rows="3" columns="60" prompt="Box" fibtype="String"><response_label ident="QUES_327738_328890_A1188440_ANS" /></render_fib></response_str></flow></presentation><resprocessing><outcomes><decvar vartype="Integer" minvalue="0" maxvalue="100" varname="Blank_1" /></outcomes><respcondition><conditionvar><varequal respident="QUES_327738_328890_A1188440_ANS" case="no">4</varequal></conditionvar><setvar action="Set">100.000000000</setvar></respcondition><respcondition><conditionvar><other /></conditionvar><setvar varname="que_score" action="Set">D2L_Correct</setvar></respcondition></resprocessing></item><item ident="OBJ_120484" label="QUES_327739_328891" d2l_2p0:page="1"><itemmetadata><qtimetadata><qti_metadatafield><fieldlabel>qmd_computerscored</fieldlabel><fieldentry>yes</fieldentry></qti_metadatafield><qti_metadatafield><fieldlabel>qmd_questiontype</fieldlabel><fieldentry>Short Answer</fieldentry></qti_metadatafield><qti_metadatafield><fieldlabel>qmd_weighting</fieldlabel><fieldentry>5.000000000</fieldentry></qti_metadatafield><qti_metadatafield><fieldlabel>qmd_globalid</fieldlabel><fieldentry>9f9a2d1e-9ce8-48fa-b8e2-1a6849b54e80</fieldentry></qti_metadatafield><qti_metadatafield><fieldlabel>qmd_displayid</fieldlabel><fieldentry>IDL2021_S1_MASTER_2013_20160524113513-170</fieldentry></qti_metadatafield></qtimetadata></itemmetadata><itemproc_extension><d2l_2p0:difficulty>1</d2l_2p0:difficulty><d2l_2p0:isbonus>no</d2l_2p0:isbonus><d2l_2p0:ismandatory>yes</d2l_2p0:ismandatory></itemproc_extension><presentation><flow><material><mattext texttype="text/html">&lt;p class="p1"&gt;&lt;span class="s1"&gt;Simplify.&amp;nbsp;&amp;nbsp; 2( 8 + (5 - 3)) - 8&lt;/span&gt;&lt;/p&gt;</mattext></material><response_extension><d2l_2p0:grading_type>0</d2l_2p0:grading_type></response_extension><response_str ident="QUES_327739_328891_A1188441_STR" rcardinality="Single"><render_fib rows="3" columns="60" prompt="Box" fibtype="String"><response_label ident="QUES_327739_328891_A1188441_ANS" /></render_fib></response_str></flow></presentation><resprocessing><outcomes><decvar vartype="Integer" minvalue="0" maxvalue="100" varname="Blank_1" /></outcomes><respcondition><conditionvar><varequal respident="QUES_327739_328891_A1188441_ANS" case="no">12</varequal></conditionvar><setvar action="Set">100.000000000</setvar></respcondition><respcondition><conditionvar><other /></conditionvar><setvar varname="que_score" action="Set">D2L_Correct</setvar></respcondition></resprocessing></item><item ident="OBJ_120485" label="QUES_327740_328892" d2l_2p0:page="1"><itemmetadata><qtimetadata><qti_metadatafield><fieldlabel>qmd_computerscored</fieldlabel><fieldentry>yes</fieldentry></qti_metadatafield><qti_metadatafield><fieldlabel>qmd_questiontype</fieldlabel><fieldentry>Short Answer</fieldentry></qti_metadatafield><qti_metadatafield><fieldlabel>qmd_weighting</fieldlabel><fieldentry>5.000000000</fieldentry></qti_metadatafield><qti_metadatafield><fieldlabel>qmd_globalid</fieldlabel><fieldentry>8c1d8b22-8479-4d8e-871a-c8615a99568b</fieldentry></qti_metadatafield><qti_metadatafield><fieldlabel>qmd_displayid</fieldlabel><fieldentry>IDL2021_S1_MASTER_2013_20160524113513-171</fieldentry></qti_metadatafield></qtimetadata></itemmetadata><itemproc_extension><d2l_2p0:difficulty>1</d2l_2p0:difficulty><d2l_2p0:isbonus>no</d2l_2p0:isbonus><d2l_2p0:ismandatory>yes</d2l_2p0:ismandatory></itemproc_extension><presentation><flow><material><mattext texttype="text/html">&lt;p class="p1"&gt;&lt;span class="s1"&gt;Simplify.&amp;nbsp;&amp;nbsp;&amp;nbsp; &lt;math title=""  xmlns="http://www.w3.org/1998/Math/MathML" display="inline"&gt;&lt;semantics&gt;&lt;mstyle&gt;&lt;mfrac&gt;&lt;mn&gt;440&lt;/mn&gt;&lt;mrow&gt;&lt;mn&gt;2&lt;/mn&gt;&lt;mo&gt;+&lt;/mo&gt;&lt;mn&gt;18&lt;/mn&gt;&lt;/mrow&gt;&lt;/mfrac&gt;&lt;/mstyle&gt;&lt;annotation encoding="wiris"&gt;{"version":"1.1","math":"&amp;lt;math xmlns=&amp;quot;http://www.w3.org/1998/Math/MathML&amp;quot;&amp;gt;&amp;lt;mfrac&amp;gt;&amp;lt;mn&amp;gt;440&amp;lt;/mn&amp;gt;&amp;lt;mrow&amp;gt;&amp;lt;mn&amp;gt;2&amp;lt;/mn&amp;gt;&amp;lt;mo&amp;gt;+&amp;lt;/mo&amp;gt;&amp;lt;mn&amp;gt;18&amp;lt;/mn&amp;gt;&amp;lt;/mrow&amp;gt;&amp;lt;/mfrac&amp;gt;&amp;lt;/math&amp;gt;"}&lt;/annotation&gt;&lt;/semantics&gt;&lt;/math&gt;&lt;/span&gt;&lt;span class="s2"&gt;&lt;/span&gt;&lt;/p&gt;</mattext></material><response_extension><d2l_2p0:grading_type>0</d2l_2p0:grading_type></response_extension><response_str ident="QUES_327740_328892_A1188442_STR" rcardinality="Single"><render_fib rows="3" columns="60" prompt="Box" fibtype="String"><response_label ident="QUES_327740_328892_A1188442_ANS" /></render_fib></response_str></flow></presentation><resprocessing><outcomes><decvar vartype="Integer" minvalue="0" maxvalue="100" varname="Blank_1" /></outcomes><respcondition><conditionvar><varequal respident="QUES_327740_328892_A1188442_ANS" case="no">22</varequal></conditionvar><setvar action="Set">100.000000000</setvar></respcondition><respcondition><conditionvar><other /></conditionvar><setvar varname="que_score" action="Set">D2L_Correct</setvar></respcondition></resprocessing></item><item ident="OBJ_120486" label="QUES_327741_328893" d2l_2p0:page="1"><itemmetadata><qtimetadata><qti_metadatafield><fieldlabel>qmd_computerscored</fieldlabel><fieldentry>yes</fieldentry></qti_metadatafield><qti_metadatafield><fieldlabel>qmd_questiontype</fieldlabel><fieldentry>Short Answer</fieldentry></qti_metadatafield><qti_metadatafield><fieldlabel>qmd_weighting</fieldlabel><fieldentry>5.000000000</fieldentry></qti_metadatafield><qti_metadatafield><fieldlabel>qmd_globalid</fieldlabel><fieldentry>5dc062ba-686d-428a-9273-f94d949cba2a</fieldentry></qti_metadatafield><qti_metadatafield><fieldlabel>qmd_displayid</fieldlabel><fieldentry>IDL2021_S1_MASTER_2013_20160524113513-172</fieldentry></qti_metadatafield></qtimetadata></itemmetadata><itemproc_extension><d2l_2p0:difficulty>1</d2l_2p0:difficulty><d2l_2p0:isbonus>no</d2l_2p0:isbonus><d2l_2p0:ismandatory>yes</d2l_2p0:ismandatory></itemproc_extension><presentation><flow><material><mattext texttype="text/html">&lt;p class="p1"&gt;&lt;span class="s1"&gt;Simplify.&amp;nbsp; 20/5 + 4 * 2&lt;/span&gt;&lt;/p&gt;</mattext></material><response_extension><d2l_2p0:grading_type>0</d2l_2p0:grading_type></response_extension><response_str ident="QUES_327741_328893_A1188443_STR" rcardinality="Single"><render_fib rows="3" columns="60" prompt="Box" fibtype="String"><response_label ident="QUES_327741_328893_A1188443_ANS" /></render_fib></response_str></flow></presentation><resprocessing><outcomes><decvar vartype="Integer" minvalue="0" maxvalue="100" varname="Blank_1" /></outcomes><respcondition><conditionvar><varequal respident="QUES_327741_328893_A1188443_ANS" case="no">12</varequal></conditionvar><setvar action="Set">100.000000000</setvar></respcondition><respcondition><conditionvar><other /></conditionvar><setvar varname="que_score" action="Set">D2L_Correct</setvar></respcondition></resprocessing></item><item ident="OBJ_120487" label="QUES_327742_328894" d2l_2p0:page="1"><itemmetadata><qtimetadata><qti_metadatafield><fieldlabel>qmd_computerscored</fieldlabel><fieldentry>yes</fieldentry></qti_metadatafield><qti_metadatafield><fieldlabel>qmd_questiontype</fieldlabel><fieldentry>Short Answer</fieldentry></qti_metadatafield><qti_metadatafield><fieldlabel>qmd_weighting</fieldlabel><fieldentry>5.000000000</fieldentry></qti_metadatafield><qti_metadatafield><fieldlabel>qmd_globalid</fieldlabel><fieldentry>998d8177-26ad-4e31-9df9-ae04ea2e6662</fieldentry></qti_metadatafield><qti_metadatafield><fieldlabel>qmd_displayid</fieldlabel><fieldentry>IDL2021_S1_MASTER_2013_20160524113513-173</fieldentry></qti_metadatafield></qtimetadata></itemmetadata><itemproc_extension><d2l_2p0:difficulty>1</d2l_2p0:difficulty><d2l_2p0:isbonus>no</d2l_2p0:isbonus><d2l_2p0:ismandatory>yes</d2l_2p0:ismandatory></itemproc_extension><presentation><flow><material><mattext texttype="text/html">&lt;p class="p1"&gt;&lt;span class="s1"&gt;Evaluate.&amp;nbsp;&amp;nbsp;&amp;nbsp; 3(x + 4) -12;&amp;nbsp; x = -7&lt;/span&gt;&lt;/p&gt;</mattext></material><response_extension><d2l_2p0:grading_type>0</d2l_2p0:grading_type></response_extension><response_str ident="QUES_327742_328894_A1188444_STR" rcardinality="Single"><render_fib rows="3" columns="60" prompt="Box" fibtype="String"><response_label ident="QUES_327742_328894_A1188444_ANS" /></render_fib></response_str></flow></presentation><resprocessing><outcomes><decvar vartype="Integer" minvalue="0" maxvalue="100" varname="Blank_1" /></outcomes><respcondition><conditionvar><varequal respident="QUES_327742_328894_A1188444_ANS" case="no">-3</varequal></conditionvar><setvar action="Set">100.000000000</setvar></respcondition><respcondition><conditionvar><other /></conditionvar><setvar varname="que_score" action="Set">D2L_Correct</setvar></respcondition></resprocessing></item><item ident="OBJ_120488" label="QUES_327743_328895" d2l_2p0:page="1"><itemmetadata><qtimetadata><qti_metadatafield><fieldlabel>qmd_computerscored</fieldlabel><fieldentry>yes</fieldentry></qti_metadatafield><qti_metadatafield><fieldlabel>qmd_questiontype</fieldlabel><fieldentry>Short Answer</fieldentry></qti_metadatafield><qti_metadatafield><fieldlabel>qmd_weighting</fieldlabel><fieldentry>5.000000000</fieldentry></qti_metadatafield><qti_metadatafield><fieldlabel>qmd_globalid</fieldlabel><fieldentry>d95f85ad-9932-4e32-a2e6-ff85b8afe380</fieldentry></qti_metadatafield><qti_metadatafield><fieldlabel>qmd_displayid</fieldlabel><fieldentry>IDL2021_S1_MASTER_2013_20160524113513-174</fieldentry></qti_metadatafield></qtimetadata></itemmetadata><itemproc_extension><d2l_2p0:difficulty>1</d2l_2p0:difficulty><d2l_2p0:isbonus>no</d2l_2p0:isbonus><d2l_2p0:ismandatory>yes</d2l_2p0:ismandatory></itemproc_extension><presentation><flow><material><mattext texttype="text/html">&lt;p class="p1"&gt;&lt;span class="s1"&gt;Evaluate.&amp;nbsp; 6w - (5 + y); w = 8, y = 4&lt;/span&gt;&lt;/p&gt;</mattext></material><response_extension><d2l_2p0:grading_type>0</d2l_2p0:grading_type></response_extension><response_str ident="QUES_327743_328895_A1188445_STR" rcardinality="Single"><render_fib rows="3" columns="60" prompt="Box" fibtype="String"><response_label ident="QUES_327743_328895_A1188445_ANS" /></render_fib></response_str></flow></presentation><resprocessing><outcomes><decvar vartype="Integer" minvalue="0" maxvalue="100" varname="Blank_1" /></outcomes><respcondition><conditionvar><varequal respident="QUES_327743_328895_A1188445_ANS" case="no">39</varequal></conditionvar><setvar action="Set">100.000000000</setvar></respcondition><respcondition><conditionvar><other /></conditionvar><setvar varname="que_score" action="Set">D2L_Correct</setvar></respcondition></resprocessing></item></section></assessment></questestinterop>