﻿<?xml version="1.0" encoding="UTF-8"?><questestinterop xmlns:d2l_2p0="http://desire2learn.com/xsd/d2lcp_v2p0"><assessment d2l_2p0:id="248" title="1.4.a  Adding Integers Quiz" ident="res_quiz_824" d2l_2p0:resource_code="a5922508-caaf-49d0-9165-4384b508edef"><rubric><flow_mat><material><mattext d2l_2p0:isdisplayed="yes" texttype="text/html" /></material></flow_mat></rubric><assessmentcontrol hintswitch="yes" solutionswitch="yes" feedbackswitch="no" /><presentation_material><flow_mat><material label="page header"><mattext d2l_2p0:isdisplayed="yes" texttype="text/html" /></material><material label="page footer"><mattext d2l_2p0:isdisplayed="yes" texttype="text/html" /></material></flow_mat></presentation_material><assess_procextension><d2l_2p0:intro_message d2l_2p0:isdisplayed="yes" texttype="text/html">&lt;p&gt;Have a pencil, paper, and calculator ready. There are 8 questions; worth two (2) points each and one written response question worth 4 points. Make sure and look at the Math written response rubric. This assignment may only be done once and must be completed once you have started it.&lt;/p&gt;</d2l_2p0:intro_message><grade_item d2l_2p0:is_autoexport="yes" resource_code="6f6bcdff-05c6-43cc-9a93-1df0a6d83d76">2401</grade_item><d2l_2p0:disable_right_click>yes</d2l_2p0:disable_right_click><d2l_2p0:disable_pager_access>yes</d2l_2p0:disable_pager_access><is_active>yes</is_active><d2l_2p0:date_start /><d2l_2p0:date_end /><d2l_2p0:has_schedule_event>no</d2l_2p0:has_schedule_event><d2l_2p0:is_attempt_Rldb>no</d2l_2p0:is_attempt_Rldb><d2l_2p0:is_subview_Rldb>no</d2l_2p0:is_subview_Rldb><d2l_2p0:time_limit>120</d2l_2p0:time_limit><d2l_2p0:show_clock>yes</d2l_2p0:show_clock><d2l_2p0:enforce_time_limit>yes</d2l_2p0:enforce_time_limit><d2l_2p0:grace_period>5</d2l_2p0:grace_period><d2l_2p0:late_limit>1</d2l_2p0:late_limit><d2l_2p0:attempts_allowed>1</d2l_2p0:attempts_allowed><d2l_2p0:attempt_restrictions /><d2l_2p0:mark_calculation_type>1</d2l_2p0:mark_calculation_type><d2l_2p0:is_forward_only>no</d2l_2p0:is_forward_only></assess_procextension><section ident="CONTAINER_SECTION"><item ident="OBJ_12530" label="QUES_12416_12430" d2l_2p0:page="1"><itemmetadata><qtimetadata><qti_metadatafield><fieldlabel>qmd_computerscored</fieldlabel><fieldentry>yes</fieldentry></qti_metadatafield><qti_metadatafield><fieldlabel>qmd_questiontype</fieldlabel><fieldentry>Multiple Choice</fieldentry></qti_metadatafield><qti_metadatafield><fieldlabel>qmd_weighting</fieldlabel><fieldentry>2.000000000</fieldentry></qti_metadatafield><qti_metadatafield><fieldlabel>qmd_globalid</fieldlabel><fieldentry>58806613-3103-4511-9ca8-1c20a4ae8016</fieldentry></qti_metadatafield><qti_metadatafield><fieldlabel>qmd_displayid</fieldlabel><fieldentry>IDL2021_S1_MASTER_2013_20160524113513-89</fieldentry></qti_metadatafield></qtimetadata></itemmetadata><itemproc_extension><d2l_2p0:difficulty>0</d2l_2p0:difficulty><d2l_2p0:isbonus>no</d2l_2p0:isbonus><d2l_2p0:ismandatory>yes</d2l_2p0:ismandatory></itemproc_extension><presentation><flow><material><mattext texttype="text/html">-3 + -14</mattext></material><response_extension><d2l_2p0:display_style>2</d2l_2p0:display_style><d2l_2p0:enumeration>0</d2l_2p0:enumeration><d2l_2p0:grading_type>0</d2l_2p0:grading_type></response_extension><response_lid ident="QUES_12416_12430_LID" rcardinality="Single"><render_choice shuffle="no"><flow_label class="Block"><response_label ident="QUES_12416_12430_A42791"><flow_mat><material><mattext texttype="text/html">11</mattext></material></flow_mat></response_label></flow_label><flow_label class="Block"><response_label ident="QUES_12416_12430_A42792"><flow_mat><material><mattext texttype="text/html">-17</mattext></material></flow_mat></response_label></flow_label><flow_label class="Block"><response_label ident="QUES_12416_12430_A42793"><flow_mat><material><mattext texttype="text/html">-11</mattext></material></flow_mat></response_label></flow_label><flow_label class="Block"><response_label ident="QUES_12416_12430_A42794"><flow_mat><material><mattext texttype="text/html">17</mattext></material></flow_mat></response_label></flow_label></render_choice></response_lid></flow></presentation><resprocessing><respcondition title="Response Condition 1"><conditionvar><varequal respident="QUES_12416_12430_LID">QUES_12416_12430_A42791</varequal></conditionvar><setvar action="Set">0.000000000</setvar><displayfeedback feedbacktype="Response" linkrefid="QUES_12416_12430_IF42791" /></respcondition><respcondition title="Response Condition 2"><conditionvar><varequal respident="QUES_12416_12430_LID">QUES_12416_12430_A42792</varequal></conditionvar><setvar action="Set">100.000000000</setvar><displayfeedback feedbacktype="Response" linkrefid="QUES_12416_12430_IF42792" /></respcondition><respcondition title="Response Condition 3"><conditionvar><varequal respident="QUES_12416_12430_LID">QUES_12416_12430_A42793</varequal></conditionvar><setvar action="Set">0.000000000</setvar><displayfeedback feedbacktype="Response" linkrefid="QUES_12416_12430_IF42793" /></respcondition><respcondition title="Response Condition 4"><conditionvar><varequal respident="QUES_12416_12430_LID">QUES_12416_12430_A42794</varequal></conditionvar><setvar action="Set">0.000000000</setvar><displayfeedback feedbacktype="Response" linkrefid="QUES_12416_12430_IF42794" /></respcondition></resprocessing><itemfeedback ident="QUES_12416_12430_IF42791"><material><mattext texttype="text/plain" /></material></itemfeedback><itemfeedback ident="QUES_12416_12430_IF42792"><material><mattext texttype="text/plain" /></material></itemfeedback><itemfeedback ident="QUES_12416_12430_IF42793"><material><mattext texttype="text/plain" /></material></itemfeedback><itemfeedback ident="QUES_12416_12430_IF42794"><material><mattext texttype="text/plain" /></material></itemfeedback></item><item ident="OBJ_12531" label="QUES_12417_12431" d2l_2p0:page="1"><itemmetadata><qtimetadata><qti_metadatafield><fieldlabel>qmd_computerscored</fieldlabel><fieldentry>yes</fieldentry></qti_metadatafield><qti_metadatafield><fieldlabel>qmd_questiontype</fieldlabel><fieldentry>Multiple Choice</fieldentry></qti_metadatafield><qti_metadatafield><fieldlabel>qmd_weighting</fieldlabel><fieldentry>2.000000000</fieldentry></qti_metadatafield><qti_metadatafield><fieldlabel>qmd_globalid</fieldlabel><fieldentry>32ec1f4b-4b5d-4af8-8a3f-6ecbc018cd67</fieldentry></qti_metadatafield><qti_metadatafield><fieldlabel>qmd_displayid</fieldlabel><fieldentry>IDL2021_S1_MASTER_2013_20160524113513-90</fieldentry></qti_metadatafield></qtimetadata></itemmetadata><itemproc_extension><d2l_2p0:difficulty>0</d2l_2p0:difficulty><d2l_2p0:isbonus>no</d2l_2p0:isbonus><d2l_2p0:ismandatory>yes</d2l_2p0:ismandatory></itemproc_extension><presentation><flow><material><mattext texttype="text/html">-18 + 4&lt;br /&gt;</mattext></material><response_extension><d2l_2p0:display_style>2</d2l_2p0:display_style><d2l_2p0:enumeration>0</d2l_2p0:enumeration><d2l_2p0:grading_type>0</d2l_2p0:grading_type></response_extension><response_lid ident="QUES_12417_12431_LID" rcardinality="Single"><render_choice shuffle="no"><flow_label class="Block"><response_label ident="QUES_12417_12431_A42795"><flow_mat><material><mattext texttype="text/html">-22</mattext></material></flow_mat></response_label></flow_label><flow_label class="Block"><response_label ident="QUES_12417_12431_A42796"><flow_mat><material><mattext texttype="text/html">14</mattext></material></flow_mat></response_label></flow_label><flow_label class="Block"><response_label ident="QUES_12417_12431_A42797"><flow_mat><material><mattext texttype="text/html">-14</mattext></material></flow_mat></response_label></flow_label><flow_label class="Block"><response_label ident="QUES_12417_12431_A42798"><flow_mat><material><mattext texttype="text/html">12</mattext></material></flow_mat></response_label></flow_label></render_choice></response_lid></flow></presentation><resprocessing><respcondition title="Response Condition 1"><conditionvar><varequal respident="QUES_12417_12431_LID">QUES_12417_12431_A42795</varequal></conditionvar><setvar action="Set">0.000000000</setvar><displayfeedback feedbacktype="Response" linkrefid="QUES_12417_12431_IF42795" /></respcondition><respcondition title="Response Condition 2"><conditionvar><varequal respident="QUES_12417_12431_LID">QUES_12417_12431_A42796</varequal></conditionvar><setvar action="Set">0.000000000</setvar><displayfeedback feedbacktype="Response" linkrefid="QUES_12417_12431_IF42796" /></respcondition><respcondition title="Response Condition 3"><conditionvar><varequal respident="QUES_12417_12431_LID">QUES_12417_12431_A42797</varequal></conditionvar><setvar action="Set">100.000000000</setvar><displayfeedback feedbacktype="Response" linkrefid="QUES_12417_12431_IF42797" /></respcondition><respcondition title="Response Condition 4"><conditionvar><varequal respident="QUES_12417_12431_LID">QUES_12417_12431_A42798</varequal></conditionvar><setvar action="Set">0.000000000</setvar><displayfeedback feedbacktype="Response" linkrefid="QUES_12417_12431_IF42798" /></respcondition></resprocessing><itemfeedback ident="QUES_12417_12431_IF42795"><material><mattext texttype="text/plain" /></material></itemfeedback><itemfeedback ident="QUES_12417_12431_IF42796"><material><mattext texttype="text/plain" /></material></itemfeedback><itemfeedback ident="QUES_12417_12431_IF42797"><material><mattext texttype="text/plain" /></material></itemfeedback><itemfeedback ident="QUES_12417_12431_IF42798"><material><mattext texttype="text/plain" /></material></itemfeedback></item><item ident="OBJ_12532" label="QUES_12418_12432" d2l_2p0:page="1"><itemmetadata><qtimetadata><qti_metadatafield><fieldlabel>qmd_computerscored</fieldlabel><fieldentry>yes</fieldentry></qti_metadatafield><qti_metadatafield><fieldlabel>qmd_questiontype</fieldlabel><fieldentry>Multiple Choice</fieldentry></qti_metadatafield><qti_metadatafield><fieldlabel>qmd_weighting</fieldlabel><fieldentry>2.000000000</fieldentry></qti_metadatafield><qti_metadatafield><fieldlabel>qmd_globalid</fieldlabel><fieldentry>b19dd1c7-34fe-495b-9da2-0fd63ec95710</fieldentry></qti_metadatafield><qti_metadatafield><fieldlabel>qmd_displayid</fieldlabel><fieldentry>IDL2021_S1_MASTER_2013_20160524113513-91</fieldentry></qti_metadatafield></qtimetadata></itemmetadata><itemproc_extension><d2l_2p0:difficulty>0</d2l_2p0:difficulty><d2l_2p0:isbonus>no</d2l_2p0:isbonus><d2l_2p0:ismandatory>yes</d2l_2p0:ismandatory></itemproc_extension><presentation><flow><material><mattext texttype="text/html">(-40) + (-22)&lt;br /&gt;</mattext></material><response_extension><d2l_2p0:display_style>2</d2l_2p0:display_style><d2l_2p0:enumeration>0</d2l_2p0:enumeration><d2l_2p0:grading_type>0</d2l_2p0:grading_type></response_extension><response_lid ident="QUES_12418_12432_LID" rcardinality="Single"><render_choice shuffle="no"><flow_label class="Block"><response_label ident="QUES_12418_12432_A42799"><flow_mat><material><mattext texttype="text/html">28</mattext></material></flow_mat></response_label></flow_label><flow_label class="Block"><response_label ident="QUES_12418_12432_A42800"><flow_mat><material><mattext texttype="text/html">24</mattext></material></flow_mat></response_label></flow_label><flow_label class="Block"><response_label ident="QUES_12418_12432_A42801"><flow_mat><material><mattext texttype="text/html">60</mattext></material></flow_mat></response_label></flow_label><flow_label class="Block"><response_label ident="QUES_12418_12432_A42802"><flow_mat><material><mattext texttype="text/html">-62</mattext></material></flow_mat></response_label></flow_label></render_choice></response_lid></flow></presentation><resprocessing><respcondition title="Response Condition 1"><conditionvar><varequal respident="QUES_12418_12432_LID">QUES_12418_12432_A42799</varequal></conditionvar><setvar action="Set">0.000000000</setvar><displayfeedback feedbacktype="Response" linkrefid="QUES_12418_12432_IF42799" /></respcondition><respcondition title="Response Condition 2"><conditionvar><varequal respident="QUES_12418_12432_LID">QUES_12418_12432_A42800</varequal></conditionvar><setvar action="Set">0.000000000</setvar><displayfeedback feedbacktype="Response" linkrefid="QUES_12418_12432_IF42800" /></respcondition><respcondition title="Response Condition 3"><conditionvar><varequal respident="QUES_12418_12432_LID">QUES_12418_12432_A42801</varequal></conditionvar><setvar action="Set">0.000000000</setvar><displayfeedback feedbacktype="Response" linkrefid="QUES_12418_12432_IF42801" /></respcondition><respcondition title="Response Condition 4"><conditionvar><varequal respident="QUES_12418_12432_LID">QUES_12418_12432_A42802</varequal></conditionvar><setvar action="Set">100.000000000</setvar><displayfeedback feedbacktype="Response" linkrefid="QUES_12418_12432_IF42802" /></respcondition></resprocessing><itemfeedback ident="QUES_12418_12432_IF42799"><material><mattext texttype="text/plain" /></material></itemfeedback><itemfeedback ident="QUES_12418_12432_IF42800"><material><mattext texttype="text/plain" /></material></itemfeedback><itemfeedback ident="QUES_12418_12432_IF42801"><material><mattext texttype="text/plain" /></material></itemfeedback><itemfeedback ident="QUES_12418_12432_IF42802"><material><mattext texttype="text/plain" /></material></itemfeedback></item><item ident="OBJ_12533" label="QUES_12419_12433" d2l_2p0:page="1"><itemmetadata><qtimetadata><qti_metadatafield><fieldlabel>qmd_computerscored</fieldlabel><fieldentry>yes</fieldentry></qti_metadatafield><qti_metadatafield><fieldlabel>qmd_questiontype</fieldlabel><fieldentry>Multiple Choice</fieldentry></qti_metadatafield><qti_metadatafield><fieldlabel>qmd_weighting</fieldlabel><fieldentry>2.000000000</fieldentry></qti_metadatafield><qti_metadatafield><fieldlabel>qmd_globalid</fieldlabel><fieldentry>e7da70d5-e3c3-4aba-ab5a-be1efdd82d85</fieldentry></qti_metadatafield><qti_metadatafield><fieldlabel>qmd_displayid</fieldlabel><fieldentry>IDL2021_S1_MASTER_2013_20160524113513-92</fieldentry></qti_metadatafield></qtimetadata></itemmetadata><itemproc_extension><d2l_2p0:difficulty>0</d2l_2p0:difficulty><d2l_2p0:isbonus>no</d2l_2p0:isbonus><d2l_2p0:ismandatory>yes</d2l_2p0:ismandatory></itemproc_extension><presentation><flow><material><mattext texttype="text/html">-3 + 2 + (-5)&lt;br /&gt;</mattext></material><response_extension><d2l_2p0:display_style>2</d2l_2p0:display_style><d2l_2p0:enumeration>0</d2l_2p0:enumeration><d2l_2p0:grading_type>0</d2l_2p0:grading_type></response_extension><response_lid ident="QUES_12419_12433_LID" rcardinality="Single"><render_choice shuffle="no"><flow_label class="Block"><response_label ident="QUES_12419_12433_A42803"><flow_mat><material><mattext texttype="text/html">-6</mattext></material></flow_mat></response_label></flow_label><flow_label class="Block"><response_label ident="QUES_12419_12433_A42804"><flow_mat><material><mattext texttype="text/html">-10</mattext></material></flow_mat></response_label></flow_label><flow_label class="Block"><response_label ident="QUES_12419_12433_A42805"><flow_mat><material><mattext texttype="text/html">12</mattext></material></flow_mat></response_label></flow_label><flow_label class="Block"><response_label ident="QUES_12419_12433_A42806"><flow_mat><material><mattext texttype="text/html">2</mattext></material></flow_mat></response_label></flow_label></render_choice></response_lid></flow></presentation><resprocessing><respcondition title="Response Condition 1"><conditionvar><varequal respident="QUES_12419_12433_LID">QUES_12419_12433_A42803</varequal></conditionvar><setvar action="Set">100.000000000</setvar><displayfeedback feedbacktype="Response" linkrefid="QUES_12419_12433_IF42803" /></respcondition><respcondition title="Response Condition 2"><conditionvar><varequal respident="QUES_12419_12433_LID">QUES_12419_12433_A42804</varequal></conditionvar><setvar action="Set">0.000000000</setvar><displayfeedback feedbacktype="Response" linkrefid="QUES_12419_12433_IF42804" /></respcondition><respcondition title="Response Condition 3"><conditionvar><varequal respident="QUES_12419_12433_LID">QUES_12419_12433_A42805</varequal></conditionvar><setvar action="Set">0.000000000</setvar><displayfeedback feedbacktype="Response" linkrefid="QUES_12419_12433_IF42805" /></respcondition><respcondition title="Response Condition 4"><conditionvar><varequal respident="QUES_12419_12433_LID">QUES_12419_12433_A42806</varequal></conditionvar><setvar action="Set">0.000000000</setvar><displayfeedback feedbacktype="Response" linkrefid="QUES_12419_12433_IF42806" /></respcondition></resprocessing><itemfeedback ident="QUES_12419_12433_IF42803"><material><mattext texttype="text/plain" /></material></itemfeedback><itemfeedback ident="QUES_12419_12433_IF42804"><material><mattext texttype="text/plain" /></material></itemfeedback><itemfeedback ident="QUES_12419_12433_IF42805"><material><mattext texttype="text/plain" /></material></itemfeedback><itemfeedback ident="QUES_12419_12433_IF42806"><material><mattext texttype="text/plain" /></material></itemfeedback></item><item ident="OBJ_12534" label="QUES_12420_12434" d2l_2p0:page="1"><itemmetadata><qtimetadata><qti_metadatafield><fieldlabel>qmd_computerscored</fieldlabel><fieldentry>yes</fieldentry></qti_metadatafield><qti_metadatafield><fieldlabel>qmd_questiontype</fieldlabel><fieldentry>Multiple Choice</fieldentry></qti_metadatafield><qti_metadatafield><fieldlabel>qmd_weighting</fieldlabel><fieldentry>2.000000000</fieldentry></qti_metadatafield><qti_metadatafield><fieldlabel>qmd_globalid</fieldlabel><fieldentry>ccb1ffa6-7b8c-4949-957e-dd87f5d50c2c</fieldentry></qti_metadatafield><qti_metadatafield><fieldlabel>qmd_displayid</fieldlabel><fieldentry>IDL2021_S1_MASTER_2013_20160524113513-93</fieldentry></qti_metadatafield></qtimetadata></itemmetadata><itemproc_extension><d2l_2p0:difficulty>0</d2l_2p0:difficulty><d2l_2p0:isbonus>no</d2l_2p0:isbonus><d2l_2p0:ismandatory>yes</d2l_2p0:ismandatory></itemproc_extension><presentation><flow><material><mattext texttype="text/html">30 + (-25) + (-15)&lt;br /&gt;</mattext></material><response_extension><d2l_2p0:display_style>2</d2l_2p0:display_style><d2l_2p0:enumeration>0</d2l_2p0:enumeration><d2l_2p0:grading_type>0</d2l_2p0:grading_type></response_extension><response_lid ident="QUES_12420_12434_LID" rcardinality="Single"><render_choice shuffle="no"><flow_label class="Block"><response_label ident="QUES_12420_12434_A42807"><flow_mat><material><mattext texttype="text/html">10</mattext></material></flow_mat></response_label></flow_label><flow_label class="Block"><response_label ident="QUES_12420_12434_A42808"><flow_mat><material><mattext texttype="text/html">70</mattext></material></flow_mat></response_label></flow_label><flow_label class="Block"><response_label ident="QUES_12420_12434_A42809"><flow_mat><material><mattext texttype="text/html">-10</mattext></material></flow_mat></response_label></flow_label><flow_label class="Block"><response_label ident="QUES_12420_12434_A42810"><flow_mat><material><mattext texttype="text/html">-20</mattext></material></flow_mat></response_label></flow_label></render_choice></response_lid></flow></presentation><resprocessing><respcondition title="Response Condition 1"><conditionvar><varequal respident="QUES_12420_12434_LID">QUES_12420_12434_A42807</varequal></conditionvar><setvar action="Set">0.000000000</setvar><displayfeedback feedbacktype="Response" linkrefid="QUES_12420_12434_IF42807" /></respcondition><respcondition title="Response Condition 2"><conditionvar><varequal respident="QUES_12420_12434_LID">QUES_12420_12434_A42808</varequal></conditionvar><setvar action="Set">0.000000000</setvar><displayfeedback feedbacktype="Response" linkrefid="QUES_12420_12434_IF42808" /></respcondition><respcondition title="Response Condition 3"><conditionvar><varequal respident="QUES_12420_12434_LID">QUES_12420_12434_A42809</varequal></conditionvar><setvar action="Set">100.000000000</setvar><displayfeedback feedbacktype="Response" linkrefid="QUES_12420_12434_IF42809" /></respcondition><respcondition title="Response Condition 4"><conditionvar><varequal respident="QUES_12420_12434_LID">QUES_12420_12434_A42810</varequal></conditionvar><setvar action="Set">0.000000000</setvar><displayfeedback feedbacktype="Response" linkrefid="QUES_12420_12434_IF42810" /></respcondition></resprocessing><itemfeedback ident="QUES_12420_12434_IF42807"><material><mattext texttype="text/plain" /></material></itemfeedback><itemfeedback ident="QUES_12420_12434_IF42808"><material><mattext texttype="text/plain" /></material></itemfeedback><itemfeedback ident="QUES_12420_12434_IF42809"><material><mattext texttype="text/plain" /></material></itemfeedback><itemfeedback ident="QUES_12420_12434_IF42810"><material><mattext texttype="text/plain" /></material></itemfeedback></item><item ident="OBJ_12535" label="QUES_12421_12435" d2l_2p0:page="1"><itemmetadata><qtimetadata><qti_metadatafield><fieldlabel>qmd_computerscored</fieldlabel><fieldentry>yes</fieldentry></qti_metadatafield><qti_metadatafield><fieldlabel>qmd_questiontype</fieldlabel><fieldentry>Multiple Choice</fieldentry></qti_metadatafield><qti_metadatafield><fieldlabel>qmd_weighting</fieldlabel><fieldentry>2.000000000</fieldentry></qti_metadatafield><qti_metadatafield><fieldlabel>qmd_globalid</fieldlabel><fieldentry>d657075b-8e69-4c96-9bb6-0447100ec04d</fieldentry></qti_metadatafield><qti_metadatafield><fieldlabel>qmd_displayid</fieldlabel><fieldentry>IDL2021_S1_MASTER_2013_20160524113513-94</fieldentry></qti_metadatafield></qtimetadata></itemmetadata><itemproc_extension><d2l_2p0:difficulty>0</d2l_2p0:difficulty><d2l_2p0:isbonus>no</d2l_2p0:isbonus><d2l_2p0:ismandatory>yes</d2l_2p0:ismandatory></itemproc_extension><presentation><flow><material><mattext texttype="text/html">-23 + 23&lt;br /&gt;</mattext></material><response_extension><d2l_2p0:display_style>2</d2l_2p0:display_style><d2l_2p0:enumeration>0</d2l_2p0:enumeration><d2l_2p0:grading_type>0</d2l_2p0:grading_type></response_extension><response_lid ident="QUES_12421_12435_LID" rcardinality="Single"><render_choice shuffle="no"><flow_label class="Block"><response_label ident="QUES_12421_12435_A42811"><flow_mat><material><mattext texttype="text/html">-46</mattext></material></flow_mat></response_label></flow_label><flow_label class="Block"><response_label ident="QUES_12421_12435_A42812"><flow_mat><material><mattext texttype="text/html">0</mattext></material></flow_mat></response_label></flow_label><flow_label class="Block"><response_label ident="QUES_12421_12435_A42813"><flow_mat><material><mattext texttype="text/html">56</mattext></material></flow_mat></response_label></flow_label><flow_label class="Block"><response_label ident="QUES_12421_12435_A42814"><flow_mat><material><mattext texttype="text/html">-56</mattext></material></flow_mat></response_label></flow_label></render_choice></response_lid></flow></presentation><resprocessing><respcondition title="Response Condition 1"><conditionvar><varequal respident="QUES_12421_12435_LID">QUES_12421_12435_A42811</varequal></conditionvar><setvar action="Set">0.000000000</setvar><displayfeedback feedbacktype="Response" linkrefid="QUES_12421_12435_IF42811" /></respcondition><respcondition title="Response Condition 2"><conditionvar><varequal respident="QUES_12421_12435_LID">QUES_12421_12435_A42812</varequal></conditionvar><setvar action="Set">100.000000000</setvar><displayfeedback feedbacktype="Response" linkrefid="QUES_12421_12435_IF42812" /></respcondition><respcondition title="Response Condition 3"><conditionvar><varequal respident="QUES_12421_12435_LID">QUES_12421_12435_A42813</varequal></conditionvar><setvar action="Set">0.000000000</setvar><displayfeedback feedbacktype="Response" linkrefid="QUES_12421_12435_IF42813" /></respcondition><respcondition title="Response Condition 4"><conditionvar><varequal respident="QUES_12421_12435_LID">QUES_12421_12435_A42814</varequal></conditionvar><setvar action="Set">0.000000000</setvar><displayfeedback feedbacktype="Response" linkrefid="QUES_12421_12435_IF42814" /></respcondition></resprocessing><itemfeedback ident="QUES_12421_12435_IF42811"><material><mattext texttype="text/plain" /></material></itemfeedback><itemfeedback ident="QUES_12421_12435_IF42812"><material><mattext texttype="text/plain" /></material></itemfeedback><itemfeedback ident="QUES_12421_12435_IF42813"><material><mattext texttype="text/plain" /></material></itemfeedback><itemfeedback ident="QUES_12421_12435_IF42814"><material><mattext texttype="text/plain" /></material></itemfeedback></item><item ident="OBJ_12536" label="QUES_12422_12436" d2l_2p0:page="1"><itemmetadata><qtimetadata><qti_metadatafield><fieldlabel>qmd_computerscored</fieldlabel><fieldentry>yes</fieldentry></qti_metadatafield><qti_metadatafield><fieldlabel>qmd_questiontype</fieldlabel><fieldentry>Multiple Choice</fieldentry></qti_metadatafield><qti_metadatafield><fieldlabel>qmd_weighting</fieldlabel><fieldentry>2.000000000</fieldentry></qti_metadatafield><qti_metadatafield><fieldlabel>qmd_globalid</fieldlabel><fieldentry>a6d2dcb1-59e1-4f7f-b10b-de2cb73eb497</fieldentry></qti_metadatafield><qti_metadatafield><fieldlabel>qmd_displayid</fieldlabel><fieldentry>IDL2021_S1_MASTER_2013_20160524113513-95</fieldentry></qti_metadatafield></qtimetadata></itemmetadata><itemproc_extension><d2l_2p0:difficulty>0</d2l_2p0:difficulty><d2l_2p0:isbonus>no</d2l_2p0:isbonus><d2l_2p0:ismandatory>yes</d2l_2p0:ismandatory></itemproc_extension><presentation><flow><material><mattext texttype="text/html">450 + (-350)&lt;br /&gt;</mattext></material><response_extension><d2l_2p0:display_style>2</d2l_2p0:display_style><d2l_2p0:enumeration>0</d2l_2p0:enumeration><d2l_2p0:grading_type>0</d2l_2p0:grading_type></response_extension><response_lid ident="QUES_12422_12436_LID" rcardinality="Single"><render_choice shuffle="no"><flow_label class="Block"><response_label ident="QUES_12422_12436_A42815"><flow_mat><material><mattext texttype="text/html">800</mattext></material></flow_mat></response_label></flow_label><flow_label class="Block"><response_label ident="QUES_12422_12436_A42816"><flow_mat><material><mattext texttype="text/html">-650</mattext></material></flow_mat></response_label></flow_label><flow_label class="Block"><response_label ident="QUES_12422_12436_A42817"><flow_mat><material><mattext texttype="text/html">-150</mattext></material></flow_mat></response_label></flow_label><flow_label class="Block"><response_label ident="QUES_12422_12436_A42818"><flow_mat><material><mattext texttype="text/html">100</mattext></material></flow_mat></response_label></flow_label></render_choice></response_lid></flow></presentation><resprocessing><respcondition title="Response Condition 1"><conditionvar><varequal respident="QUES_12422_12436_LID">QUES_12422_12436_A42815</varequal></conditionvar><setvar action="Set">0.000000000</setvar><displayfeedback feedbacktype="Response" linkrefid="QUES_12422_12436_IF42815" /></respcondition><respcondition title="Response Condition 2"><conditionvar><varequal respident="QUES_12422_12436_LID">QUES_12422_12436_A42816</varequal></conditionvar><setvar action="Set">0.000000000</setvar><displayfeedback feedbacktype="Response" linkrefid="QUES_12422_12436_IF42816" /></respcondition><respcondition title="Response Condition 3"><conditionvar><varequal respident="QUES_12422_12436_LID">QUES_12422_12436_A42817</varequal></conditionvar><setvar action="Set">0.000000000</setvar><displayfeedback feedbacktype="Response" linkrefid="QUES_12422_12436_IF42817" /></respcondition><respcondition title="Response Condition 4"><conditionvar><varequal respident="QUES_12422_12436_LID">QUES_12422_12436_A42818</varequal></conditionvar><setvar action="Set">100.000000000</setvar><displayfeedback feedbacktype="Response" linkrefid="QUES_12422_12436_IF42818" /></respcondition></resprocessing><itemfeedback ident="QUES_12422_12436_IF42815"><material><mattext texttype="text/plain" /></material></itemfeedback><itemfeedback ident="QUES_12422_12436_IF42816"><material><mattext texttype="text/plain" /></material></itemfeedback><itemfeedback ident="QUES_12422_12436_IF42817"><material><mattext texttype="text/plain" /></material></itemfeedback><itemfeedback ident="QUES_12422_12436_IF42818"><material><mattext texttype="text/plain" /></material></itemfeedback></item><item ident="OBJ_12537" label="QUES_12423_12437" d2l_2p0:page="1"><itemmetadata><qtimetadata><qti_metadatafield><fieldlabel>qmd_computerscored</fieldlabel><fieldentry>yes</fieldentry></qti_metadatafield><qti_metadatafield><fieldlabel>qmd_questiontype</fieldlabel><fieldentry>Multiple Choice</fieldentry></qti_metadatafield><qti_metadatafield><fieldlabel>qmd_weighting</fieldlabel><fieldentry>2.000000000</fieldentry></qti_metadatafield><qti_metadatafield><fieldlabel>qmd_globalid</fieldlabel><fieldentry>7cc2af66-f7f2-494d-a59a-714564f9b67f</fieldentry></qti_metadatafield><qti_metadatafield><fieldlabel>qmd_displayid</fieldlabel><fieldentry>IDL2021_S1_MASTER_2013_20160524113513-96</fieldentry></qti_metadatafield></qtimetadata></itemmetadata><itemproc_extension><d2l_2p0:difficulty>0</d2l_2p0:difficulty><d2l_2p0:isbonus>no</d2l_2p0:isbonus><d2l_2p0:ismandatory>yes</d2l_2p0:ismandatory></itemproc_extension><presentation><flow><material><mattext texttype="text/html">0 + (-19)&lt;br /&gt;</mattext></material><response_extension><d2l_2p0:display_style>2</d2l_2p0:display_style><d2l_2p0:enumeration>0</d2l_2p0:enumeration><d2l_2p0:grading_type>0</d2l_2p0:grading_type></response_extension><response_lid ident="QUES_12423_12437_LID" rcardinality="Single"><render_choice shuffle="no"><flow_label class="Block"><response_label ident="QUES_12423_12437_A42819"><flow_mat><material><mattext texttype="text/html">19</mattext></material></flow_mat></response_label></flow_label><flow_label class="Block"><response_label ident="QUES_12423_12437_A42820"><flow_mat><material><mattext texttype="text/html">20</mattext></material></flow_mat></response_label></flow_label><flow_label class="Block"><response_label ident="QUES_12423_12437_A42821"><flow_mat><material><mattext texttype="text/html">-38</mattext></material></flow_mat></response_label></flow_label><flow_label class="Block"><response_label ident="QUES_12423_12437_A42822"><flow_mat><material><mattext texttype="text/html">-19</mattext></material></flow_mat></response_label></flow_label></render_choice></response_lid></flow></presentation><resprocessing><respcondition title="Response Condition 1"><conditionvar><varequal respident="QUES_12423_12437_LID">QUES_12423_12437_A42819</varequal></conditionvar><setvar action="Set">0.000000000</setvar><displayfeedback feedbacktype="Response" linkrefid="QUES_12423_12437_IF42819" /></respcondition><respcondition title="Response Condition 2"><conditionvar><varequal respident="QUES_12423_12437_LID">QUES_12423_12437_A42820</varequal></conditionvar><setvar action="Set">0.000000000</setvar><displayfeedback feedbacktype="Response" linkrefid="QUES_12423_12437_IF42820" /></respcondition><respcondition title="Response Condition 3"><conditionvar><varequal respident="QUES_12423_12437_LID">QUES_12423_12437_A42821</varequal></conditionvar><setvar action="Set">0.000000000</setvar><displayfeedback feedbacktype="Response" linkrefid="QUES_12423_12437_IF42821" /></respcondition><respcondition title="Response Condition 4"><conditionvar><varequal respident="QUES_12423_12437_LID">QUES_12423_12437_A42822</varequal></conditionvar><setvar action="Set">100.000000000</setvar><displayfeedback feedbacktype="Response" linkrefid="QUES_12423_12437_IF42822" /></respcondition></resprocessing><itemfeedback ident="QUES_12423_12437_IF42819"><material><mattext texttype="text/plain" /></material></itemfeedback><itemfeedback ident="QUES_12423_12437_IF42820"><material><mattext texttype="text/plain" /></material></itemfeedback><itemfeedback ident="QUES_12423_12437_IF42821"><material><mattext texttype="text/plain" /></material></itemfeedback><itemfeedback ident="QUES_12423_12437_IF42822"><material><mattext texttype="text/plain" /></material></itemfeedback></item><item ident="OBJ_12538" label="QUES_12424_12438" d2l_2p0:page="1"><itemmetadata><qtimetadata><qti_metadatafield><fieldlabel>qmd_computerscored</fieldlabel><fieldentry>yes</fieldentry></qti_metadatafield><qti_metadatafield><fieldlabel>qmd_questiontype</fieldlabel><fieldentry>Long Answer</fieldentry></qti_metadatafield><qti_metadatafield><fieldlabel>qmd_weighting</fieldlabel><fieldentry>4.000000000</fieldentry></qti_metadatafield><qti_metadatafield><fieldlabel>qmd_globalid</fieldlabel><fieldentry>a9a5d230-3b4c-464d-8890-5b848173f9a6</fieldentry></qti_metadatafield><qti_metadatafield><fieldlabel>qmd_displayid</fieldlabel><fieldentry>IDL2021_S1_MASTER_2013_20160524113513-97</fieldentry></qti_metadatafield></qtimetadata></itemmetadata><itemproc_extension><d2l_2p0:difficulty>0</d2l_2p0:difficulty><d2l_2p0:isbonus>no</d2l_2p0:isbonus><d2l_2p0:ismandatory>yes</d2l_2p0:ismandatory></itemproc_extension><presentation><flow><material><mattext texttype="text/html">Answer the following question using the Math written response rubric as your guide.&lt;div&gt;&lt;br /&gt;&lt;/div&gt;&lt;div&gt;Anne has $33 in her purse.  She owes her brother for two CD's that cost $8 each and she wants to go to the movies with her friends.  Admission is $5 and popcorn costs $2.50.  How much money will she have left?&lt;/div&gt;&lt;div&gt;&lt;br /&gt;&lt;/div&gt;&lt;div&gt;Write a number sentence for the problem (show how you would add positive and negative numbers).  Identify your answer. Explain the process for combining positive and negative numbers with addition.&lt;/div&gt;</mattext></material><response_extension><d2l_2p0:has_signed_comments>no</d2l_2p0:has_signed_comments><d2l_2p0:has_htmleditor>yes</d2l_2p0:has_htmleditor></response_extension><response_str ident="QUES_12424_12438_STR" rcardinality="Multiple"><render_fib rows="0" columns="20" prompt="Box" fibtype="String"><response_label ident="QUES_12424_12438_LA"><material><mattext texttype="text/plain" /></material></response_label></render_fib></response_str></flow></presentation><answer_key><answer_key_material><flow_mat><material><mattext texttype="text/html">$33 - $8 - $8&lt;div&gt;&lt;br /&gt;&lt;/div&gt;&lt;div&gt;33 + (-8) + (-8) = 17&lt;/div&gt;&lt;div&gt;&lt;br /&gt;&lt;/div&gt;&lt;div&gt;Anne will have $17 left.&lt;/div&gt;&lt;div&gt;&lt;br /&gt;&lt;/div&gt;&lt;div&gt;When you subtract numbers you add their opposites.  Since the numbers have opposite signs, you subtract and keep the sign of the number with the larger absolute value.&lt;/div&gt;&lt;div&gt;&lt;br /&gt;&lt;/div&gt;&lt;div&gt;&lt;br /&gt;&lt;/div&gt;</mattext></material></flow_mat></answer_key_material></answer_key></item></section></assessment></questestinterop>