﻿<?xml version="1.0" encoding="UTF-8"?><questestinterop xmlns:d2l_2p0="http://desire2learn.com/xsd/d2lcp_v2p0"><assessment d2l_2p0:id="246" title="1.5.a  Subtracting Integers" ident="res_quiz_822" d2l_2p0:resource_code="e01706c3-9f52-46a4-908e-a7c782bfc36f"><rubric><flow_mat><material><mattext d2l_2p0:isdisplayed="yes" texttype="text/html">The assignment has 8 questions worth 2 points each and a written response question worth 4 points for a total of 20 points.</mattext></material></flow_mat></rubric><assessmentcontrol hintswitch="yes" solutionswitch="yes" feedbackswitch="no" /><presentation_material><flow_mat><material label="page header"><mattext d2l_2p0:isdisplayed="yes" texttype="text/plain" /></material><material label="page footer"><mattext d2l_2p0:isdisplayed="yes" texttype="text/plain" /></material></flow_mat></presentation_material><assess_procextension><d2l_2p0:intro_message d2l_2p0:isdisplayed="yes" texttype="text/html">Have a pencil, paper, and calculator ready. You may only do the assignment one time. Make sure and check your Math written response rubric when you do the written response. You must finish once you start.&lt;br /&gt;</d2l_2p0:intro_message><grade_item d2l_2p0:is_autoexport="yes" resource_code="04b58bc4-7e68-40ef-a559-6b08021bc956">2402</grade_item><d2l_2p0:disable_right_click>yes</d2l_2p0:disable_right_click><d2l_2p0:disable_pager_access>yes</d2l_2p0:disable_pager_access><is_active>yes</is_active><d2l_2p0:date_start /><d2l_2p0:date_end /><d2l_2p0:has_schedule_event>no</d2l_2p0:has_schedule_event><d2l_2p0:is_attempt_Rldb>no</d2l_2p0:is_attempt_Rldb><d2l_2p0:is_subview_Rldb>no</d2l_2p0:is_subview_Rldb><d2l_2p0:time_limit>120</d2l_2p0:time_limit><d2l_2p0:show_clock>yes</d2l_2p0:show_clock><d2l_2p0:enforce_time_limit>yes</d2l_2p0:enforce_time_limit><d2l_2p0:grace_period>5</d2l_2p0:grace_period><d2l_2p0:late_limit>1</d2l_2p0:late_limit><d2l_2p0:attempts_allowed>1</d2l_2p0:attempts_allowed><d2l_2p0:attempt_restrictions /><d2l_2p0:mark_calculation_type>1</d2l_2p0:mark_calculation_type><d2l_2p0:is_forward_only>no</d2l_2p0:is_forward_only></assess_procextension><section ident="CONTAINER_SECTION"><item ident="OBJ_12515" label="QUES_12401_12415" d2l_2p0:page="1"><itemmetadata><qtimetadata><qti_metadatafield><fieldlabel>qmd_computerscored</fieldlabel><fieldentry>yes</fieldentry></qti_metadatafield><qti_metadatafield><fieldlabel>qmd_questiontype</fieldlabel><fieldentry>Multiple Choice</fieldentry></qti_metadatafield><qti_metadatafield><fieldlabel>qmd_weighting</fieldlabel><fieldentry>2.000000000</fieldentry></qti_metadatafield><qti_metadatafield><fieldlabel>qmd_globalid</fieldlabel><fieldentry>0d859b92-4e89-42fa-9bee-c1e714efaf4e</fieldentry></qti_metadatafield><qti_metadatafield><fieldlabel>qmd_displayid</fieldlabel><fieldentry>IDL2021_S1_MASTER_2013_20160524113513-74</fieldentry></qti_metadatafield></qtimetadata></itemmetadata><itemproc_extension><d2l_2p0:difficulty>0</d2l_2p0:difficulty><d2l_2p0:isbonus>no</d2l_2p0:isbonus><d2l_2p0:ismandatory>yes</d2l_2p0:ismandatory></itemproc_extension><presentation><flow><material><mattext texttype="text/html">55 - 27&lt;br /&gt;</mattext></material><response_extension><d2l_2p0:display_style>2</d2l_2p0:display_style><d2l_2p0:enumeration>0</d2l_2p0:enumeration><d2l_2p0:grading_type>0</d2l_2p0:grading_type></response_extension><response_lid ident="QUES_12401_12415_LID" rcardinality="Single"><render_choice shuffle="no"><flow_label class="Block"><response_label ident="QUES_12401_12415_A42747"><flow_mat><material><mattext texttype="text/html">28</mattext></material></flow_mat></response_label></flow_label><flow_label class="Block"><response_label ident="QUES_12401_12415_A42748"><flow_mat><material><mattext texttype="text/html">-82</mattext></material></flow_mat></response_label></flow_label><flow_label class="Block"><response_label ident="QUES_12401_12415_A42749"><flow_mat><material><mattext texttype="text/html">27</mattext></material></flow_mat></response_label></flow_label><flow_label class="Block"><response_label ident="QUES_12401_12415_A42750"><flow_mat><material><mattext texttype="text/html">77</mattext></material></flow_mat></response_label></flow_label></render_choice></response_lid></flow></presentation><resprocessing><respcondition title="Response Condition 1"><conditionvar><varequal respident="QUES_12401_12415_LID">QUES_12401_12415_A42747</varequal></conditionvar><setvar action="Set">100.000000000</setvar><displayfeedback feedbacktype="Response" linkrefid="QUES_12401_12415_IF42747" /></respcondition><respcondition title="Response Condition 2"><conditionvar><varequal respident="QUES_12401_12415_LID">QUES_12401_12415_A42748</varequal></conditionvar><setvar action="Set">0.000000000</setvar><displayfeedback feedbacktype="Response" linkrefid="QUES_12401_12415_IF42748" /></respcondition><respcondition title="Response Condition 3"><conditionvar><varequal respident="QUES_12401_12415_LID">QUES_12401_12415_A42749</varequal></conditionvar><setvar action="Set">0.000000000</setvar><displayfeedback feedbacktype="Response" linkrefid="QUES_12401_12415_IF42749" /></respcondition><respcondition title="Response Condition 4"><conditionvar><varequal respident="QUES_12401_12415_LID">QUES_12401_12415_A42750</varequal></conditionvar><setvar action="Set">0.000000000</setvar><displayfeedback feedbacktype="Response" linkrefid="QUES_12401_12415_IF42750" /></respcondition></resprocessing><itemfeedback ident="QUES_12401_12415_IF42747"><material><mattext texttype="text/plain" /></material></itemfeedback><itemfeedback ident="QUES_12401_12415_IF42748"><material><mattext texttype="text/plain" /></material></itemfeedback><itemfeedback ident="QUES_12401_12415_IF42749"><material><mattext texttype="text/plain" /></material></itemfeedback><itemfeedback ident="QUES_12401_12415_IF42750"><material><mattext texttype="text/plain" /></material></itemfeedback></item><item ident="OBJ_12516" label="QUES_12402_12416" d2l_2p0:page="1"><itemmetadata><qtimetadata><qti_metadatafield><fieldlabel>qmd_computerscored</fieldlabel><fieldentry>yes</fieldentry></qti_metadatafield><qti_metadatafield><fieldlabel>qmd_questiontype</fieldlabel><fieldentry>Multiple Choice</fieldentry></qti_metadatafield><qti_metadatafield><fieldlabel>qmd_weighting</fieldlabel><fieldentry>2.000000000</fieldentry></qti_metadatafield><qti_metadatafield><fieldlabel>qmd_globalid</fieldlabel><fieldentry>9d7d6687-8f71-4066-8481-9d0285780fff</fieldentry></qti_metadatafield><qti_metadatafield><fieldlabel>qmd_displayid</fieldlabel><fieldentry>IDL2021_S1_MASTER_2013_20160524113513-75</fieldentry></qti_metadatafield></qtimetadata></itemmetadata><itemproc_extension><d2l_2p0:difficulty>0</d2l_2p0:difficulty><d2l_2p0:isbonus>no</d2l_2p0:isbonus><d2l_2p0:ismandatory>yes</d2l_2p0:ismandatory></itemproc_extension><presentation><flow><material><mattext texttype="text/html">-12 - 22&lt;br /&gt;</mattext></material><response_extension><d2l_2p0:display_style>2</d2l_2p0:display_style><d2l_2p0:enumeration>0</d2l_2p0:enumeration><d2l_2p0:grading_type>0</d2l_2p0:grading_type></response_extension><response_lid ident="QUES_12402_12416_LID" rcardinality="Single"><render_choice shuffle="no"><flow_label class="Block"><response_label ident="QUES_12402_12416_A42751"><flow_mat><material><mattext texttype="text/html">10</mattext></material></flow_mat></response_label></flow_label><flow_label class="Block"><response_label ident="QUES_12402_12416_A42752"><flow_mat><material><mattext texttype="text/html">31</mattext></material></flow_mat></response_label></flow_label><flow_label class="Block"><response_label ident="QUES_12402_12416_A42753"><flow_mat><material><mattext texttype="text/html">-34</mattext></material></flow_mat></response_label></flow_label><flow_label class="Block"><response_label ident="QUES_12402_12416_A42754"><flow_mat><material><mattext texttype="text/html">24</mattext></material></flow_mat></response_label></flow_label></render_choice></response_lid></flow></presentation><resprocessing><respcondition title="Response Condition 1"><conditionvar><varequal respident="QUES_12402_12416_LID">QUES_12402_12416_A42751</varequal></conditionvar><setvar action="Set">0.000000000</setvar><displayfeedback feedbacktype="Response" linkrefid="QUES_12402_12416_IF42751" /></respcondition><respcondition title="Response Condition 2"><conditionvar><varequal respident="QUES_12402_12416_LID">QUES_12402_12416_A42752</varequal></conditionvar><setvar action="Set">0.000000000</setvar><displayfeedback feedbacktype="Response" linkrefid="QUES_12402_12416_IF42752" /></respcondition><respcondition title="Response Condition 3"><conditionvar><varequal respident="QUES_12402_12416_LID">QUES_12402_12416_A42753</varequal></conditionvar><setvar action="Set">100.000000000</setvar><displayfeedback feedbacktype="Response" linkrefid="QUES_12402_12416_IF42753" /></respcondition><respcondition title="Response Condition 4"><conditionvar><varequal respident="QUES_12402_12416_LID">QUES_12402_12416_A42754</varequal></conditionvar><setvar action="Set">0.000000000</setvar><displayfeedback feedbacktype="Response" linkrefid="QUES_12402_12416_IF42754" /></respcondition></resprocessing><itemfeedback ident="QUES_12402_12416_IF42751"><material><mattext texttype="text/plain" /></material></itemfeedback><itemfeedback ident="QUES_12402_12416_IF42752"><material><mattext texttype="text/plain" /></material></itemfeedback><itemfeedback ident="QUES_12402_12416_IF42753"><material><mattext texttype="text/plain" /></material></itemfeedback><itemfeedback ident="QUES_12402_12416_IF42754"><material><mattext texttype="text/plain" /></material></itemfeedback></item><item ident="OBJ_12517" label="QUES_12403_12417" d2l_2p0:page="1"><itemmetadata><qtimetadata><qti_metadatafield><fieldlabel>qmd_computerscored</fieldlabel><fieldentry>yes</fieldentry></qti_metadatafield><qti_metadatafield><fieldlabel>qmd_questiontype</fieldlabel><fieldentry>Multiple Choice</fieldentry></qti_metadatafield><qti_metadatafield><fieldlabel>qmd_weighting</fieldlabel><fieldentry>2.000000000</fieldentry></qti_metadatafield><qti_metadatafield><fieldlabel>qmd_globalid</fieldlabel><fieldentry>fe5c2416-a147-41e8-a378-f7c22f8eb2f0</fieldentry></qti_metadatafield><qti_metadatafield><fieldlabel>qmd_displayid</fieldlabel><fieldentry>IDL2021_S1_MASTER_2013_20160524113513-76</fieldentry></qti_metadatafield></qtimetadata></itemmetadata><itemproc_extension><d2l_2p0:difficulty>0</d2l_2p0:difficulty><d2l_2p0:isbonus>no</d2l_2p0:isbonus><d2l_2p0:ismandatory>yes</d2l_2p0:ismandatory></itemproc_extension><presentation><flow><material><mattext texttype="text/html">50 - (-3)&lt;br /&gt;</mattext></material><response_extension><d2l_2p0:display_style>2</d2l_2p0:display_style><d2l_2p0:enumeration>0</d2l_2p0:enumeration><d2l_2p0:grading_type>0</d2l_2p0:grading_type></response_extension><response_lid ident="QUES_12403_12417_LID" rcardinality="Single"><render_choice shuffle="no"><flow_label class="Block"><response_label ident="QUES_12403_12417_A42755"><flow_mat><material><mattext texttype="text/html">47</mattext></material></flow_mat></response_label></flow_label><flow_label class="Block"><response_label ident="QUES_12403_12417_A42756"><flow_mat><material><mattext texttype="text/html">-53</mattext></material></flow_mat></response_label></flow_label><flow_label class="Block"><response_label ident="QUES_12403_12417_A42757"><flow_mat><material><mattext texttype="text/html">-63</mattext></material></flow_mat></response_label></flow_label><flow_label class="Block"><response_label ident="QUES_12403_12417_A42758"><flow_mat><material><mattext texttype="text/html">53</mattext></material></flow_mat></response_label></flow_label></render_choice></response_lid></flow></presentation><resprocessing><respcondition title="Response Condition 1"><conditionvar><varequal respident="QUES_12403_12417_LID">QUES_12403_12417_A42755</varequal></conditionvar><setvar action="Set">0.000000000</setvar><displayfeedback feedbacktype="Response" linkrefid="QUES_12403_12417_IF42755" /></respcondition><respcondition title="Response Condition 2"><conditionvar><varequal respident="QUES_12403_12417_LID">QUES_12403_12417_A42756</varequal></conditionvar><setvar action="Set">0.000000000</setvar><displayfeedback feedbacktype="Response" linkrefid="QUES_12403_12417_IF42756" /></respcondition><respcondition title="Response Condition 3"><conditionvar><varequal respident="QUES_12403_12417_LID">QUES_12403_12417_A42757</varequal></conditionvar><setvar action="Set">0.000000000</setvar><displayfeedback feedbacktype="Response" linkrefid="QUES_12403_12417_IF42757" /></respcondition><respcondition title="Response Condition 4"><conditionvar><varequal respident="QUES_12403_12417_LID">QUES_12403_12417_A42758</varequal></conditionvar><setvar action="Set">100.000000000</setvar><displayfeedback feedbacktype="Response" linkrefid="QUES_12403_12417_IF42758" /></respcondition></resprocessing><itemfeedback ident="QUES_12403_12417_IF42755"><material><mattext texttype="text/plain" /></material></itemfeedback><itemfeedback ident="QUES_12403_12417_IF42756"><material><mattext texttype="text/plain" /></material></itemfeedback><itemfeedback ident="QUES_12403_12417_IF42757"><material><mattext texttype="text/plain" /></material></itemfeedback><itemfeedback ident="QUES_12403_12417_IF42758"><material><mattext texttype="text/plain" /></material></itemfeedback></item><item ident="OBJ_12518" label="QUES_12404_12418" d2l_2p0:page="1"><itemmetadata><qtimetadata><qti_metadatafield><fieldlabel>qmd_computerscored</fieldlabel><fieldentry>yes</fieldentry></qti_metadatafield><qti_metadatafield><fieldlabel>qmd_questiontype</fieldlabel><fieldentry>Multiple Choice</fieldentry></qti_metadatafield><qti_metadatafield><fieldlabel>qmd_weighting</fieldlabel><fieldentry>2.000000000</fieldentry></qti_metadatafield><qti_metadatafield><fieldlabel>qmd_globalid</fieldlabel><fieldentry>7acfdd42-18fd-4b97-aec9-9438dd02b716</fieldentry></qti_metadatafield><qti_metadatafield><fieldlabel>qmd_displayid</fieldlabel><fieldentry>IDL2021_S1_MASTER_2013_20160524113513-77</fieldentry></qti_metadatafield></qtimetadata></itemmetadata><itemproc_extension><d2l_2p0:difficulty>0</d2l_2p0:difficulty><d2l_2p0:isbonus>no</d2l_2p0:isbonus><d2l_2p0:ismandatory>yes</d2l_2p0:ismandatory></itemproc_extension><presentation><flow><material><mattext texttype="text/html">-22 - (-7)&lt;br /&gt;</mattext></material><response_extension><d2l_2p0:display_style>2</d2l_2p0:display_style><d2l_2p0:enumeration>0</d2l_2p0:enumeration><d2l_2p0:grading_type>0</d2l_2p0:grading_type></response_extension><response_lid ident="QUES_12404_12418_LID" rcardinality="Single"><render_choice shuffle="no"><flow_label class="Block"><response_label ident="QUES_12404_12418_A42759"><flow_mat><material><mattext texttype="text/html">15</mattext></material></flow_mat></response_label></flow_label><flow_label class="Block"><response_label ident="QUES_12404_12418_A42760"><flow_mat><material><mattext texttype="text/html">-15</mattext></material></flow_mat></response_label></flow_label><flow_label class="Block"><response_label ident="QUES_12404_12418_A42761"><flow_mat><material><mattext texttype="text/html">29</mattext></material></flow_mat></response_label></flow_label><flow_label class="Block"><response_label ident="QUES_12404_12418_A42762"><flow_mat><material><mattext texttype="text/html">-29</mattext></material></flow_mat></response_label></flow_label></render_choice></response_lid></flow></presentation><resprocessing><respcondition title="Response Condition 1"><conditionvar><varequal respident="QUES_12404_12418_LID">QUES_12404_12418_A42759</varequal></conditionvar><setvar action="Set">0.000000000</setvar><displayfeedback feedbacktype="Response" linkrefid="QUES_12404_12418_IF42759" /></respcondition><respcondition title="Response Condition 2"><conditionvar><varequal respident="QUES_12404_12418_LID">QUES_12404_12418_A42760</varequal></conditionvar><setvar action="Set">100.000000000</setvar><displayfeedback feedbacktype="Response" linkrefid="QUES_12404_12418_IF42760" /></respcondition><respcondition title="Response Condition 3"><conditionvar><varequal respident="QUES_12404_12418_LID">QUES_12404_12418_A42761</varequal></conditionvar><setvar action="Set">0.000000000</setvar><displayfeedback feedbacktype="Response" linkrefid="QUES_12404_12418_IF42761" /></respcondition><respcondition title="Response Condition 4"><conditionvar><varequal respident="QUES_12404_12418_LID">QUES_12404_12418_A42762</varequal></conditionvar><setvar action="Set">0.000000000</setvar><displayfeedback feedbacktype="Response" linkrefid="QUES_12404_12418_IF42762" /></respcondition></resprocessing><itemfeedback ident="QUES_12404_12418_IF42759"><material><mattext texttype="text/plain" /></material></itemfeedback><itemfeedback ident="QUES_12404_12418_IF42760"><material><mattext texttype="text/plain" /></material></itemfeedback><itemfeedback ident="QUES_12404_12418_IF42761"><material><mattext texttype="text/plain" /></material></itemfeedback><itemfeedback ident="QUES_12404_12418_IF42762"><material><mattext texttype="text/plain" /></material></itemfeedback></item><item ident="OBJ_12519" label="QUES_12405_12419" d2l_2p0:page="1"><itemmetadata><qtimetadata><qti_metadatafield><fieldlabel>qmd_computerscored</fieldlabel><fieldentry>yes</fieldentry></qti_metadatafield><qti_metadatafield><fieldlabel>qmd_questiontype</fieldlabel><fieldentry>Multiple Choice</fieldentry></qti_metadatafield><qti_metadatafield><fieldlabel>qmd_weighting</fieldlabel><fieldentry>2.000000000</fieldentry></qti_metadatafield><qti_metadatafield><fieldlabel>qmd_globalid</fieldlabel><fieldentry>45f2a31d-17e5-4982-beb9-35bc28df5813</fieldentry></qti_metadatafield><qti_metadatafield><fieldlabel>qmd_displayid</fieldlabel><fieldentry>IDL2021_S1_MASTER_2013_20160524113513-78</fieldentry></qti_metadatafield></qtimetadata></itemmetadata><itemproc_extension><d2l_2p0:difficulty>0</d2l_2p0:difficulty><d2l_2p0:isbonus>no</d2l_2p0:isbonus><d2l_2p0:ismandatory>yes</d2l_2p0:ismandatory></itemproc_extension><presentation><flow><material><mattext texttype="text/html">-75 - 5&lt;br /&gt;</mattext></material><response_extension><d2l_2p0:display_style>2</d2l_2p0:display_style><d2l_2p0:enumeration>0</d2l_2p0:enumeration><d2l_2p0:grading_type>0</d2l_2p0:grading_type></response_extension><response_lid ident="QUES_12405_12419_LID" rcardinality="Single"><render_choice shuffle="no"><flow_label class="Block"><response_label ident="QUES_12405_12419_A42763"><flow_mat><material><mattext texttype="text/html">-80</mattext></material></flow_mat></response_label></flow_label><flow_label class="Block"><response_label ident="QUES_12405_12419_A42764"><flow_mat><material><mattext texttype="text/html">-70</mattext></material></flow_mat></response_label></flow_label><flow_label class="Block"><response_label ident="QUES_12405_12419_A42765"><flow_mat><material><mattext texttype="text/html">50</mattext></material></flow_mat></response_label></flow_label><flow_label class="Block"><response_label ident="QUES_12405_12419_A42766"><flow_mat><material><mattext texttype="text/html">70</mattext></material></flow_mat></response_label></flow_label></render_choice></response_lid></flow></presentation><resprocessing><respcondition title="Response Condition 1"><conditionvar><varequal respident="QUES_12405_12419_LID">QUES_12405_12419_A42763</varequal></conditionvar><setvar action="Set">100.000000000</setvar><displayfeedback feedbacktype="Response" linkrefid="QUES_12405_12419_IF42763" /></respcondition><respcondition title="Response Condition 2"><conditionvar><varequal respident="QUES_12405_12419_LID">QUES_12405_12419_A42764</varequal></conditionvar><setvar action="Set">0.000000000</setvar><displayfeedback feedbacktype="Response" linkrefid="QUES_12405_12419_IF42764" /></respcondition><respcondition title="Response Condition 3"><conditionvar><varequal respident="QUES_12405_12419_LID">QUES_12405_12419_A42765</varequal></conditionvar><setvar action="Set">0.000000000</setvar><displayfeedback feedbacktype="Response" linkrefid="QUES_12405_12419_IF42765" /></respcondition><respcondition title="Response Condition 4"><conditionvar><varequal respident="QUES_12405_12419_LID">QUES_12405_12419_A42766</varequal></conditionvar><setvar action="Set">0.000000000</setvar><displayfeedback feedbacktype="Response" linkrefid="QUES_12405_12419_IF42766" /></respcondition></resprocessing><itemfeedback ident="QUES_12405_12419_IF42763"><material><mattext texttype="text/plain" /></material></itemfeedback><itemfeedback ident="QUES_12405_12419_IF42764"><material><mattext texttype="text/plain" /></material></itemfeedback><itemfeedback ident="QUES_12405_12419_IF42765"><material><mattext texttype="text/plain" /></material></itemfeedback><itemfeedback ident="QUES_12405_12419_IF42766"><material><mattext texttype="text/plain" /></material></itemfeedback></item><item ident="OBJ_12520" label="QUES_12406_12420" d2l_2p0:page="1"><itemmetadata><qtimetadata><qti_metadatafield><fieldlabel>qmd_computerscored</fieldlabel><fieldentry>yes</fieldentry></qti_metadatafield><qti_metadatafield><fieldlabel>qmd_questiontype</fieldlabel><fieldentry>Multiple Choice</fieldentry></qti_metadatafield><qti_metadatafield><fieldlabel>qmd_weighting</fieldlabel><fieldentry>2.000000000</fieldentry></qti_metadatafield><qti_metadatafield><fieldlabel>qmd_globalid</fieldlabel><fieldentry>9a7d7068-3c10-43ef-a305-8a749a66dbaa</fieldentry></qti_metadatafield><qti_metadatafield><fieldlabel>qmd_displayid</fieldlabel><fieldentry>IDL2021_S1_MASTER_2013_20160524113513-79</fieldentry></qti_metadatafield></qtimetadata></itemmetadata><itemproc_extension><d2l_2p0:difficulty>0</d2l_2p0:difficulty><d2l_2p0:isbonus>no</d2l_2p0:isbonus><d2l_2p0:ismandatory>yes</d2l_2p0:ismandatory></itemproc_extension><presentation><flow><material><mattext texttype="text/html">-2 - 12 - (-5)&lt;br /&gt;</mattext></material><response_extension><d2l_2p0:display_style>2</d2l_2p0:display_style><d2l_2p0:enumeration>0</d2l_2p0:enumeration><d2l_2p0:grading_type>0</d2l_2p0:grading_type></response_extension><response_lid ident="QUES_12406_12420_LID" rcardinality="Single"><render_choice shuffle="no"><flow_label class="Block"><response_label ident="QUES_12406_12420_A42767"><flow_mat><material><mattext texttype="text/html">-9</mattext></material></flow_mat></response_label></flow_label><flow_label class="Block"><response_label ident="QUES_12406_12420_A42768"><flow_mat><material><mattext texttype="text/html">19</mattext></material></flow_mat></response_label></flow_label><flow_label class="Block"><response_label ident="QUES_12406_12420_A42769"><flow_mat><material><mattext texttype="text/html">-17</mattext></material></flow_mat></response_label></flow_label><flow_label class="Block"><response_label ident="QUES_12406_12420_A42770"><flow_mat><material><mattext texttype="text/html">19</mattext></material></flow_mat></response_label></flow_label></render_choice></response_lid></flow></presentation><resprocessing><respcondition title="Response Condition 1"><conditionvar><varequal respident="QUES_12406_12420_LID">QUES_12406_12420_A42767</varequal></conditionvar><setvar action="Set">100.000000000</setvar><displayfeedback feedbacktype="Response" linkrefid="QUES_12406_12420_IF42767" /></respcondition><respcondition title="Response Condition 2"><conditionvar><varequal respident="QUES_12406_12420_LID">QUES_12406_12420_A42768</varequal></conditionvar><setvar action="Set">0.000000000</setvar><displayfeedback feedbacktype="Response" linkrefid="QUES_12406_12420_IF42768" /></respcondition><respcondition title="Response Condition 3"><conditionvar><varequal respident="QUES_12406_12420_LID">QUES_12406_12420_A42769</varequal></conditionvar><setvar action="Set">0.000000000</setvar><displayfeedback feedbacktype="Response" linkrefid="QUES_12406_12420_IF42769" /></respcondition><respcondition title="Response Condition 4"><conditionvar><varequal respident="QUES_12406_12420_LID">QUES_12406_12420_A42770</varequal></conditionvar><setvar action="Set">0.000000000</setvar><displayfeedback feedbacktype="Response" linkrefid="QUES_12406_12420_IF42770" /></respcondition></resprocessing><itemfeedback ident="QUES_12406_12420_IF42767"><material><mattext texttype="text/plain" /></material></itemfeedback><itemfeedback ident="QUES_12406_12420_IF42768"><material><mattext texttype="text/plain" /></material></itemfeedback><itemfeedback ident="QUES_12406_12420_IF42769"><material><mattext texttype="text/plain" /></material></itemfeedback><itemfeedback ident="QUES_12406_12420_IF42770"><material><mattext texttype="text/plain" /></material></itemfeedback></item><item ident="OBJ_12521" label="QUES_12407_12421" d2l_2p0:page="1"><itemmetadata><qtimetadata><qti_metadatafield><fieldlabel>qmd_computerscored</fieldlabel><fieldentry>yes</fieldentry></qti_metadatafield><qti_metadatafield><fieldlabel>qmd_questiontype</fieldlabel><fieldentry>Multiple Choice</fieldentry></qti_metadatafield><qti_metadatafield><fieldlabel>qmd_weighting</fieldlabel><fieldentry>2.000000000</fieldentry></qti_metadatafield><qti_metadatafield><fieldlabel>qmd_globalid</fieldlabel><fieldentry>3d3f5697-10ef-46ff-948c-02c587a763bf</fieldentry></qti_metadatafield><qti_metadatafield><fieldlabel>qmd_displayid</fieldlabel><fieldentry>IDL2021_S1_MASTER_2013_20160524113513-80</fieldentry></qti_metadatafield></qtimetadata></itemmetadata><itemproc_extension><d2l_2p0:difficulty>0</d2l_2p0:difficulty><d2l_2p0:isbonus>no</d2l_2p0:isbonus><d2l_2p0:ismandatory>yes</d2l_2p0:ismandatory></itemproc_extension><presentation><flow><material><mattext texttype="text/html">5 - 11&lt;br /&gt;</mattext></material><response_extension><d2l_2p0:display_style>2</d2l_2p0:display_style><d2l_2p0:enumeration>0</d2l_2p0:enumeration><d2l_2p0:grading_type>0</d2l_2p0:grading_type></response_extension><response_lid ident="QUES_12407_12421_LID" rcardinality="Single"><render_choice shuffle="no"><flow_label class="Block"><response_label ident="QUES_12407_12421_A42771"><flow_mat><material><mattext texttype="text/html">16</mattext></material></flow_mat></response_label></flow_label><flow_label class="Block"><response_label ident="QUES_12407_12421_A42772"><flow_mat><material><mattext texttype="text/html">6</mattext></material></flow_mat></response_label></flow_label><flow_label class="Block"><response_label ident="QUES_12407_12421_A42773"><flow_mat><material><mattext texttype="text/html">-6</mattext></material></flow_mat></response_label></flow_label><flow_label class="Block"><response_label ident="QUES_12407_12421_A42774"><flow_mat><material><mattext texttype="text/html">5</mattext></material></flow_mat></response_label></flow_label></render_choice></response_lid></flow></presentation><resprocessing><respcondition title="Response Condition 1"><conditionvar><varequal respident="QUES_12407_12421_LID">QUES_12407_12421_A42771</varequal></conditionvar><setvar action="Set">0.000000000</setvar><displayfeedback feedbacktype="Response" linkrefid="QUES_12407_12421_IF42771" /></respcondition><respcondition title="Response Condition 2"><conditionvar><varequal respident="QUES_12407_12421_LID">QUES_12407_12421_A42772</varequal></conditionvar><setvar action="Set">0.000000000</setvar><displayfeedback feedbacktype="Response" linkrefid="QUES_12407_12421_IF42772" /></respcondition><respcondition title="Response Condition 3"><conditionvar><varequal respident="QUES_12407_12421_LID">QUES_12407_12421_A42773</varequal></conditionvar><setvar action="Set">100.000000000</setvar><displayfeedback feedbacktype="Response" linkrefid="QUES_12407_12421_IF42773" /></respcondition><respcondition title="Response Condition 4"><conditionvar><varequal respident="QUES_12407_12421_LID">QUES_12407_12421_A42774</varequal></conditionvar><setvar action="Set">0.000000000</setvar><displayfeedback feedbacktype="Response" linkrefid="QUES_12407_12421_IF42774" /></respcondition></resprocessing><itemfeedback ident="QUES_12407_12421_IF42771"><material><mattext texttype="text/plain" /></material></itemfeedback><itemfeedback ident="QUES_12407_12421_IF42772"><material><mattext texttype="text/plain" /></material></itemfeedback><itemfeedback ident="QUES_12407_12421_IF42773"><material><mattext texttype="text/plain" /></material></itemfeedback><itemfeedback ident="QUES_12407_12421_IF42774"><material><mattext texttype="text/plain" /></material></itemfeedback></item><item ident="OBJ_12522" label="QUES_12408_12422" d2l_2p0:page="1"><itemmetadata><qtimetadata><qti_metadatafield><fieldlabel>qmd_computerscored</fieldlabel><fieldentry>yes</fieldentry></qti_metadatafield><qti_metadatafield><fieldlabel>qmd_questiontype</fieldlabel><fieldentry>Multiple Choice</fieldentry></qti_metadatafield><qti_metadatafield><fieldlabel>qmd_weighting</fieldlabel><fieldentry>2.000000000</fieldentry></qti_metadatafield><qti_metadatafield><fieldlabel>qmd_globalid</fieldlabel><fieldentry>acc167ff-08ed-4282-b9d3-7bf4e05777f0</fieldentry></qti_metadatafield><qti_metadatafield><fieldlabel>qmd_displayid</fieldlabel><fieldentry>IDL2021_S1_MASTER_2013_20160524113513-81</fieldentry></qti_metadatafield></qtimetadata></itemmetadata><itemproc_extension><d2l_2p0:difficulty>0</d2l_2p0:difficulty><d2l_2p0:isbonus>no</d2l_2p0:isbonus><d2l_2p0:ismandatory>yes</d2l_2p0:ismandatory></itemproc_extension><presentation><flow><material><mattext texttype="text/html">20 - (10) + 10</mattext></material><response_extension><d2l_2p0:display_style>2</d2l_2p0:display_style><d2l_2p0:enumeration>0</d2l_2p0:enumeration><d2l_2p0:grading_type>0</d2l_2p0:grading_type></response_extension><response_lid ident="QUES_12408_12422_LID" rcardinality="Single"><render_choice shuffle="no"><flow_label class="Block"><response_label ident="QUES_12408_12422_A42775"><flow_mat><material><mattext texttype="text/html">40</mattext></material></flow_mat></response_label></flow_label><flow_label class="Block"><response_label ident="QUES_12408_12422_A42776"><flow_mat><material><mattext texttype="text/html">-40</mattext></material></flow_mat></response_label></flow_label><flow_label class="Block"><response_label ident="QUES_12408_12422_A42777"><flow_mat><material><mattext texttype="text/html">0</mattext></material></flow_mat></response_label></flow_label><flow_label class="Block"><response_label ident="QUES_12408_12422_A42778"><flow_mat><material><mattext texttype="text/html">20</mattext></material></flow_mat></response_label></flow_label></render_choice></response_lid></flow></presentation><resprocessing><respcondition title="Response Condition 1"><conditionvar><varequal respident="QUES_12408_12422_LID">QUES_12408_12422_A42775</varequal></conditionvar><setvar action="Set">0.000000000</setvar><displayfeedback feedbacktype="Response" linkrefid="QUES_12408_12422_IF42775" /></respcondition><respcondition title="Response Condition 2"><conditionvar><varequal respident="QUES_12408_12422_LID">QUES_12408_12422_A42776</varequal></conditionvar><setvar action="Set">0.000000000</setvar><displayfeedback feedbacktype="Response" linkrefid="QUES_12408_12422_IF42776" /></respcondition><respcondition title="Response Condition 3"><conditionvar><varequal respident="QUES_12408_12422_LID">QUES_12408_12422_A42777</varequal></conditionvar><setvar action="Set">0.000000000</setvar><displayfeedback feedbacktype="Response" linkrefid="QUES_12408_12422_IF42777" /></respcondition><respcondition title="Response Condition 4"><conditionvar><varequal respident="QUES_12408_12422_LID">QUES_12408_12422_A42778</varequal></conditionvar><setvar action="Set">100.000000000</setvar><displayfeedback feedbacktype="Response" linkrefid="QUES_12408_12422_IF42778" /></respcondition></resprocessing><itemfeedback ident="QUES_12408_12422_IF42775"><material><mattext texttype="text/plain" /></material></itemfeedback><itemfeedback ident="QUES_12408_12422_IF42776"><material><mattext texttype="text/plain" /></material></itemfeedback><itemfeedback ident="QUES_12408_12422_IF42777"><material><mattext texttype="text/plain" /></material></itemfeedback><itemfeedback ident="QUES_12408_12422_IF42778"><material><mattext texttype="text/plain" /></material></itemfeedback></item><item ident="OBJ_12523" label="QUES_12409_12423" d2l_2p0:page="1"><itemmetadata><qtimetadata><qti_metadatafield><fieldlabel>qmd_computerscored</fieldlabel><fieldentry>yes</fieldentry></qti_metadatafield><qti_metadatafield><fieldlabel>qmd_questiontype</fieldlabel><fieldentry>Long Answer</fieldentry></qti_metadatafield><qti_metadatafield><fieldlabel>qmd_weighting</fieldlabel><fieldentry>4.000000000</fieldentry></qti_metadatafield><qti_metadatafield><fieldlabel>qmd_globalid</fieldlabel><fieldentry>c5ace331-61be-44d7-923c-fee76f888721</fieldentry></qti_metadatafield><qti_metadatafield><fieldlabel>qmd_displayid</fieldlabel><fieldentry>IDL2021_S1_MASTER_2013_20160524113513-82</fieldentry></qti_metadatafield></qtimetadata></itemmetadata><itemproc_extension><d2l_2p0:difficulty>0</d2l_2p0:difficulty><d2l_2p0:isbonus>no</d2l_2p0:isbonus><d2l_2p0:ismandatory>yes</d2l_2p0:ismandatory></itemproc_extension><presentation><flow><material><mattext texttype="text/html">A plane is flying at an altitude of 22,000 ft.  The plane climbs 5,000 feet to fly above a storm and then descends 15,000 feet to continue the flight.  At what altitude is the plane now flying?  &lt;div&gt;&lt;br /&gt;&lt;/div&gt;&lt;div&gt;Write a number sentence for the problem.  Solve using the rules for combining positive and negative numbers. State your answer Explain how you used the rules for positive and negative integers in your solution.  Make sure and check the Math rubric for written response.&lt;/div&gt;</mattext></material><response_extension><d2l_2p0:has_signed_comments>no</d2l_2p0:has_signed_comments><d2l_2p0:has_htmleditor>yes</d2l_2p0:has_htmleditor></response_extension><response_str ident="QUES_12409_12423_STR" rcardinality="Multiple"><render_fib rows="0" columns="20" prompt="Box" fibtype="String"><response_label ident="QUES_12409_12423_LA"><material><mattext texttype="text/plain" /></material></response_label></render_fib></response_str></flow></presentation><answer_key><answer_key_material><flow_mat><material><mattext texttype="text/html">22,000 + 5,000 - $15,000&lt;div&gt;&lt;br /&gt;&lt;/div&gt;&lt;div&gt;22,000 + 5,000 + (-15,000) = 12,000&lt;/div&gt;&lt;div&gt;&lt;br /&gt;&lt;/div&gt;&lt;div&gt;The plane is now flying at 12,000 ft.&lt;/div&gt;&lt;div&gt;&lt;br /&gt;&lt;/div&gt;&lt;div&gt;Combine the first two numbers in the problem by using the rules for adding two numbers with the same sign, add and keep the sign.  This equals 27,000 and is positive since both of the numbers are positive.  Then combine 27,000 and the -15,000 by subtracting the values, since one is positive and one is negative.  The answer, 12,000 would be positive since the larger absolute value is from 27,000 and 27,000 is positive.&lt;/div&gt;</mattext></material></flow_mat></answer_key_material></answer_key></item></section></assessment></questestinterop>