﻿<?xml version="1.0" encoding="UTF-8"?><questestinterop xmlns:d2l_2p0="http://desire2learn.com/xsd/d2lcp_v2p0"><assessment d2l_2p0:id="281" title="Student Evaluation of IDEAL Courses" ident="res_survey_835"><rubric><flow_mat><material><mattext d2l_2p0:isdisplayed="yes" texttype="text/html">Please answer the questions about your online experience:&lt;br /&gt;</mattext></material></flow_mat></rubric><assessmentcontrol hintswitch="no" solutionswitch="no" feedbackswitch="no" /><presentation_material><flow_mat><material label="page footer"><mattext d2l_2p0:isdisplayed="no" texttype="text/plain" /></material></flow_mat></presentation_material><assess_procextension><d2l_2p0:submission_message texttype="text/plain" /><d2l_2p0:anonymous>yes</d2l_2p0:anonymous><d2l_2p0:instant_feedback>yes</d2l_2p0:instant_feedback><is_active>yes</is_active><d2l_2p0:date_start /><d2l_2p0:date_end /><d2l_2p0:has_schedule_event>no</d2l_2p0:has_schedule_event><d2l_2p0:attempts_allowed>1</d2l_2p0:attempts_allowed><d2l_2p0:is_forward_only>no</d2l_2p0:is_forward_only></assess_procextension><section ident="CONTAINER_SECTION"><item ident="OBJ_12593" label="QUES_12479_12493" d2l_2p0:page="1"><itemmetadata><qtimetadata><qti_metadatafield><fieldlabel>qmd_computerscored</fieldlabel><fieldentry>yes</fieldentry></qti_metadatafield><qti_metadatafield><fieldlabel>qmd_questiontype</fieldlabel><fieldentry>Multi-Select</fieldentry></qti_metadatafield><qti_metadatafield><fieldlabel>qmd_globalid</fieldlabel><fieldentry>a67e842c-bd14-449f-9696-0584146990d3</fieldentry></qti_metadatafield><qti_metadatafield><fieldlabel>qmd_displayid</fieldlabel><fieldentry>IDL2021_S1_MASTER_2013_20160524113513-152</fieldentry></qti_metadatafield></qtimetadata></itemmetadata><itemproc_extension><d2l_2p0:difficulty>1</d2l_2p0:difficulty><d2l_2p0:isbonus>no</d2l_2p0:isbonus><d2l_2p0:ismandatory>yes</d2l_2p0:ismandatory></itemproc_extension><presentation><flow><material><mattext texttype="text/html">&lt;h3 class="qHeader" style="font-weight: normal;"&gt;Which of the following technical problems have you experienced more than once?  (Choose all that apply.)&lt;/h3&gt;        </mattext></material><response_extension><d2l_2p0:display_style>2</d2l_2p0:display_style><d2l_2p0:enumeration>0</d2l_2p0:enumeration><d2l_2p0:grading_type>0</d2l_2p0:grading_type></response_extension><response_lid ident="QUES_12479_12493_LID" rcardinality="Multiple"><render_choice shuffle="no"><flow_label class="Block"><response_label ident="QUES_12479_12493_A42976"><flow_mat><material><mattext texttype="text/html">Audio/Music&lt;br /&gt;    </mattext></material></flow_mat></response_label></flow_label><flow_label class="Block"><response_label ident="QUES_12479_12493_A42977"><flow_mat><material><mattext texttype="text/html">Broken Links&lt;br /&gt;    </mattext></material></flow_mat></response_label></flow_label><flow_label class="Block"><response_label ident="QUES_12479_12493_A42978"><flow_mat><material><mattext texttype="text/html">Graphics&lt;br /&gt;    </mattext></material></flow_mat></response_label></flow_label><flow_label class="Block"><response_label ident="QUES_12479_12493_A42979"><flow_mat><material><mattext texttype="text/html">Navigating the Course&lt;br /&gt;    </mattext></material></flow_mat></response_label></flow_label><flow_label class="Block"><response_label ident="QUES_12479_12493_A42980"><flow_mat><material><mattext texttype="text/html">Opening Documents&lt;br /&gt;    </mattext></material></flow_mat></response_label></flow_label><flow_label class="Block"><response_label ident="QUES_12479_12493_A42981"><flow_mat><material><mattext texttype="text/html">Sending Assignments&lt;br /&gt;    </mattext></material></flow_mat></response_label></flow_label><flow_label class="Block"><response_label ident="QUES_12479_12493_A42982"><flow_mat><material><mattext texttype="text/html">Video&lt;br /&gt;  </mattext></material></flow_mat></response_label></flow_label></render_choice></response_lid></flow></presentation><resprocessing><outcomes><decvar vartype="Integer" defaultval="0" /></outcomes><respcondition title="Scoring for the correct answers" continue="yes"><conditionvar><not><varequal respident="QUES_12479_12493_LID">QUES_12479_12493_A42976</varequal><varequal respident="QUES_12479_12493_LID">QUES_12479_12493_A42977</varequal><varequal respident="QUES_12479_12493_LID">QUES_12479_12493_A42978</varequal><varequal respident="QUES_12479_12493_LID">QUES_12479_12493_A42979</varequal><varequal respident="QUES_12479_12493_LID">QUES_12479_12493_A42980</varequal><varequal respident="QUES_12479_12493_LID">QUES_12479_12493_A42981</varequal><varequal respident="QUES_12479_12493_LID">QUES_12479_12493_A42982</varequal></not></conditionvar><setvar action="Add">1</setvar></respcondition><respcondition title="Scoring for the incorrect answers" continue="no"><conditionvar><and><not><not><varequal respident="QUES_12479_12493_LID">QUES_12479_12493_A42976</varequal><varequal respident="QUES_12479_12493_LID">QUES_12479_12493_A42977</varequal><varequal respident="QUES_12479_12493_LID">QUES_12479_12493_A42978</varequal><varequal respident="QUES_12479_12493_LID">QUES_12479_12493_A42979</varequal><varequal respident="QUES_12479_12493_LID">QUES_12479_12493_A42980</varequal><varequal respident="QUES_12479_12493_LID">QUES_12479_12493_A42981</varequal><varequal respident="QUES_12479_12493_LID">QUES_12479_12493_A42982</varequal></not></not></and></conditionvar><setvar action="Add">0</setvar></respcondition></resprocessing><itemfeedback ident="QUES_12479_12493_IF42976"><material><mattext texttype="text/plain" /></material></itemfeedback><itemfeedback ident="QUES_12479_12493_IF42977"><material><mattext texttype="text/plain" /></material></itemfeedback><itemfeedback ident="QUES_12479_12493_IF42978"><material><mattext texttype="text/plain" /></material></itemfeedback><itemfeedback ident="QUES_12479_12493_IF42979"><material><mattext texttype="text/plain" /></material></itemfeedback><itemfeedback ident="QUES_12479_12493_IF42980"><material><mattext texttype="text/plain" /></material></itemfeedback><itemfeedback ident="QUES_12479_12493_IF42981"><material><mattext texttype="text/plain" /></material></itemfeedback><itemfeedback ident="QUES_12479_12493_IF42982"><material><mattext texttype="text/plain" /></material></itemfeedback></item><item ident="OBJ_12594" label="QUES_12480_12494" d2l_2p0:page="1"><itemmetadata><qtimetadata><qti_metadatafield><fieldlabel>qmd_computerscored</fieldlabel><fieldentry>yes</fieldentry></qti_metadatafield><qti_metadatafield><fieldlabel>qmd_questiontype</fieldlabel><fieldentry>Multi-Select</fieldentry></qti_metadatafield><qti_metadatafield><fieldlabel>qmd_globalid</fieldlabel><fieldentry>2688257b-e927-4c17-81ef-7ca56c169b2c</fieldentry></qti_metadatafield><qti_metadatafield><fieldlabel>qmd_displayid</fieldlabel><fieldentry>IDL2021_S1_MASTER_2013_20160524113513-153</fieldentry></qti_metadatafield></qtimetadata></itemmetadata><itemproc_extension><d2l_2p0:difficulty>1</d2l_2p0:difficulty><d2l_2p0:isbonus>no</d2l_2p0:isbonus><d2l_2p0:ismandatory>yes</d2l_2p0:ismandatory></itemproc_extension><presentation><flow><material><mattext texttype="text/html">&lt;h3 class="qHeader" style="font-weight: normal;"&gt;I chose to take this course because (choose as many options as apply):&lt;/h3&gt;            </mattext></material><response_extension><d2l_2p0:display_style>2</d2l_2p0:display_style><d2l_2p0:enumeration>0</d2l_2p0:enumeration><d2l_2p0:grading_type>0</d2l_2p0:grading_type></response_extension><response_lid ident="QUES_12480_12494_LID" rcardinality="Multiple"><render_choice shuffle="no"><flow_label class="Block"><response_label ident="QUES_12480_12494_A42983"><flow_mat><material><mattext texttype="text/html">I needed credits to graduate before the end of the school year (December 2012).&lt;br /&gt;            </mattext></material></flow_mat></response_label></flow_label><flow_label class="Block"><response_label ident="QUES_12480_12494_A42984"><flow_mat><material><mattext texttype="text/html">I needed credits to graduate in 2013 or later.&lt;br /&gt;            </mattext></material></flow_mat></response_label></flow_label><flow_label class="Block"><response_label ident="QUES_12480_12494_A42985"><flow_mat><material><mattext texttype="text/html">I am planning to graduate early.&lt;br /&gt;            </mattext></material></flow_mat></response_label></flow_label><flow_label class="Block"><response_label ident="QUES_12480_12494_A42986"><flow_mat><material><mattext texttype="text/html">I had scheduling conflicts (time or teacher).&lt;br /&gt;          </mattext></material></flow_mat></response_label></flow_label><flow_label class="Block"><response_label ident="QUES_12480_12494_A42987"><flow_mat><material><mattext texttype="text/html">My school did not offer a needed or wanted class.&lt;br /&gt;          </mattext></material></flow_mat></response_label></flow_label><flow_label class="Block"><response_label ident="QUES_12480_12494_A42988"><flow_mat><material><mattext texttype="text/html">I needed the credits due to failing a class.&lt;br /&gt;          </mattext></material></flow_mat></response_label></flow_label><flow_label class="Block"><response_label ident="QUES_12480_12494_A42989"><flow_mat><material><mattext texttype="text/html">I wanted to take an online course.&lt;br /&gt;          </mattext></material></flow_mat></response_label></flow_label><flow_label class="Block"><response_label ident="QUES_12480_12494_A42990"><flow_mat><material><mattext texttype="text/html">I wanted more flexibility in my school day.&lt;br /&gt;          </mattext></material></flow_mat></response_label></flow_label><flow_label class="Block"><response_label ident="QUES_12480_12494_A42991"><flow_mat><material><mattext texttype="text/html">Parent encouraged me.&lt;br /&gt;          </mattext></material></flow_mat></response_label></flow_label><flow_label class="Block"><response_label ident="QUES_12480_12494_A42992"><flow_mat><material><mattext texttype="text/html">School encouraged me.&lt;br /&gt;          </mattext></material></flow_mat></response_label></flow_label></render_choice></response_lid></flow></presentation><resprocessing><outcomes><decvar vartype="Integer" defaultval="0" /></outcomes><respcondition title="Scoring for the correct answers" continue="yes"><conditionvar><not><varequal respident="QUES_12480_12494_LID">QUES_12480_12494_A42983</varequal><varequal respident="QUES_12480_12494_LID">QUES_12480_12494_A42984</varequal><varequal respident="QUES_12480_12494_LID">QUES_12480_12494_A42985</varequal><varequal respident="QUES_12480_12494_LID">QUES_12480_12494_A42986</varequal><varequal respident="QUES_12480_12494_LID">QUES_12480_12494_A42987</varequal><varequal respident="QUES_12480_12494_LID">QUES_12480_12494_A42988</varequal><varequal respident="QUES_12480_12494_LID">QUES_12480_12494_A42989</varequal><varequal respident="QUES_12480_12494_LID">QUES_12480_12494_A42990</varequal><varequal respident="QUES_12480_12494_LID">QUES_12480_12494_A42991</varequal><varequal respident="QUES_12480_12494_LID">QUES_12480_12494_A42992</varequal></not></conditionvar><setvar action="Add">1</setvar></respcondition><respcondition title="Scoring for the incorrect answers" continue="no"><conditionvar><and><not><not><varequal respident="QUES_12480_12494_LID">QUES_12480_12494_A42983</varequal><varequal respident="QUES_12480_12494_LID">QUES_12480_12494_A42984</varequal><varequal respident="QUES_12480_12494_LID">QUES_12480_12494_A42985</varequal><varequal respident="QUES_12480_12494_LID">QUES_12480_12494_A42986</varequal><varequal respident="QUES_12480_12494_LID">QUES_12480_12494_A42987</varequal><varequal respident="QUES_12480_12494_LID">QUES_12480_12494_A42988</varequal><varequal respident="QUES_12480_12494_LID">QUES_12480_12494_A42989</varequal><varequal respident="QUES_12480_12494_LID">QUES_12480_12494_A42990</varequal><varequal respident="QUES_12480_12494_LID">QUES_12480_12494_A42991</varequal><varequal respident="QUES_12480_12494_LID">QUES_12480_12494_A42992</varequal></not></not></and></conditionvar><setvar action="Add">0</setvar></respcondition></resprocessing><itemfeedback ident="QUES_12480_12494_IF42983"><material><mattext texttype="text/plain" /></material></itemfeedback><itemfeedback ident="QUES_12480_12494_IF42984"><material><mattext texttype="text/plain" /></material></itemfeedback><itemfeedback ident="QUES_12480_12494_IF42985"><material><mattext texttype="text/plain" /></material></itemfeedback><itemfeedback ident="QUES_12480_12494_IF42986"><material><mattext texttype="text/plain" /></material></itemfeedback><itemfeedback ident="QUES_12480_12494_IF42987"><material><mattext texttype="text/plain" /></material></itemfeedback><itemfeedback ident="QUES_12480_12494_IF42988"><material><mattext texttype="text/plain" /></material></itemfeedback><itemfeedback ident="QUES_12480_12494_IF42989"><material><mattext texttype="text/plain" /></material></itemfeedback><itemfeedback ident="QUES_12480_12494_IF42990"><material><mattext texttype="text/plain" /></material></itemfeedback><itemfeedback ident="QUES_12480_12494_IF42991"><material><mattext texttype="text/plain" /></material></itemfeedback><itemfeedback ident="QUES_12480_12494_IF42992"><material><mattext texttype="text/plain" /></material></itemfeedback></item></section></assessment></questestinterop>