﻿<?xml version="1.0" encoding="UTF-8"?><questestinterop xmlns:d2l_2p0="http://desire2learn.com/xsd/d2lcp_v2p0"><assessment d2l_2p0:id="280" title="Assignment W1.2:  Survey" ident="res_survey_834"><rubric><flow_mat><material><mattext d2l_2p0:isdisplayed="yes" texttype="text/html">This survey will help me to know how you learn and how to help you learn.&lt;br /&gt;</mattext></material></flow_mat></rubric><assessmentcontrol hintswitch="no" solutionswitch="no" feedbackswitch="no" /><presentation_material><flow_mat><material label="page footer"><mattext d2l_2p0:isdisplayed="no" texttype="text/plain" /></material></flow_mat></presentation_material><assess_procextension><d2l_2p0:submission_message texttype="text/plain" /><d2l_2p0:anonymous>yes</d2l_2p0:anonymous><d2l_2p0:instant_feedback>yes</d2l_2p0:instant_feedback><is_active>yes</is_active><d2l_2p0:date_start /><d2l_2p0:date_end /><d2l_2p0:has_schedule_event>no</d2l_2p0:has_schedule_event><d2l_2p0:attempts_allowed>1</d2l_2p0:attempts_allowed><d2l_2p0:is_forward_only>no</d2l_2p0:is_forward_only></assess_procextension><section ident="CONTAINER_SECTION" /></assessment></questestinterop>