﻿

<Message type="debug" date="6/7/2016" time="03:06:52.9156662">Load():Package type recognized as bb_9_1</Message>
<Message type="debug" date="6/7/2016" time="03:06:53.0404678">Move folder contents to new location.
Source path: \\fs-idealnmsupp\dfsr002\temp\159\ix\6754\tmpc7edcd86\csfiles
Destination path: \\fs-idealnmsupp\dfsr002\temp\159\ix\6754\tmpc7edcd86\csfiles</Message>
<Message type="debug" date="6/7/2016" time="03:06:53.0404678">Move folder contents to new location.
Source path: \\fs-idealnmsupp\dfsr002\temp\159\ix\6754\tmpc7edcd86\glossary
Destination path: \\fs-idealnmsupp\dfsr002\temp\159\ix\6754\tmpc7edcd86\glossary</Message>
<Message type="debug" date="6/7/2016" time="03:06:53.0404678">Move folder contents to new location.
Source path: \\fs-idealnmsupp\dfsr002\temp\159\ix\6754\tmpc7edcd86\ppg
Destination path: \\fs-idealnmsupp\dfsr002\temp\159\ix\6754\tmpc7edcd86\ppg</Message>
<Message type="debug" date="6/7/2016" time="03:06:53.1028686">Move folder contents to new location.
Source path: \\fs-idealnmsupp\dfsr002\temp\159\ix\6754\tmpc7edcd86\res00001
Destination path: \\fs-idealnmsupp\dfsr002\temp\159\ix\6754\tmpc7edcd86\PreAlgebraSemester1Master(Update2014)</Message>
<Message type="debug" date="6/7/2016" time="03:06:53.1028686">Move folder contents to new location.
Source path: \\fs-idealnmsupp\dfsr002\temp\159\ix\6754\tmpc7edcd86\res00060
Destination path: \\fs-idealnmsupp\dfsr002\temp\159\ix\6754\tmpc7edcd86\Introduce Youself!</Message>
<Message type="debug" date="6/7/2016" time="03:06:53.1184688">Move folder contents to new location.
Source path: \\fs-idealnmsupp\dfsr002\temp\159\ix\6754\tmpc7edcd86\res00061
Destination path: \\fs-idealnmsupp\dfsr002\temp\159\ix\6754\tmpc7edcd86\GS Pacing Guide Activity</Message>
<Message type="debug" date="6/7/2016" time="03:06:53.1340690">Move folder contents to new location.
Source path: \\fs-idealnmsupp\dfsr002\temp\159\ix\6754\tmpc7edcd86\res00109
Destination path: \\fs-idealnmsupp\dfsr002\temp\159\ix\6754\tmpc7edcd86\2.2.a  Algebraic Expressions</Message>
<Message type="debug" date="6/7/2016" time="03:06:53.1496692">Move folder contents to new location.
Source path: \\fs-idealnmsupp\dfsr002\temp\159\ix\6754\tmpc7edcd86\res00132
Destination path: \\fs-idealnmsupp\dfsr002\temp\159\ix\6754\tmpc7edcd86\3.4  Solving Equations With Multiplication and Div</Message>
<Message type="debug" date="6/7/2016" time="03:06:53.1652694">Move folder contents to new location.
Source path: \\fs-idealnmsupp\dfsr002\temp\159\ix\6754\tmpc7edcd86\res00137
Destination path: \\fs-idealnmsupp\dfsr002\temp\159\ix\6754\tmpc7edcd86\3.6   Inequalities and Their Graphs</Message>
<Message type="debug" date="6/7/2016" time="03:06:53.1808696">Move folder contents to new location.
Source path: \\fs-idealnmsupp\dfsr002\temp\159\ix\6754\tmpc7edcd86\res00139
Destination path: \\fs-idealnmsupp\dfsr002\temp\159\ix\6754\tmpc7edcd86\3.4.a  Solving Equations with Multiplication and D</Message>
<Message type="debug" date="6/7/2016" time="03:06:53.1964698">Move folder contents to new location.
Source path: \\fs-idealnmsupp\dfsr002\temp\159\ix\6754\tmpc7edcd86\res00145
Destination path: \\fs-idealnmsupp\dfsr002\temp\159\ix\6754\tmpc7edcd86\3.6a   Solving Inequalities</Message>
<Message type="debug" date="6/7/2016" time="03:06:53.2120700">Move folder contents to new location.
Source path: \\fs-idealnmsupp\dfsr002\temp\159\ix\6754\tmpc7edcd86\res00146
Destination path: \\fs-idealnmsupp\dfsr002\temp\159\ix\6754\tmpc7edcd86\3.3.a   Solving Equations with Add &amp; Subtract</Message>
<Message type="debug" date="6/7/2016" time="03:06:53.2276702">Move folder contents to new location.
Source path: \\fs-idealnmsupp\dfsr002\temp\159\ix\6754\tmpc7edcd86\res00171
Destination path: \\fs-idealnmsupp\dfsr002\temp\159\ix\6754\tmpc7edcd86\4.2  Measures of Central Tendency</Message>
<Message type="debug" date="6/7/2016" time="03:06:53.2432704">Move folder contents to new location.
Source path: \\fs-idealnmsupp\dfsr002\temp\159\ix\6754\tmpc7edcd86\res00172
Destination path: \\fs-idealnmsupp\dfsr002\temp\159\ix\6754\tmpc7edcd86\4.2.a   Measures of Central Tendency</Message>
<Message type="debug" date="6/7/2016" time="03:06:53.2588706">Move folder contents to new location.
Source path: \\fs-idealnmsupp\dfsr002\temp\159\ix\6754\tmpc7edcd86\res00177
Destination path: \\fs-idealnmsupp\dfsr002\temp\159\ix\6754\tmpc7edcd86\4.3.a  Formulas</Message>
<Message type="debug" date="6/7/2016" time="03:06:53.2744708">Move folder contents to new location.
Source path: \\fs-idealnmsupp\dfsr002\temp\159\ix\6754\tmpc7edcd86\res00197
Destination path: \\fs-idealnmsupp\dfsr002\temp\159\ix\6754\tmpc7edcd86\5.7 Scientific Notation</Message>
<Message type="debug" date="6/7/2016" time="03:06:53.2900710">Move folder contents to new location.
Source path: \\fs-idealnmsupp\dfsr002\temp\159\ix\6754\tmpc7edcd86\res00198
Destination path: \\fs-idealnmsupp\dfsr002\temp\159\ix\6754\tmpc7edcd86\5.6 Multiplying Exponents</Message>
<Message type="debug" date="6/7/2016" time="03:06:53.3524718">Move folder contents to new location.
Source path: \\fs-idealnmsupp\dfsr002\temp\159\ix\6754\tmpc7edcd86\res00200
Destination path: \\fs-idealnmsupp\dfsr002\temp\159\ix\6754\tmpc7edcd86\5.4 Simplifying Fractions</Message>
<Message type="debug" date="6/7/2016" time="03:06:53.3680720">Move folder contents to new location.
Source path: \\fs-idealnmsupp\dfsr002\temp\159\ix\6754\tmpc7edcd86\res00201
Destination path: \\fs-idealnmsupp\dfsr002\temp\159\ix\6754\tmpc7edcd86\5.3   Greatest Common Factor and Prime Factorizati</Message>
<Message type="debug" date="6/7/2016" time="03:06:53.3836722">Move folder contents to new location.
Source path: \\fs-idealnmsupp\dfsr002\temp\159\ix\6754\tmpc7edcd86\res00202
Destination path: \\fs-idealnmsupp\dfsr002\temp\159\ix\6754\tmpc7edcd86\5.2  Exponents</Message>
<Message type="debug" date="6/7/2016" time="03:06:53.3992724">Move folder contents to new location.
Source path: \\fs-idealnmsupp\dfsr002\temp\159\ix\6754\tmpc7edcd86\res00205
Destination path: \\fs-idealnmsupp\dfsr002\temp\159\ix\6754\tmpc7edcd86\5.3.a  Finding Factors with Venn Diagrams</Message>
<Message type="debug" date="6/7/2016" time="03:06:53.4148726">Move folder contents to new location.
Source path: \\fs-idealnmsupp\dfsr002\temp\159\ix\6754\tmpc7edcd86\res00221
Destination path: \\fs-idealnmsupp\dfsr002\temp\159\ix\6754\tmpc7edcd86\6.1 Ratios and Rates</Message>
<Message type="debug" date="6/7/2016" time="03:06:53.4304728">Move folder contents to new location.
Source path: \\fs-idealnmsupp\dfsr002\temp\159\ix\6754\tmpc7edcd86\res00223
Destination path: \\fs-idealnmsupp\dfsr002\temp\159\ix\6754\tmpc7edcd86\6.5 Percents</Message>
<Message type="debug" date="6/7/2016" time="03:06:53.4460730">Move folder contents to new location.
Source path: \\fs-idealnmsupp\dfsr002\temp\159\ix\6754\tmpc7edcd86\res00224
Destination path: \\fs-idealnmsupp\dfsr002\temp\159\ix\6754\tmpc7edcd86\6.4 Percents, Decimals, Fractions</Message>
<Message type="debug" date="6/7/2016" time="03:06:53.4616732">Move folder contents to new location.
Source path: \\fs-idealnmsupp\dfsr002\temp\159\ix\6754\tmpc7edcd86\res00225
Destination path: \\fs-idealnmsupp\dfsr002\temp\159\ix\6754\tmpc7edcd86\6.3 Similar Figures</Message>
<Message type="debug" date="6/7/2016" time="03:06:53.4772734">Move folder contents to new location.
Source path: \\fs-idealnmsupp\dfsr002\temp\159\ix\6754\tmpc7edcd86\res00232
Destination path: \\fs-idealnmsupp\dfsr002\temp\159\ix\6754\tmpc7edcd86\6.4.a Ordering Percents, Fractions, and Decimals</Message>
<Message type="debug" date="6/7/2016" time="03:06:53.4928736">Move folder contents to new location.
Source path: \\fs-idealnmsupp\dfsr002\temp\159\ix\6754\tmpc7edcd86\res00239
Destination path: \\fs-idealnmsupp\dfsr002\temp\159\ix\6754\tmpc7edcd86\Semester 1 Final Exam</Message>
<Message type="debug" date="6/7/2016" time="03:06:53.5084738">Move folder contents to new location.
Source path: \\fs-idealnmsupp\dfsr002\temp\159\ix\6754\tmpc7edcd86\res00243
Destination path: \\fs-idealnmsupp\dfsr002\temp\159\ix\6754\tmpc7edcd86\Rubrics</Message>
<Message type="debug" date="6/7/2016" time="03:06:53.5240740">Move folder contents to new location.
Source path: \\fs-idealnmsupp\dfsr002\temp\159\ix\6754\tmpc7edcd86\res00348
Destination path: \\fs-idealnmsupp\dfsr002\temp\159\ix\6754\tmpc7edcd86\collab</Message>
<Message type="debug" date="6/7/2016" time="03:06:53.5396742">Move folder contents to new location.
Source path: \\fs-idealnmsupp\dfsr002\temp\159\ix\6754\tmpc7edcd86\res00351
Destination path: \\fs-idealnmsupp\dfsr002\temp\159\ix\6754\tmpc7edcd86\collab</Message>
<Message type="debug" date="6/7/2016" time="03:06:53.5552744">Move folder contents to new location.
Source path: \\fs-idealnmsupp\dfsr002\temp\159\ix\6754\tmpc7edcd86\res00352
Destination path: \\fs-idealnmsupp\dfsr002\temp\159\ix\6754\tmpc7edcd86\collab</Message>
<Message type="debug" date="6/7/2016" time="03:06:53.5552744">Move folder contents to new location.
Source path: \\fs-idealnmsupp\dfsr002\temp\159\ix\6754\tmpc7edcd86\res00353
Destination path: \\fs-idealnmsupp\dfsr002\temp\159\ix\6754\tmpc7edcd86\collab</Message>